run_id,sweep,agent,propulsion,mission,cost_model,seed,pairing,family,train_steps_requested,eval_episodes,status,learns,protocol_version,report_policy,selection_metric,train_env_steps,eval_env_steps,n_updates,wall_train_s,wall_eval_s,wall_total_s,wall_update_s,act_seconds,act_ms_per_step,planning_sim_steps,num_parameters,n_val_seeds,n_test_seeds,val_seed_lo,test_seed_lo,best_at_step,best_reloaded,norm_frozen,uses_constraints,n_episodes,success_rate,return,return_std,progress,delta_v_m_s,propellant_kg,trip_time_days,wear_fraction,constraint_violations,constraint_cost,terminal_error,payload_delivered_kg,throttle_mean,throttle_saturated_frac,throttle_off_frac,operating_point_mean,throttled_frac,cost_per_kg_delivered,cost_per_kg_delivered_n_finite,cost_total,cost_total_n_finite,cost_per_delta_v,cost_per_delta_v_n_finite,figure_of_merit,figure_of_merit_n_finite,termination_reason_mode,throttled_by_mode,final_n_episodes,final_success_rate,final_return,final_return_std,final_progress,final_delta_v_m_s,final_propellant_kg,final_trip_time_days,final_wear_fraction,final_constraint_violations,final_constraint_cost,final_terminal_error,final_payload_delivered_kg,final_throttle_mean,final_throttle_saturated_frac,final_throttle_off_frac,final_operating_point_mean,final_throttled_frac,final_cost_per_kg_delivered,final_cost_per_kg_delivered_n_finite,final_cost_total,final_cost_total_n_finite,final_cost_per_delta_v,final_cost_per_delta_v_n_finite,final_figure_of_merit,final_figure_of_merit_n_finite,final_termination_reason_mode,final_throttled_by_mode,best_n_episodes,best_success_rate,best_return,best_return_std,best_progress,best_delta_v_m_s,best_propellant_kg,best_trip_time_days,best_wear_fraction,best_constraint_violations,best_constraint_cost,best_terminal_error,best_payload_delivered_kg,best_throttle_mean,best_throttle_saturated_frac,best_throttle_off_frac,best_operating_point_mean,best_throttled_frac,best_cost_per_kg_delivered,best_cost_per_kg_delivered_n_finite,best_cost_total,best_cost_total_n_finite,best_cost_per_delta_v,best_cost_per_delta_v_n_finite,best_figure_of_merit,best_figure_of_merit_n_finite,best_termination_reason_mode,best_throttled_by_mode,cached,train_policy_loss,train_value_loss,train_entropy,train_approx_kl,train_clip_fraction,train_explained_variance,train_epochs_run,train_early_stopped,train_skipped_minibatches,train_n_updates,train_total_steps,train_log_std,train_critic_loss,train_actor_loss,train_alpha_loss,train_q1_mean,train_q2_mean,train_target_q_mean,train_alpha,train_buffer_size,train_skipped_updates
a1bfa62c530c,my_pilot_nuclear,random,hall_hermes,mars_crew_fast,reference,0,random@hall_hermes,electric,50000,4,ok,False,3,best,return,0,36960,0,3.440000000409782e-07,8.966082949002157,8.975583752002422,0.0,0.6334204000668251,158.35510001670627,0.0,0,3,4,700000000,900000000,0,False,True,False,4,0.0,-268.12750886312847,0.06836897643028061,0.0002040847609069696,52.13460362066764,280.2303151950781,220.0,0.14011515759753906,0.75,0.021016640712746133,196583252055.17517,0.0,0.5011803264518014,0.010416666666666668,0.008901515151515152,0.5030048041971343,0.0004261363636363636,,0,16524448.741560917,4,,0,0.0,4,timeout,thermal,4,0.0,-268.12750886312847,0.06836897643028061,0.0002040847609069696,52.13460362066764,280.2303151950781,220.0,0.14011515759753906,0.75,0.021016640712746133,196583252055.17517,0.0,0.5011803264518014,0.010416666666666668,0.008901515151515152,0.5030048041971343,0.0004261363636363636,,0,16524448.741560917,4,,0,0.0,4,timeout,thermal,4,0.0,-268.12750886312847,0.06836897643028061,0.0002040847609069696,52.13460362066764,280.2303151950781,220.0,0.14011515759753906,0.75,0.021016640712746133,196583252055.17517,0.0,0.5011803264518014,0.010416666666666668,0.008901515151515152,0.5030048041971343,0.0004261363636363636,,0,16524448.741560917,4,,0,0.0,4,timeout,thermal,True,,,,,,,,,,,,,,,,,,,,,
43a9e350eb7c,my_pilot_nuclear,max_thrust,hall_hermes,mars_crew_fast,reference,0,max_thrust@hall_hermes,electric,50000,4,ok,False,3,best,return,0,36960,0,3.3800097298808396e-07,8.799851746000058,8.813386358000571,0.0,0.6002389803688857,150.05974509222142,0.0,0,3,4,700000000,900000000,0,False,True,False,4,0.0,-270.2520095361864,0.6361041090169169,0.012232345015576407,126.84741828294669,923.5538846266246,220.0,0.46177694231331234,125.25,1.3783797449981436,194346400032.82666,0.0,1.0,1.0,0.0,0.0,0.04299242424242424,,0,19897515.7109099,4,,0,0.0,4,timeout,thermal,4,0.0,-270.2520095361864,0.6361041090169169,0.012232345015576407,126.84741828294669,923.5538846266246,220.0,0.46177694231331234,125.25,1.3783797449981436,194346400032.82666,0.0,1.0,1.0,0.0,0.0,0.04299242424242424,,0,19897515.7109099,4,,0,0.0,4,timeout,thermal,4,0.0,-270.2520095361864,0.6361041090169169,0.012232345015576407,126.84741828294669,923.5538846266246,220.0,0.46177694231331234,125.25,1.3783797449981436,194346400032.82666,0.0,1.0,1.0,0.0,0.0,0.04299242424242424,,0,19897515.7109099,4,,0,0.0,4,timeout,thermal,True,,,,,,,,,,,,,,,,,,,,,
ba32180cd0d7,my_pilot_nuclear,prograde,hall_hermes,mars_crew_fast,reference,0,prograde@hall_hermes,electric,50000,4,ok,False,3,best,return,0,36960,0,3.1099989428184927e-07,8.802934518000257,8.812037792999035,0.0,0.5947495092368627,148.68737730921566,0.0,0,3,4,700000000,900000000,0,False,True,False,4,0.0,-268.1833477581864,0.5828820867213028,0.010428530318534385,99.40037680202002,517.2876383130834,220.0,0.2586438191565418,25.0,0.26865092399547796,194921169301.08325,0.0,1.0,1.0,0.0,0.5,0.008522727272727272,,0,17767385.056109726,4,,0,0.0,4,timeout,none,4,0.0,-268.1833477581864,0.5828820867213028,0.010428530318534385,99.40037680202002,517.2876383130834,220.0,0.2586438191565418,25.0,0.26865092399547796,194921169301.08325,0.0,1.0,1.0,0.0,0.5,0.008522727272727272,,0,17767385.056109726,4,,0,0.0,4,timeout,none,4,0.0,-268.1833477581864,0.5828820867213028,0.010428530318534385,99.40037680202002,517.2876383130834,220.0,0.2586438191565418,25.0,0.26865092399547796,194921169301.08325,0.0,1.0,1.0,0.0,0.5,0.008522727272727272,,0,17767385.056109726,4,,0,0.0,4,timeout,none,True,,,,,,,,,,,,,,,,,,,,,
f747fd606236,my_pilot_nuclear,ppo,hall_hermes,mars_crew_fast,reference,0,ppo@hall_hermes,electric,50000,4,ok,True,3,best,return,50000,232320,50000,108.93207247800092,86.29523046699978,131.40752227399935,0.023633566994249122,12.346023509217048,0.2469007181268908,0.0,152075,3,4,700000000,900000000,15840,True,True,False,4,0.0,-267.4345886443546,0.18743732681336295,0.0037888426406566533,46.06560011394738,230.11588446055134,220.0,0.11505794223027566,0.0,0.0,195623114451.05676,0.0,0.46142343904710176,0.0,0.0,0.5427647818190356,0.0,,0,16261689.316863129,4,,0,0.0,4,timeout,none,4,0.0,-267.45079839518826,0.329834737125289,0.0054429386295491156,51.87950519655791,271.1060240616881,220.0,0.13555301203084408,0.0,0.0,195721901514.46637,0.0,0.5044517470396717,0.0,0.0,0.48166701635204706,0.0,,0,16476608.359981308,4,,0,0.0,4,timeout,none,4,0.0,-267.4345886443546,0.18743732681336295,0.0037888426406566533,46.06560011394738,230.11588446055134,220.0,0.11505794223027566,0.0,0.0,195623114451.05676,0.0,0.46142343904710176,0.0,0.0,0.5427647818190356,0.0,,0,16261689.316863129,4,,0,0.0,4,timeout,none,True,-0.013405057447380386,0.6915772812091745,6.7897215887904165,0.013850047331652604,0.18955078125,0.14952564239501953,10.0,0.0,0.0,24.0,49152.0,-0.06297151744365692,,,,,,,,,
39ac6bf7fc58,my_pilot_nuclear,sac,hall_hermes,mars_crew_fast,reference,0,sac@hall_hermes,electric,50000,4,ok,True,3,best,return,50000,232320,50000,471.551345363001,69.2038200379975,489.35983369600217,399.06127272499725,6.837896034572623,0.13674698093297782,0.0,231437,3,4,700000000,900000000,0,True,True,False,4,0.0,-267.3435675422146,0.35914818692724404,0.00585992130879906,50.9014171682537,260.77479621581824,220.0,0.13038739810790914,0.0,0.0,195746575145.4492,0.0,0.500572117957089,0.0,0.0,0.5009419015919169,0.0,,0,16422439.781282233,4,,0,0.0,4,timeout,none,4,0.0,-267.958006958751,0.2803978203230551,0.00019312764412934835,40.34930698402187,210.92028533403746,220.0,0.11888295067219498,2.25,0.026329836369439176,196689110426.7843,0.0,0.3961879528536828,0.0046875,0.00014204545454545454,0.6300078165844422,0.0009943181818181817,,0,16161043.165459538,4,,0,0.0,4,timeout,thermal,4,0.0,-267.3435675422146,0.35914818692724404,0.00585992130879906,50.9014171682537,260.77479621581824,220.0,0.13038739810790914,0.0,0.0,195746575145.4492,0.0,0.500572117957089,0.0,0.0,0.5009419015919169,0.0,,0,16422439.781282233,4,,0,0.0,4,timeout,none,True,,,-4.841646194458008,,,,,,,50000.0,50000.0,,0.0030976152047514915,-3.4587063789367676,0.0007686547469347715,3.367274045944214,3.361816883087158,3.3634157180786133,0.004854253493249416,50000.0,0.0
4b7c4c21f707,my_pilot_nuclear,random,ion_next,mars_crew_fast,reference,0,random@ion_next,electric,50000,4,ok,False,3,best,return,0,36960,0,3.5499760997481644e-07,9.09072770900093,9.093831682999735,0.0,0.6412007652725151,160.30019131812878,0.0,0,3,4,700000000,900000000,0,False,True,False,4,0.0,-274.7117508942801,1.9248722891253174,0.000153352835936843,13.690902012545415,50.90848821068788,220.0,0.10284895833333334,418.0,74.10771583126183,196580362481.59552,0.0,0.5016389766566907,0.009564393939393939,0.010795454545454546,0.4994903040993394,0.41993371212121217,,0,14433768.307579953,4,,0,0.0,4,timeout,perveance,4,0.0,-274.7117508942801,1.9248722891253174,0.000153352835936843,13.690902012545415,50.90848821068788,220.0,0.10284895833333334,418.0,74.10771583126183,196580362481.59552,0.0,0.5016389766566907,0.009564393939393939,0.010795454545454546,0.4994903040993394,0.41993371212121217,,0,14433768.307579953,4,,0,0.0,4,timeout,perveance,4,0.0,-274.7117508942801,1.9248722891253174,0.000153352835936843,13.690902012545415,50.90848821068788,220.0,0.10284895833333334,418.0,74.10771583126183,196580362481.59552,0.0,0.5016389766566907,0.009564393939393939,0.010795454545454546,0.4994903040993394,0.41993371212121217,,0,14433768.307579953,4,,0,0.0,4,timeout,perveance,True,,,,,,,,,,,,,,,,,,,,,
fd298a7bf09f,my_pilot_nuclear,max_thrust,ion_next,mars_crew_fast,reference,0,max_thrust@ion_next,electric,50000,4,ok,False,3,best,return,0,36960,0,3.5999983083456755e-07,8.896589113999653,8.899507399000868,0.0,0.6041991527599748,151.0497881899937,0.0,0,3,4,700000000,900000000,0,False,True,False,4,0.0,-267.70677127058707,0.0628262582699067,0.0005261274436832997,3.6544895011859313,26.40551267358123,220.0,0.11,0.0,0.0,196523724960.72443,0.0,1.0,1.0,0.0,0.0,1.0,,0,14305294.579331491,4,,0,0.0,4,timeout,perveance,4,0.0,-267.70677127058707,0.0628262582699067,0.0005261274436832997,3.6544895011859313,26.40551267358123,220.0,0.11,0.0,0.0,196523724960.72443,0.0,1.0,1.0,0.0,0.0,1.0,,0,14305294.579331491,4,,0,0.0,4,timeout,perveance,4,0.0,-267.70677127058707,0.0628262582699067,0.0005261274436832997,3.6544895011859313,26.40551267358123,220.0,0.11,0.0,0.0,196523724960.72443,0.0,1.0,1.0,0.0,0.0,1.0,,0,14305294.579331491,4,,0,0.0,4,timeout,perveance,True,,,,,,,,,,,,,,,,,,,,,
4ea52625afb4,my_pilot_nuclear,prograde,ion_next,mars_crew_fast,reference,0,prograde@ion_next,electric,50000,4,ok,False,3,best,return,0,36960,0,4.039975465275347e-07,8.561145768002461,8.563749184999324,0.0,0.5979807942167099,149.49519855417748,0.0,0,3,4,700000000,900000000,0,False,True,False,4,0.0,-299.96807907573213,17.032467047683166,0.0026049222709350894,21.703170856726025,79.89660823739659,220.0,0.09987076029674574,1402.75,344.24355069346467,196193719689.74902,0.0,1.0,1.0,0.0,0.5,0.9806344696969698,,0,14585758.495428994,4,,0,0.0,4,timeout,perveance,4,0.0,-299.96807907573213,17.032467047683166,0.0026049222709350894,21.703170856726025,79.89660823739659,220.0,0.09987076029674574,1402.75,344.24355069346467,196193719689.74902,0.0,1.0,1.0,0.0,0.5,0.9806344696969698,,0,14585758.495428994,4,,0,0.0,4,timeout,perveance,4,0.0,-299.96807907573213,17.032467047683166,0.0026049222709350894,21.703170856726025,79.89660823739659,220.0,0.09987076029674574,1402.75,344.24355069346467,196193719689.74902,0.0,1.0,1.0,0.0,0.5,0.9806344696969698,,0,14585758.495428994,4,,0,0.0,4,timeout,perveance,True,,,,,,,,,,,,,,,,,,,,,
bad4a9ee6ab9,my_pilot_nuclear,ppo,ion_next,mars_crew_fast,reference,0,ppo@ion_next,electric,50000,4,ok,True,3,best,return,50000,232320,50000,110.40070202500283,88.1155593880103,133.21607973699793,0.02339897800629842,12.34170920230099,0.24681443889090854,0.0,152075,3,4,700000000,900000000,0,True,True,False,4,0.0,-267.4778938413765,0.1776496380236114,0.002563434036249923,20.73533210195873,76.40353615716222,220.0,0.11,0.0,0.0,196245602759.732,0.0,0.49774168021835835,0.0,0.0,0.5025520699268038,0.0,,0,14567443.658828488,4,,0,0.0,4,timeout,none,4,0.0,-268.41767001786985,0.9445367245864794,0.0016353840457765112,15.334251421942668,53.73079895693142,220.0,0.108796875,87.75,8.927148415562385,196266538555.52158,0.0,0.40044200493615456,0.0,0.0,0.5624919135490376,0.03314393939393939,,0,14448566.215829771,4,,0,0.0,4,timeout,thermal,4,0.0,-267.4778938413765,0.1776496380236114,0.002563434036249923,20.73533210195873,76.40353615716222,220.0,0.11,0.0,0.0,196245602759.732,0.0,0.49774168021835835,0.0,0.0,0.5025520699268038,0.0,,0,14567443.658828488,4,,0,0.0,4,timeout,none,True,-0.010131809905578848,0.681483004783513,6.866398926079273,0.011016733531141654,0.15126953125,0.2630056142807007,10.0,0.0,0.0,24.0,49152.0,-0.04788156598806381,,,,,,,,,
d881f0b1b741,my_pilot_nuclear,sac,ion_next,mars_crew_fast,reference,0,sac@ion_next,electric,50000,4,ok,True,3,best,return,50000,232320,50000,476.73083725700053,69.42073651199098,494.49737535799795,404.2790517090034,6.780137744943204,0.13559190754626038,0.0,231437,3,4,700000000,900000000,0,True,True,False,4,0.0,-267.47660945133293,0.1777644870428871,0.0025756736125502055,20.878854151315892,77.02346821551737,220.0,0.11,0.0,0.0,196240092400.98242,0.0,0.5005984547773771,0.0,0.0,0.5009515819478442,0.0,,0,14570694.079687659,4,,0,0.0,4,timeout,none,4,0.0,-269.85515987828205,4.0624484258815725,0.000169805755541097,6.152723324954628,29.743298849843747,220.0,0.10733333333333332,153.25,22.35330425435311,196630535458.04803,0.0,0.3772570182131886,0.07675189393939394,0.08224431818181818,0.31544783266656323,0.5565814393939393,,0,14322795.222610967,4,,0,0.0,4,timeout,perveance,4,0.0,-267.47660945133293,0.1777644870428871,0.0025756736125502055,20.878854151315892,77.02346821551737,220.0,0.11,0.0,0.0,196240092400.98242,0.0,0.5005984547773771,0.0,0.0,0.5009515819478442,0.0,,0,14570694.079687659,4,,0,0.0,4,timeout,none,True,,,-4.7373046875,,,,,,,50000.0,50000.0,,0.001537039875984192,-2.832263946533203,0.0008191490778699517,2.7755367755889893,2.779064655303955,2.768432140350342,0.0031181483063846827,50000.0,0.0
553579c11134,my_pilot_nuclear,random,nep_brayton,mars_crew_fast,reference,0,random@nep_brayton,nuclear,50000,4,ok,False,3,best,return,0,36960,0,3.980021574534476e-07,12.441814273999626,12.44498850400123,0.0,0.6886135739805468,172.1533934951367,0.0,0,3,4,700000000,900000000,0,False,True,False,4,0.0,-274.46109766801067,1.7420472714789497,0.0036099374618304148,3531.315368775943,12210.018035304809,220.0,0.6105009017652404,0.0,0.0,196020631837.11572,0.0,0.5009232715647103,0.010464015151515151,0.009517045454545455,0.4997968572657555,0.32007575757575757,,0,1152904785.9279737,4,,0,0.0,4,timeout,perveance,4,0.0,-274.46109766801067,1.7420472714789497,0.0036099374618304148,3531.315368775943,12210.018035304809,220.0,0.6105009017652404,0.0,0.0,196020631837.11572,0.0,0.5009232715647103,0.010464015151515151,0.009517045454545455,0.4997968572657555,0.32007575757575757,,0,1152904785.9279737,4,,0,0.0,4,timeout,perveance,4,0.0,-274.46109766801067,1.7420472714789497,0.0036099374618304148,3531.315368775943,12210.018035304809,220.0,0.6105009017652404,0.0,0.0,196020631837.11572,0.0,0.5009232715647103,0.010464015151515151,0.009517045454545455,0.4997968572657555,0.32007575757575757,,0,1152904785.9279737,4,,0,0.0,4,timeout,perveance,True,,,,,,,,,,,,,,,,,,,,,
94c11b8bd298,my_pilot_nuclear,max_thrust,nep_brayton,mars_crew_fast,reference,0,max_thrust@nep_brayton,nuclear,50000,4,ok,False,3,best,return,0,36960,0,2.799970388878137e-07,12.097769983000035,12.101114468998276,0.0,0.6986972921113193,174.67432302782981,0.0,0,3,4,700000000,900000000,0,False,True,False,4,0.0,-257.6881322079863,2.394945445568699,0.139661921606993,1870.3098833899257,9454.402082889705,220.0,0.4727201041444852,0.0,0.0,168594122570.018,0.0,1.0,1.0,0.0,0.0,1.0,,0,1138456571.0778394,4,,0,0.0,4,timeout,perveance,4,0.0,-257.6881322079863,2.394945445568699,0.139661921606993,1870.3098833899257,9454.402082889705,220.0,0.4727201041444852,0.0,0.0,168594122570.018,0.0,1.0,1.0,0.0,0.0,1.0,,0,1138456571.0778394,4,,0,0.0,4,timeout,perveance,4,0.0,-257.6881322079863,2.394945445568699,0.139661921606993,1870.3098833899257,9454.402082889705,220.0,0.4727201041444852,0.0,0.0,168594122570.018,0.0,1.0,1.0,0.0,0.0,1.0,,0,1138456571.0778394,4,,0,0.0,4,timeout,perveance,True,,,,,,,,,,,,,,,,,,,,,
9b6e0a3c0e9e,my_pilot_nuclear,prograde,nep_brayton,mars_crew_fast,reference,0,prograde@nep_brayton,nuclear,50000,4,ok,False,3,best,return,0,28580,0,3.8699727156199515e-07,9.253684389997943,9.256638087997999,0.0,0.4652721969578124,116.3180492394531,0.0,0,3,4,700000000,900000000,0,False,True,False,4,0.0,-176.94025150403388,6.066016681792302,0.16817747453796056,5694.33229356613,20003.365068002477,169.83333333333334,1.0,0.0,0.0,102516064800.80618,0.0,1.0,1.0,0.0,0.5,1.0,,0,1181898161.4933555,4,,0,0.0,4,hardware_failure,perveance,4,0.0,-176.94025150403388,6.066016681792302,0.16817747453796056,5694.33229356613,20003.365068002477,169.83333333333334,1.0,0.0,0.0,102516064800.80618,0.0,1.0,1.0,0.0,0.5,1.0,,0,1181898161.4933555,4,,0,0.0,4,hardware_failure,perveance,4,0.0,-176.94025150403388,6.066016681792302,0.16817747453796056,5694.33229356613,20003.365068002477,169.83333333333334,1.0,0.0,0.0,102516064800.80618,0.0,1.0,1.0,0.0,0.5,1.0,,0,1181898161.4933555,4,,0,0.0,4,hardware_failure,perveance,True,,,,,,,,,,,,,,,,,,,,,
3a1f5b450f5c,my_pilot_nuclear,ppo,nep_brayton,mars_crew_fast,reference,0,ppo@nep_brayton,nuclear,50000,4,ok,True,3,best,return,50000,226385,50000,135.585596025001,113.55400187399209,164.64782294299948,0.023355631994490977,13.558888797153486,0.2711560834563932,0.0,152075,3,4,700000000,900000000,26400,True,True,False,4,0.0,-193.93381553283518,3.7080629171842596,0.2653389443981889,5658.54430709283,20001.369483468916,206.94791666666666,1.0,0.0,0.0,161567649535.03918,0.0,0.6142723955684087,0.0,0.0,0.4866576265694337,0.32674762438457944,,0,1190659972.141343,4,,0,0.0,4,hardware_failure,perveance,4,0.0,-258.57592069005125,3.5311227637650004,0.18683232955418372,4633.560338104498,17176.16587571631,220.0,0.8588082937858155,0.0,0.0,129577352225.54004,0.0,0.5231273095645576,0.0,0.0,0.37929086933110023,0.3632575757575758,,0,1178943236.93669,4,,0,0.0,4,timeout,perveance,4,0.0,-193.93381553283518,3.7080629171842596,0.2653389443981889,5658.54430709283,20001.369483468916,206.94791666666666,1.0,0.0,0.0,161567649535.03918,0.0,0.6142723955684087,0.0,0.0,0.4866576265694337,0.32674762438457944,,0,1190659972.141343,4,,0,0.0,4,hardware_failure,perveance,True,-0.010125460558629128,0.6478676038881531,7.132282635569572,0.012879482115386054,0.188720703125,0.920011579990387,10.0,0.0,0.0,24.0,49152.0,0.007201620377600193,,,,,,,,,
5600f58914e6,my_pilot_nuclear,sac,nep_brayton,mars_crew_fast,reference,0,sac@nep_brayton,nuclear,50000,4,ok,True,3,best,return,50000,232320,50000,496.51157893100026,92.45010125099725,519.6712397820011,402.02694273900124,7.136725469630619,0.14272309154528875,0.0,231437,3,4,700000000,900000000,0,True,True,False,4,0.0,-233.65189788419735,6.358336192957941,0.38632341951806987,4850.748591559416,16892.6442513805,220.0,0.8446322125690249,0.0,0.0,126502853217.155,0.0,0.5006414127677228,0.0,0.0,0.5004381505462031,0.0,,0,1177456679.5158448,4,,0,0.0,4,timeout,none,4,0.0,-286.38926700073665,7.567646966331628,0.0,3649.2140593369586,14572.227510269619,220.0,0.728611375513481,0.0,0.0,210006744572.96652,0.0,0.8182103270975252,0.10104166666666667,0.000946969696969697,0.25398399787390546,0.895028409090909,,0,1165290296.320089,4,,0,0.0,4,timeout,perveance,4,0.0,-233.65189788419735,6.358336192957941,0.38632341951806987,4850.748591559416,16892.6442513805,220.0,0.8446322125690249,0.0,0.0,126502853217.155,0.0,0.5006414127677228,0.0,0.0,0.5004381505462031,0.0,,0,1177456679.5158448,4,,0,0.0,4,timeout,none,True,,,-4.708740711212158,,,,,,,50000.0,50000.0,,0.00609210878610611,-7.0500922203063965,0.0013550196308642626,6.913311958312988,6.917494297027588,6.894454479217529,0.004652538802474737,50000.0,0.0
b7db30ef3712,my_pilot_nuclear,random,ntp_nerva,mars_crew_fast,reference,0,random@ntp_nerva,nuclear,50000,4,ok,False,3,best,return,0,7,0,3.079985617659986e-07,0.013894256997446064,0.01648831900092773,0.0,0.00016026600133045577,0.04006650033261394,0.0,0,3,4,700000000,900000000,0,False,True,False,4,0.0,-103.2899726982487,19.708259028243504,0.0,4263.847547572642,53000.0,0.041666666666666664,0.025,0.0,0.0,156550961578.83923,0.0,0.5954067409038544,0.0,0.0,0.6383014097809792,0.0,,0,1355980939.9252167,4,,0,0.0,4,out_of_propellant,none,4,0.0,-103.2899726982487,19.708259028243504,0.0,4263.847547572642,53000.0,0.041666666666666664,0.025,0.0,0.0,156550961578.83923,0.0,0.5954067409038544,0.0,0.0,0.6383014097809792,0.0,,0,1355980939.9252167,4,,0,0.0,4,out_of_propellant,none,4,0.0,-103.2899726982487,19.708259028243504,0.0,4263.847547572642,53000.0,0.041666666666666664,0.025,0.0,0.0,156550961578.83923,0.0,0.5954067409038544,0.0,0.0,0.6383014097809792,0.0,,0,1355980939.9252167,4,,0,0.0,4,out_of_propellant,none,True,,,,,,,,,,,,,,,,,,,,,
dc2220facea9,my_pilot_nuclear,max_thrust,ntp_nerva,mars_crew_fast,reference,0,max_thrust@ntp_nerva,nuclear,50000,4,ok,False,3,best,return,0,7,0,2.9299917514435947e-07,0.010819983999681426,0.012970267998753116,0.0,0.0001648659999773372,0.0412164999943343,0.0,0,3,4,700000000,900000000,0,False,True,False,4,0.0,-67.08758570450385,4.341756885119033,0.106877336070071,3917.7199280863615,53000.0,0.041666666666666664,0.025,0.0,0.0,156542584535.07547,0.0,1.0,1.0,0.0,0.0,1.0,,0,1355980939.9252167,4,,0,0.0,4,out_of_propellant,thermal,4,0.0,-67.08758570450385,4.341756885119033,0.106877336070071,3917.7199280863615,53000.0,0.041666666666666664,0.025,0.0,0.0,156542584535.07547,0.0,1.0,1.0,0.0,0.0,1.0,,0,1355980939.9252167,4,,0,0.0,4,out_of_propellant,thermal,4,0.0,-67.08758570450385,4.341756885119033,0.106877336070071,3917.7199280863615,53000.0,0.041666666666666664,0.025,0.0,0.0,156542584535.07547,0.0,1.0,1.0,0.0,0.0,1.0,,0,1355980939.9252167,4,,0,0.0,4,out_of_propellant,thermal,True,,,,,,,,,,,,,,,,,,,,,
e8553ff572e1,my_pilot_nuclear,prograde,ntp_nerva,mars_crew_fast,reference,0,prograde@ntp_nerva,nuclear,50000,4,ok,False,3,best,return,0,7,0,2.3200118448585272e-07,0.011690511000779225,0.01378559899967513,0.0,0.00014685700080008246,0.036714250200020615,0.0,0,3,4,700000000,900000000,0,False,True,False,4,0.0,-64.89953737624205,4.770784686414406,0.12571000004489596,4162.214082987979,53000.0,0.041666666666666664,0.025,0.0,0.0,156542435030.60526,0.0,1.0,1.0,0.0,0.5,1.0,,0,1355980939.9252167,4,,0,0.0,4,out_of_propellant,thermal,4,0.0,-64.89953737624205,4.770784686414406,0.12571000004489596,4162.214082987979,53000.0,0.041666666666666664,0.025,0.0,0.0,156542435030.60526,0.0,1.0,1.0,0.0,0.5,1.0,,0,1355980939.9252167,4,,0,0.0,4,out_of_propellant,thermal,4,0.0,-64.89953737624205,4.770784686414406,0.12571000004489596,4162.214082987979,53000.0,0.041666666666666664,0.025,0.0,0.0,156542435030.60526,0.0,1.0,1.0,0.0,0.5,1.0,,0,1355980939.9252167,4,,0,0.0,4,out_of_propellant,thermal,True,,,,,,,,,,,,,,,,,,,,,
e370338ee017,my_pilot_nuclear,ppo,ntp_nerva,mars_crew_fast,reference,0,ppo@ntp_nerva,nuclear,50000,4,ok,True,3,best,return,50000,53,50000,112.4304204,0.11407850199611858,112.47945689100015,0.12228361090819817,11.791994820934633,0.23582103073623376,0.0,152075,3,4,700000000,900000000,40000,True,True,False,4,0.0,-64.65190301024559,5.9329822775099785,0.12752089834366978,4262.531773413283,53000.0,0.041666666666666664,0.025,0.0,0.0,156544085716.94012,0.0,0.5257910266518593,0.0,0.0,0.6266787499189377,0.0,,0,1355980939.9252167,4,,0,0.0,4,out_of_propellant,none,4,0.0,-64.55003476658277,6.3682377073495315,0.1283009921733405,4304.314460995874,53000.0,0.06249999999999999,0.027147913605662773,0.0,0.0,156515903703.77423,0.0,0.513726718723774,0.125,0.0,0.6568559631705284,0.125,,0,1355990370.2060924,4,,0,0.0,4,out_of_propellant,none,4,0.0,-64.65190301024559,5.9329822775099785,0.12752089834366978,4262.531773413283,53000.0,0.041666666666666664,0.025,0.0,0.0,156544085716.94012,0.0,0.5257910266518593,0.0,0.0,0.6266787499189377,0.0,,0,1355980939.9252167,4,,0,0.0,4,out_of_propellant,none,True,-0.02521868999465369,0.007961960518878186,5.896221458911896,0.02572530916368123,0.3201171875,0.629084587097168,10.0,0.0,0.0,24.0,49152.0,-0.2482730895280838,,,,,,,,,
c8cd654ccc58,my_pilot_nuclear,sac,ntp_nerva,mars_crew_fast,reference,0,sac@ntp_nerva,nuclear,50000,4,ok,True,3,best,return,50000,59314,50000,445.67645557799915,20.671990248996735,453.9880572760012,387.83298671694865,7.255337738995877,0.1450951471681441,0.0,231437,3,4,700000000,900000000,0,True,True,False,4,0.0,-64.89765425224522,4.770164589383991,0.12572553982900603,4162.624991428315,53000.0,0.041666666666666664,0.025,0.0,0.0,156544048902.22202,0.0,0.5019288063049316,0.0,0.0,0.5005109310150146,0.0,,0,1355980939.9252167,4,,0,0.0,4,out_of_propellant,none,4,0.0,-222.3376413895612,88.6275667766296,0.016476835812286234,964.2633996355286,13249.999999999998,170.77083333333334,0.05625,0.0,0.0,148061476324.5737,0.0,0.003886754735522832,0.0,0.9354693140794224,0.5540738808122782,0.0,,0,1313401077.3681865,4,,0,0.0,4,timeout,none,4,0.0,-64.89765425224522,4.770164589383991,0.12572553982900603,4162.624991428315,53000.0,0.041666666666666664,0.025,0.0,0.0,156544048902.22202,0.0,0.5019288063049316,0.0,0.0,0.5005109310150146,0.0,,0,1355980939.9252167,4,,0,0.0,4,out_of_propellant,none,True,,,-5.273660182952881,,,,,,,49001.0,50000.0,,0.002454222645610571,2.0138845443725586,-0.0012112697586417198,-2.0758867263793945,-2.0577733516693115,-2.0532665252685547,0.004425808321684599,50000.0,0.0
f805e9ba5db6,my_pilot_nuclear,random,ntp_pewee,mars_crew_fast,reference,0,random@ntp_pewee,nuclear,50000,4,ok,False,3,best,return,0,23,0,4.4100306695327163e-07,0.045275558997673215,0.04787898500217125,0.0,0.000623546995484503,0.15588674887112575,0.0,0,3,4,700000000,900000000,0,False,True,False,4,0.0,-105.3151410551937,21.15063804921816,0.0,4917.997352590715,58500.0,0.15624999999999997,0.057894853300821586,0.0,0.0,156434736878.10602,0.0,0.4370101386060318,0.08333333333333333,0.0,0.4796315102527539,0.0,,0,751559397.7869772,4,,0,0.0,4,out_of_propellant,none,4,0.0,-105.3151410551937,21.15063804921816,0.0,4917.997352590715,58500.0,0.15624999999999997,0.057894853300821586,0.0,0.0,156434736878.10602,0.0,0.4370101386060318,0.08333333333333333,0.0,0.4796315102527539,0.0,,0,751559397.7869772,4,,0,0.0,4,out_of_propellant,none,4,0.0,-105.3151410551937,21.15063804921816,0.0,4917.997352590715,58500.0,0.15624999999999997,0.057894853300821586,0.0,0.0,156434736878.10602,0.0,0.4370101386060318,0.08333333333333333,0.0,0.4796315102527539,0.0,,0,751559397.7869772,4,,0,0.0,4,out_of_propellant,none,True,,,,,,,,,,,,,,,,,,,,,
143ae46013c4,my_pilot_nuclear,max_thrust,ntp_pewee,mars_crew_fast,reference,0,max_thrust@ntp_pewee,nuclear,50000,4,ok,False,3,best,return,0,14,0,2.449996827635914e-07,0.023516564000601647,0.0256777280010283,0.0,0.00030452200007857755,0.07613050001964439,0.0,0,3,4,700000000,900000000,0,False,True,False,4,0.0,-79.63138563075708,5.77005550224587,0.017995232632146974,5224.458461255814,58500.0,0.08333333333333333,0.06803987275175276,0.0,0.0,156485663890.95508,0.0,1.0,1.0,0.0,0.0,0.0,,0,751532618.4289672,4,,0,0.0,4,out_of_propellant,none,4,0.0,-79.63138563075708,5.77005550224587,0.017995232632146974,5224.458461255814,58500.0,0.08333333333333333,0.06803987275175276,0.0,0.0,156485663890.95508,0.0,1.0,1.0,0.0,0.0,0.0,,0,751532618.4289672,4,,0,0.0,4,out_of_propellant,none,4,0.0,-79.63138563075708,5.77005550224587,0.017995232632146974,5224.458461255814,58500.0,0.08333333333333333,0.06803987275175276,0.0,0.0,156485663890.95508,0.0,1.0,1.0,0.0,0.0,0.0,,0,751532618.4289672,4,,0,0.0,4,out_of_propellant,none,True,,,,,,,,,,,,,,,,,,,,,
2cca22a8fbd1,my_pilot_nuclear,prograde,ntp_pewee,mars_crew_fast,reference,0,prograde@ntp_pewee,nuclear,50000,4,ok,False,3,best,return,0,14,0,2.1999949240125716e-07,0.02304387299955124,0.02517207100027008,0.0,0.0002765220051514916,0.0691305012878729,0.0,0,3,4,700000000,900000000,0,False,True,False,4,0.0,-81.0027616676915,5.691689345388733,0.013027461497083143,5265.918748393775,58500.0,0.08333333333333333,0.06803987275175276,0.0,0.0,156485508371.07782,0.0,1.0,1.0,0.0,0.5,0.0,,0,751532618.4289672,4,,0,0.0,4,out_of_propellant,none,4,0.0,-81.0027616676915,5.691689345388733,0.013027461497083143,5265.918748393775,58500.0,0.08333333333333333,0.06803987275175276,0.0,0.0,156485508371.07782,0.0,1.0,1.0,0.0,0.5,0.0,,0,751532618.4289672,4,,0,0.0,4,out_of_propellant,none,4,0.0,-81.0027616676915,5.691689345388733,0.013027461497083143,5265.918748393775,58500.0,0.08333333333333333,0.06803987275175276,0.0,0.0,156485508371.07782,0.0,1.0,1.0,0.0,0.5,0.0,,0,751532618.4289672,4,,0,0.0,4,out_of_propellant,none,True,,,,,,,,,,,,,,,,,,,,,
1a9d5af37cf1,my_pilot_nuclear,ppo,ntp_pewee,mars_crew_fast,reference,0,ppo@ntp_pewee,nuclear,50000,4,ok,True,3,best,return,50000,6981,50000,109.068611065999,3.1717204119995586,111.3529831779997,0.0769665277985041,12.146506633005629,0.24291069980412824,0.0,152075,3,4,700000000,900000000,20000,True,True,False,4,0.0,-62.822431110423025,6.6670864945597135,0.16482706551607687,4878.8284187696645,58500.0,0.11458333333333333,0.045591648740649235,0.0,0.0,156447000736.96237,0.0,0.47898932298024494,0.0,0.0,0.525944164643685,0.0,,0,751544095.0840366,4,,0,0.0,4,out_of_propellant,none,4,0.0,-85.6976808577256,18.309665259112858,0.21334583790676775,4844.509644247663,58500.0,40.54166666666667,0.1205387857363477,0.0,0.0,105869604494.90741,0.0,0.17932775124398356,0.125,0.7272087102239725,0.4492785585152221,0.0,,0,766826365.7911232,4,,0,0.0,4,out_of_propellant,none,4,0.0,-62.822431110423025,6.6670864945597135,0.16482706551607687,4878.8284187696645,58500.0,0.11458333333333333,0.045591648740649235,0.0,0.0,156447000736.96237,0.0,0.47898932298024494,0.0,0.0,0.525944164643685,0.0,,0,751544095.0840366,4,,0,0.0,4,out_of_propellant,none,True,-0.025482508042478,0.006001453916542232,5.669449092447758,0.02364179533906281,0.3107421875,0.7292736768722534,10.0,0.0,0.0,24.0,49152.0,-0.29346227645874023,,,,,,,,,
62990fd6e7a9,my_pilot_nuclear,sac,ntp_pewee,mars_crew_fast,reference,0,sac@ntp_pewee,nuclear,50000,4,ok,True,3,best,return,50000,64043,50000,437.7467880389995,21.68171519499083,438.845831259001,381.2761740030037,5.64615534159384,0.11291407370598032,0.0,231437,3,4,700000000,900000000,0,True,True,False,4,0.0,-67.15108202294365,6.614630025529669,0.12500163408679613,4859.603369225062,58500.0,0.125,0.054404492786968926,0.0,0.0,156434846561.01944,0.0,0.5011958281199137,0.0,0.0,0.49966403345266974,0.0,,0,751547920.6357265,4,,0,0.0,4,out_of_propellant,none,4,0.0,-99.87596617357804,11.783942695520421,0.004738820246936171,4440.496427508736,58500.00000000001,24.479166666666668,0.30416666666666664,0.0,0.0,128830502325.26344,0.0,0.017030355186381956,0.0,0.5051770708283313,0.6689718559683979,0.0,,0,760654214.4316844,4,,0,0.0,4,out_of_propellant,none,4,0.0,-67.15108202294365,6.614630025529669,0.12500163408679613,4859.603369225062,58500.0,0.125,0.054404492786968926,0.0,0.0,156434846561.01944,0.0,0.5011958281199137,0.0,0.0,0.49966403345266974,0.0,,0,751547920.6357265,4,,0,0.0,4,out_of_propellant,none,True,,,-5.078653812408447,,,,,,,49002.0,50000.0,,0.5517410039901733,0.24709564447402954,-0.0019970894791185856,-1.0273981094360352,-1.0171277523040771,-1.07674241065979,0.025393346324563026,50000.0,0.0
c94cbc22a5ee,my_pilot_nuclear,random,hall_hermes,mars_crew_fast,reference,2,random@hall_hermes,electric,50000,4,ok,False,3,best,return,0,36960,0,3.169989213347435e-07,8.94352067699947,8.95353924000301,0.0,0.6355480841193639,158.88702102984098,0.0,0,3,4,700020000,900020000,0,False,True,False,4,0.0,-268.12417649790007,0.024382849229175014,0.00014512460974844266,51.03728362849961,279.5729808961574,220.0,0.1397864904480787,3.25,0.08474387699592244,171616934217.48492,0.0,0.4998779794977357,0.010037878787878788,0.010274621212121212,0.5001947079502949,0.0017045454545454545,,0,16521002.21369086,4,,0,0.0,4,timeout,thermal,4,0.0,-268.12417649790007,0.024382849229175014,0.00014512460974844266,51.03728362849961,279.5729808961574,220.0,0.1397864904480787,3.25,0.08474387699592244,171616934217.48492,0.0,0.4998779794977357,0.010037878787878788,0.010274621212121212,0.5001947079502949,0.0017045454545454545,,0,16521002.21369086,4,,0,0.0,4,timeout,thermal,4,0.0,-268.12417649790007,0.024382849229175014,0.00014512460974844266,51.03728362849961,279.5729808961574,220.0,0.1397864904480787,3.25,0.08474387699592244,171616934217.48492,0.0,0.4998779794977357,0.010037878787878788,0.010274621212121212,0.5001947079502949,0.0017045454545454545,,0,16521002.21369086,4,,0,0.0,4,timeout,thermal,,,,,,,,,,,,,,,,,,,,,,
c2e2bfa6a3ed,my_pilot_nuclear,random,hall_hermes,mars_crew_fast,reference,3,random@hall_hermes,electric,50000,4,ok,False,3,best,return,0,36960,0,3.300010575912893e-07,8.976146481996693,8.985880159001681,0.0,0.6382268346605997,159.55670866514993,0.0,0,3,4,700030000,900030000,0,False,True,False,4,0.0,-268.1683832563287,0.07025859094412186,9.775435306585978e-06,51.41136943488373,280.627090465271,220.0,0.14031354523263548,2.0,0.03249768271663313,200431352422.24554,0.0,0.5003686695938196,0.009564393939393939,0.010511363636363638,0.49806899664443777,0.0008049242424242424,,0,16526529.109235499,4,,0,0.0,4,timeout,thermal,4,0.0,-268.1683832563287,0.07025859094412186,9.775435306585978e-06,51.41136943488373,280.627090465271,220.0,0.14031354523263548,2.0,0.03249768271663313,200431352422.24554,0.0,0.5003686695938196,0.009564393939393939,0.010511363636363638,0.49806899664443777,0.0008049242424242424,,0,16526529.109235499,4,,0,0.0,4,timeout,thermal,4,0.0,-268.1683832563287,0.07025859094412186,9.775435306585978e-06,51.41136943488373,280.627090465271,220.0,0.14031354523263548,2.0,0.03249768271663313,200431352422.24554,0.0,0.5003686695938196,0.009564393939393939,0.010511363636363638,0.49806899664443777,0.0008049242424242424,,0,16526529.109235499,4,,0,0.0,4,timeout,thermal,,,,,,,,,,,,,,,,,,,,,,
59e303aa9fa9,my_pilot_nuclear,random,hall_hermes,mars_crew_fast,reference,1,random@hall_hermes,electric,50000,4,ok,False,3,best,return,0,36960,0,3.440000000409782e-07,9.080966632001946,9.091212346000248,0.0,0.6254946670305799,156.37366675764497,0.0,0,3,4,700010000,900010000,0,False,True,False,4,0.0,-268.1011813483424,0.05990778366329267,0.0002448768620015307,52.069168043929224,281.6877345037535,220.0,0.14084386725187678,1.25,0.02360117528789046,170143769090.09595,0.0,0.5014224744740535,0.01103219696969697,0.009611742424242424,0.49723917845156834,0.0006628787878787879,,0,16532090.266237104,4,,0,0.0,4,timeout,none,4,0.0,-268.1011813483424,0.05990778366329267,0.0002448768620015307,52.069168043929224,281.6877345037535,220.0,0.14084386725187678,1.25,0.02360117528789046,170143769090.09595,0.0,0.5014224744740535,0.01103219696969697,0.009611742424242424,0.49723917845156834,0.0006628787878787879,,0,16532090.266237104,4,,0,0.0,4,timeout,none,4,0.0,-268.1011813483424,0.05990778366329267,0.0002448768620015307,52.069168043929224,281.6877345037535,220.0,0.14084386725187678,1.25,0.02360117528789046,170143769090.09595,0.0,0.5014224744740535,0.01103219696969697,0.009611742424242424,0.49723917845156834,0.0006628787878787879,,0,16532090.266237104,4,,0,0.0,4,timeout,none,,,,,,,,,,,,,,,,,,,,,,
a8aad8000a96,my_pilot_nuclear,random,hall_hermes,mars_crew_fast,reference,4,random@hall_hermes,electric,50000,4,ok,False,3,best,return,0,36960,0,4.2900137486867607e-07,9.117237230999308,9.127195449997089,0.0,0.647006633811543,161.75165845288575,0.0,0,3,4,700040000,900040000,0,False,True,False,4,0.0,-268.1378329677541,0.041614009387759256,7.700420335984837e-05,50.67261726988893,278.4555261788161,220.0,0.13922776308940807,3.5,0.07686303648405743,165551000017.56064,0.0,0.49859758711730445,0.010369318181818181,0.010464015151515151,0.5008846687886751,0.0017045454545454547,,0,16515143.187571023,4,,0,0.0,4,timeout,thermal,4,0.0,-268.1378329677541,0.041614009387759256,7.700420335984837e-05,50.67261726988893,278.4555261788161,220.0,0.13922776308940807,3.5,0.07686303648405743,165551000017.56064,0.0,0.49859758711730445,0.010369318181818181,0.010464015151515151,0.5008846687886751,0.0017045454545454547,,0,16515143.187571023,4,,0,0.0,4,timeout,thermal,4,0.0,-268.1378329677541,0.041614009387759256,7.700420335984837e-05,50.67261726988893,278.4555261788161,220.0,0.13922776308940807,3.5,0.07686303648405743,165551000017.56064,0.0,0.49859758711730445,0.010369318181818181,0.010464015151515151,0.5008846687886751,0.0017045454545454547,,0,16515143.187571023,4,,0,0.0,4,timeout,thermal,,,,,,,,,,,,,,,,,,,,,,
7dcc4167cf8d,my_pilot_nuclear,random,hall_hermes,mars_crew_fast,reference,7,random@hall_hermes,electric,50000,4,ok,False,3,best,return,0,36960,0,3.86000465368852e-07,9.030695885005116,9.033465550000983,0.0,0.656340239696874,164.0850599242185,0.0,0,3,4,700070000,900070000,0,False,True,False,4,0.0,-268.1230091186626,0.021783898998224967,2.7173480363046343e-05,50.9008467070602,279.03655058513743,220.0,0.1395182752925687,1.5,0.043668058575146544,150435112441.67114,0.0,0.5001693420789458,0.009611742424242424,0.009517045454545455,0.5031497870402579,0.0007575757575757575,,0,16518189.608262682,4,,0,0.0,4,timeout,thermal,4,0.0,-268.1230091186626,0.021783898998224967,2.7173480363046343e-05,50.9008467070602,279.03655058513743,220.0,0.1395182752925687,1.5,0.043668058575146544,150435112441.67114,0.0,0.5001693420789458,0.009611742424242424,0.009517045454545455,0.5031497870402579,0.0007575757575757575,,0,16518189.608262682,4,,0,0.0,4,timeout,thermal,4,0.0,-268.1230091186626,0.021783898998224967,2.7173480363046343e-05,50.9008467070602,279.03655058513743,220.0,0.1395182752925687,1.5,0.043668058575146544,150435112441.67114,0.0,0.5001693420789458,0.009611742424242424,0.009517045454545455,0.5031497870402579,0.0007575757575757575,,0,16518189.608262682,4,,0,0.0,4,timeout,thermal,,,,,,,,,,,,,,,,,,,,,,
f612058ceebd,my_pilot_nuclear,random,hall_hermes,mars_crew_fast,reference,6,random@hall_hermes,electric,50000,4,ok,False,3,best,return,0,36960,0,3.4999902709387243e-07,9.151731051002571,9.154690797000512,0.0,0.6597755112525192,164.9438778131298,0.0,0,3,4,700060000,900060000,0,False,True,False,4,0.0,-268.1182078438654,0.02804522948033377,0.00011223033395538207,51.03422881527267,279.4927422380176,220.0,0.13974637111900884,2.25,0.038986516787067896,202678909928.24066,0.0,0.5007834496668003,0.01065340909090909,0.010321969696969696,0.5042898563357691,0.001231060606060606,,0,16520581.50725277,4,,0,0.0,4,timeout,thermal,4,0.0,-268.1182078438654,0.02804522948033377,0.00011223033395538207,51.03422881527267,279.4927422380176,220.0,0.13974637111900884,2.25,0.038986516787067896,202678909928.24066,0.0,0.5007834496668003,0.01065340909090909,0.010321969696969696,0.5042898563357691,0.001231060606060606,,0,16520581.50725277,4,,0,0.0,4,timeout,thermal,4,0.0,-268.1182078438654,0.02804522948033377,0.00011223033395538207,51.03422881527267,279.4927422380176,220.0,0.13974637111900884,2.25,0.038986516787067896,202678909928.24066,0.0,0.5007834496668003,0.01065340909090909,0.010321969696969696,0.5042898563357691,0.001231060606060606,,0,16520581.50725277,4,,0,0.0,4,timeout,thermal,,,,,,,,,,,,,,,,,,,,,,
0f55138f87f4,my_pilot_nuclear,max_thrust,hall_hermes,mars_crew_fast,reference,1,max_thrust@hall_hermes,electric,50000,4,ok,False,3,best,return,0,36960,0,3.310015017632395e-07,9.178127839004446,9.180881947999296,0.0,0.6344672256018384,158.6168064004596,0.0,0,3,4,700010000,900010000,0,False,True,False,4,0.0,-270.026669142963,0.628722468921084,0.013903913340211627,125.57971631846446,917.4148805939428,220.0,0.4587074402969714,140.0,1.5348230022342593,167600704566.95135,0.0,1.0,1.0,0.0,0.0,0.049668560606060605,,0,19865327.75338545,4,,0,0.0,4,timeout,thermal,4,0.0,-270.026669142963,0.628722468921084,0.013903913340211627,125.57971631846446,917.4148805939428,220.0,0.4587074402969714,140.0,1.5348230022342593,167600704566.95135,0.0,1.0,1.0,0.0,0.0,0.049668560606060605,,0,19865327.75338545,4,,0,0.0,4,timeout,thermal,4,0.0,-270.026669142963,0.628722468921084,0.013903913340211627,125.57971631846446,917.4148805939428,220.0,0.4587074402969714,140.0,1.5348230022342593,167600704566.95135,0.0,1.0,1.0,0.0,0.0,0.049668560606060605,,0,19865327.75338545,4,,0,0.0,4,timeout,thermal,,,,,,,,,,,,,,,,,,,,,,
56963768c012,my_pilot_nuclear,random,hall_hermes,mars_crew_fast,reference,5,random@hall_hermes,electric,50000,4,ok,False,3,best,return,0,36960,0,3.580025804694742e-07,9.559852766000404,9.562941481002781,0.0,0.7200291290355381,180.00728225888452,0.0,0,3,4,700050000,900050000,0,False,True,False,4,0.0,-268.13077282190204,0.030454835879360338,5.374562407484129e-05,50.40521523553872,279.89492031789894,220.0,0.13994746015894946,3.25,0.06264307436154541,195498143571.68726,0.0,0.5003965192516757,0.009990530303030303,0.008854166666666666,0.4998566531364552,0.0017045454545454545,,0,16522690.202878896,4,,0,0.0,4,timeout,thermal,4,0.0,-268.13077282190204,0.030454835879360338,5.374562407484129e-05,50.40521523553872,279.89492031789894,220.0,0.13994746015894946,3.25,0.06264307436154541,195498143571.68726,0.0,0.5003965192516757,0.009990530303030303,0.008854166666666666,0.4998566531364552,0.0017045454545454545,,0,16522690.202878896,4,,0,0.0,4,timeout,thermal,4,0.0,-268.13077282190204,0.030454835879360338,5.374562407484129e-05,50.40521523553872,279.89492031789894,220.0,0.13994746015894946,3.25,0.06264307436154541,195498143571.68726,0.0,0.5003965192516757,0.009990530303030303,0.008854166666666666,0.4998566531364552,0.0017045454545454545,,0,16522690.202878896,4,,0,0.0,4,timeout,thermal,,,,,,,,,,,,,,,,,,,,,,
7a96703c5be4,my_pilot_nuclear,max_thrust,hall_hermes,mars_crew_fast,reference,2,max_thrust@hall_hermes,electric,50000,4,ok,False,3,best,return,0,36960,0,2.7500209398567677e-07,9.052699886000482,9.05830759500168,0.0,0.6216472070991585,155.41180177478964,0.0,0,3,4,700020000,900020000,0,False,True,False,4,0.0,-270.33416954557833,0.3733836072971815,0.011382602609866455,119.86639547719408,883.9308997545049,220.0,0.44196544987725245,272.5,3.378715402893471,169110490318.8194,0.0,1.0,1.0,0.0,0.0,0.08257575757575758,,0,19689764.91822985,4,,0,0.0,4,timeout,thermal,4,0.0,-270.33416954557833,0.3733836072971815,0.011382602609866455,119.86639547719408,883.9308997545049,220.0,0.44196544987725245,272.5,3.378715402893471,169110490318.8194,0.0,1.0,1.0,0.0,0.0,0.08257575757575758,,0,19689764.91822985,4,,0,0.0,4,timeout,thermal,4,0.0,-270.33416954557833,0.3733836072971815,0.011382602609866455,119.86639547719408,883.9308997545049,220.0,0.44196544987725245,272.5,3.378715402893471,169110490318.8194,0.0,1.0,1.0,0.0,0.0,0.08257575757575758,,0,19689764.91822985,4,,0,0.0,4,timeout,thermal,,,,,,,,,,,,,,,,,,,,,,
188edc186915,my_pilot_nuclear,max_thrust,hall_hermes,mars_crew_fast,reference,3,max_thrust@hall_hermes,electric,50000,4,ok,False,3,best,return,0,36960,0,3.500026650726795e-07,9.176461080995068,9.179427224000392,0.0,0.6279537682639784,156.9884420659946,0.0,0,3,4,700030000,900030000,0,False,True,False,4,0.0,-270.12334793024286,0.5133457672578199,0.012799822876867012,121.77609524217276,896.9066106288554,220.0,0.44845330531442773,212.0,2.268014914650325,198269268161.79944,0.0,1.0,1.0,0.0,0.0,0.07215909090909091,,0,19757799.02087087,4,,0,0.0,4,timeout,thermal,4,0.0,-270.12334793024286,0.5133457672578199,0.012799822876867012,121.77609524217276,896.9066106288554,220.0,0.44845330531442773,212.0,2.268014914650325,198269268161.79944,0.0,1.0,1.0,0.0,0.0,0.07215909090909091,,0,19757799.02087087,4,,0,0.0,4,timeout,thermal,4,0.0,-270.12334793024286,0.5133457672578199,0.012799822876867012,121.77609524217276,896.9066106288554,220.0,0.44845330531442773,212.0,2.268014914650325,198269268161.79944,0.0,1.0,1.0,0.0,0.0,0.07215909090909091,,0,19757799.02087087,4,,0,0.0,4,timeout,thermal,,,,,,,,,,,,,,,,,,,,,,
e65c3a1ced34,my_pilot_nuclear,max_thrust,hall_hermes,mars_crew_fast,reference,4,max_thrust@hall_hermes,electric,50000,4,ok,False,3,best,return,0,36960,0,2.540000423323363e-07,9.17260324399831,9.175357848998829,0.0,0.6375329723559844,159.3832430889961,0.0,0,3,4,700040000,900040000,0,False,True,False,4,0.0,-270.0524744184337,0.3665040804909481,0.01348397501744003,118.63649852899447,878.7955388370129,220.0,0.4393977694185065,282.75,3.4612558072906916,163053733136.38245,0.0,1.0,1.0,0.0,0.0,0.08825757575757576,,0,19662839.25110128,4,,0,0.0,4,timeout,thermal,4,0.0,-270.0524744184337,0.3665040804909481,0.01348397501744003,118.63649852899447,878.7955388370129,220.0,0.4393977694185065,282.75,3.4612558072906916,163053733136.38245,0.0,1.0,1.0,0.0,0.0,0.08825757575757576,,0,19662839.25110128,4,,0,0.0,4,timeout,thermal,4,0.0,-270.0524744184337,0.3665040804909481,0.01348397501744003,118.63649852899447,878.7955388370129,220.0,0.4393977694185065,282.75,3.4612558072906916,163053733136.38245,0.0,1.0,1.0,0.0,0.0,0.08825757575757576,,0,19662839.25110128,4,,0,0.0,4,timeout,thermal,,,,,,,,,,,,,,,,,,,,,,
e73212e2a5b6,my_pilot_nuclear,max_thrust,hall_hermes,mars_crew_fast,reference,5,max_thrust@hall_hermes,electric,50000,4,ok,False,3,best,return,0,36960,0,4.2299870983697474e-07,9.445383232003223,9.448279707998154,0.0,0.6583146680059144,164.5786670014786,0.0,0,3,4,700050000,900050000,0,False,True,False,4,0.0,-270.424533334467,0.2112073329985667,0.010219011447095389,115.20890178097308,860.9168384219905,220.0,0.43045841921099526,338.0,4.118750506997124,193233637914.42078,0.0,1.0,1.0,0.0,0.0,0.10984848484848485,,0,19569097.84834483,4,,0,0.0,4,timeout,thermal,4,0.0,-270.424533334467,0.2112073329985667,0.010219011447095389,115.20890178097308,860.9168384219905,220.0,0.43045841921099526,338.0,4.118750506997124,193233637914.42078,0.0,1.0,1.0,0.0,0.0,0.10984848484848485,,0,19569097.84834483,4,,0,0.0,4,timeout,thermal,4,0.0,-270.424533334467,0.2112073329985667,0.010219011447095389,115.20890178097308,860.9168384219905,220.0,0.43045841921099526,338.0,4.118750506997124,193233637914.42078,0.0,1.0,1.0,0.0,0.0,0.10984848484848485,,0,19569097.84834483,4,,0,0.0,4,timeout,thermal,,,,,,,,,,,,,,,,,,,,,,
2c4e0abbc521,my_pilot_nuclear,max_thrust,hall_hermes,mars_crew_fast,reference,7,max_thrust@hall_hermes,electric,50000,4,ok,False,3,best,return,0,36960,0,3.300010575912893e-07,8.783046746000764,8.78610961600134,0.0,0.62391658487104,155.97914621776,0.0,0,3,4,700070000,900070000,0,False,True,False,4,0.0,-270.0251684156188,0.4050599969070793,0.01366093306448335,119.37573456390348,884.6146097905589,220.0,0.44230730489527953,259.5,3.058689723529164,147692911759.24802,0.0,1.0,1.0,0.0,0.0,0.08399621212121211,,0,19693349.73907088,4,,0,0.0,4,timeout,thermal,4,0.0,-270.0251684156188,0.4050599969070793,0.01366093306448335,119.37573456390348,884.6146097905589,220.0,0.44230730489527953,259.5,3.058689723529164,147692911759.24802,0.0,1.0,1.0,0.0,0.0,0.08399621212121211,,0,19693349.73907088,4,,0,0.0,4,timeout,thermal,4,0.0,-270.0251684156188,0.4050599969070793,0.01366093306448335,119.37573456390348,884.6146097905589,220.0,0.44230730489527953,259.5,3.058689723529164,147692911759.24802,0.0,1.0,1.0,0.0,0.0,0.08399621212121211,,0,19693349.73907088,4,,0,0.0,4,timeout,thermal,,,,,,,,,,,,,,,,,,,,,,
c8cc6bdf070e,my_pilot_nuclear,max_thrust,hall_hermes,mars_crew_fast,reference,6,max_thrust@hall_hermes,electric,50000,4,ok,False,3,best,return,0,36960,0,5.47999661648646e-07,8.923459781999554,8.926346845000808,0.0,0.6133820700197248,153.3455175049312,0.0,0,3,4,700060000,900060000,0,False,True,False,4,0.0,-270.36058265832105,0.42893191486301036,0.011102719438829178,119.9267795049303,886.6205343978615,220.0,0.4433102671989308,257.0,3.1479332489039273,200516154402.19678,0.0,1.0,1.0,0.0,0.0,0.08091856060606062,,0,19703867.180615697,4,,0,0.0,4,timeout,thermal,4,0.0,-270.36058265832105,0.42893191486301036,0.011102719438829178,119.9267795049303,886.6205343978615,220.0,0.4433102671989308,257.0,3.1479332489039273,200516154402.19678,0.0,1.0,1.0,0.0,0.0,0.08091856060606062,,0,19703867.180615697,4,,0,0.0,4,timeout,thermal,4,0.0,-270.36058265832105,0.42893191486301036,0.011102719438829178,119.9267795049303,886.6205343978615,220.0,0.4433102671989308,257.0,3.1479332489039273,200516154402.19678,0.0,1.0,1.0,0.0,0.0,0.08091856060606062,,0,19703867.180615697,4,,0,0.0,4,timeout,thermal,,,,,,,,,,,,,,,,,,,,,,
661c224b1ed3,my_pilot_nuclear,prograde,hall_hermes,mars_crew_fast,reference,1,prograde@hall_hermes,electric,50000,4,ok,False,3,best,return,0,36960,0,2.8299837140366435e-07,8.913535477997357,8.916457813000306,0.0,0.6129011167904537,153.22527919761342,0.0,0,3,4,700010000,900010000,0,False,True,False,4,0.0,-267.9780265292729,0.5838593689852454,0.012142815528816575,98.40096824207922,513.7967935710584,220.0,0.2568983967855292,45.25,0.5409386358080994,168250004977.52103,0.0,1.0,1.0,0.0,0.5,0.015861742424242424,,0,17749081.897864096,4,,0,0.0,4,timeout,none,4,0.0,-267.9780265292729,0.5838593689852454,0.012142815528816575,98.40096824207922,513.7967935710584,220.0,0.2568983967855292,45.25,0.5409386358080994,168250004977.52103,0.0,1.0,1.0,0.0,0.5,0.015861742424242424,,0,17749081.897864096,4,,0,0.0,4,timeout,none,4,0.0,-267.9780265292729,0.5838593689852454,0.012142815528816575,98.40096824207922,513.7967935710584,220.0,0.2568983967855292,45.25,0.5409386358080994,168250004977.52103,0.0,1.0,1.0,0.0,0.5,0.015861742424242424,,0,17749081.897864096,4,,0,0.0,4,timeout,none,,,,,,,,,,,,,,,,,,,,,,
c069a40b133b,my_pilot_nuclear,prograde,hall_hermes,mars_crew_fast,reference,2,prograde@hall_hermes,electric,50000,4,ok,False,3,best,return,0,36960,0,4.390021786093712e-07,9.06276993100255,9.065775636998296,0.0,0.610417837066052,152.604459266513,0.0,0,3,4,700020000,900020000,0,False,True,False,4,0.0,-268.4420763359577,0.5287235023023583,0.009450640718130093,91.8728072709994,484.6099714183118,220.0,0.2423049857091559,242.5,3.5713034728543853,169748795913.14108,0.0,1.0,1.0,0.0,0.5,0.07253787878787879,,0,17596049.877242364,4,,0,0.0,4,timeout,thermal,4,0.0,-268.4420763359577,0.5287235023023583,0.009450640718130093,91.8728072709994,484.6099714183118,220.0,0.2423049857091559,242.5,3.5713034728543853,169748795913.14108,0.0,1.0,1.0,0.0,0.5,0.07253787878787879,,0,17596049.877242364,4,,0,0.0,4,timeout,thermal,4,0.0,-268.4420763359577,0.5287235023023583,0.009450640718130093,91.8728072709994,484.6099714183118,220.0,0.2423049857091559,242.5,3.5713034728543853,169748795913.14108,0.0,1.0,1.0,0.0,0.5,0.07253787878787879,,0,17596049.877242364,4,,0,0.0,4,timeout,thermal,,,,,,,,,,,,,,,,,,,,,,
a8811da0d7f5,my_pilot_nuclear,prograde,hall_hermes,mars_crew_fast,reference,3,prograde@hall_hermes,electric,50000,4,ok,False,3,best,return,0,36960,0,3.0500086722895503e-07,8.774528289002774,8.777263463001873,0.0,0.6100664609002706,152.51661522506765,0.0,0,3,4,700030000,900030000,0,False,True,False,4,0.0,-268.13071960646676,0.5976997459576726,0.011107032086603269,96.29854687738975,507.40413592436283,220.0,0.2537020679621814,88.75,1.1544978259603893,198823896529.32013,0.0,1.0,1.0,0.0,0.5,0.0271780303030303,,0,17715563.98653764,4,,0,0.0,4,timeout,thermal,4,0.0,-268.13071960646676,0.5976997459576726,0.011107032086603269,96.29854687738975,507.40413592436283,220.0,0.2537020679621814,88.75,1.1544978259603893,198823896529.32013,0.0,1.0,1.0,0.0,0.5,0.0271780303030303,,0,17715563.98653764,4,,0,0.0,4,timeout,thermal,4,0.0,-268.13071960646676,0.5976997459576726,0.011107032086603269,96.29854687738975,507.40413592436283,220.0,0.2537020679621814,88.75,1.1544978259603893,198823896529.32013,0.0,1.0,1.0,0.0,0.5,0.0271780303030303,,0,17715563.98653764,4,,0,0.0,4,timeout,thermal,,,,,,,,,,,,,,,,,,,,,,
7d9a5b282e71,my_pilot_nuclear,prograde,hall_hermes,mars_crew_fast,reference,4,prograde@hall_hermes,electric,50000,4,ok,False,3,best,return,0,36960,0,3.989989636465907e-07,8.799765757001296,8.802630926998972,0.0,0.6072083090693923,151.80207726734807,0.0,0,3,4,700040000,900040000,0,False,True,False,4,0.0,-268.1637879412093,0.32705080688813754,0.011428505778995623,92.63830832229172,491.05698997791393,220.0,0.24552849498895699,195.25,2.866350918640038,163691566080.77994,0.0,1.0,1.0,0.0,0.5,0.061221590909090906,,0,17629852.813101515,4,,0,0.0,4,timeout,thermal,4,0.0,-268.1637879412093,0.32705080688813754,0.011428505778995623,92.63830832229172,491.05698997791393,220.0,0.24552849498895699,195.25,2.866350918640038,163691566080.77994,0.0,1.0,1.0,0.0,0.5,0.061221590909090906,,0,17629852.813101515,4,,0,0.0,4,timeout,thermal,4,0.0,-268.1637879412093,0.32705080688813754,0.011428505778995623,92.63830832229172,491.05698997791393,220.0,0.24552849498895699,195.25,2.866350918640038,163691566080.77994,0.0,1.0,1.0,0.0,0.5,0.061221590909090906,,0,17629852.813101515,4,,0,0.0,4,timeout,thermal,,,,,,,,,,,,,,,,,,,,,,
5ad33c567000,my_pilot_nuclear,prograde,hall_hermes,mars_crew_fast,reference,5,prograde@hall_hermes,electric,50000,4,ok,False,3,best,return,0,36960,0,3.4199911169707775e-07,8.858711487999244,8.861344812001335,0.0,0.6088477319317462,152.21193298293656,0.0,0,3,4,700050000,900050000,0,False,True,False,4,0.0,-268.50195505103574,0.2290894715368303,0.008555166774019574,90.03084530356219,481.76410857511297,220.0,0.2408820542875565,246.5,3.1928357223054187,193814195300.1834,0.0,1.0,1.0,0.0,0.5,0.07997159090909091,,0,17581128.480900284,4,,0,0.0,4,timeout,thermal,4,0.0,-268.50195505103574,0.2290894715368303,0.008555166774019574,90.03084530356219,481.76410857511297,220.0,0.2408820542875565,246.5,3.1928357223054187,193814195300.1834,0.0,1.0,1.0,0.0,0.5,0.07997159090909091,,0,17581128.480900284,4,,0,0.0,4,timeout,thermal,4,0.0,-268.50195505103574,0.2290894715368303,0.008555166774019574,90.03084530356219,481.76410857511297,220.0,0.2408820542875565,246.5,3.1928357223054187,193814195300.1834,0.0,1.0,1.0,0.0,0.5,0.07997159090909091,,0,17581128.480900284,4,,0,0.0,4,timeout,thermal,,,,,,,,,,,,,,,,,,,,,,
4be6669b7d93,my_pilot_nuclear,prograde,hall_hermes,mars_crew_fast,reference,6,prograde@hall_hermes,electric,50000,4,ok,False,3,best,return,0,36960,0,3.0199953471310437e-07,8.759436588996323,8.762127539001085,0.0,0.6122512839901901,153.06282099754753,0.0,0,3,4,700060000,900060000,0,False,True,False,4,0.0,-268.37883841685834,0.46969708372272095,0.009317974715160493,93.45853444977757,494.3301756860564,220.0,0.24716508784302818,169.5,2.1862362629092145,201070293129.90436,0.0,1.0,1.0,0.0,0.5,0.05355113636363636,,0,17647014.74392652,4,,0,0.0,4,timeout,thermal,4,0.0,-268.37883841685834,0.46969708372272095,0.009317974715160493,93.45853444977757,494.3301756860564,220.0,0.24716508784302818,169.5,2.1862362629092145,201070293129.90436,0.0,1.0,1.0,0.0,0.5,0.05355113636363636,,0,17647014.74392652,4,,0,0.0,4,timeout,thermal,4,0.0,-268.37883841685834,0.46969708372272095,0.009317974715160493,93.45853444977757,494.3301756860564,220.0,0.24716508784302818,169.5,2.1862362629092145,201070293129.90436,0.0,1.0,1.0,0.0,0.5,0.05355113636363636,,0,17647014.74392652,4,,0,0.0,4,timeout,thermal,,,,,,,,,,,,,,,,,,,,,,
2a246afd567b,my_pilot_nuclear,prograde,hall_hermes,mars_crew_fast,reference,7,prograde@hall_hermes,electric,50000,4,ok,False,3,best,return,0,36960,0,3.00002284348011e-07,8.783345504998579,8.78612527400037,0.0,0.6007633319131855,150.19083297829638,0.0,0,3,4,700070000,900070000,0,False,True,False,4,0.0,-268.0528190578503,0.37785676464603135,0.011665308411586833,94.60295752328618,501.7141768250619,220.0,0.2508570884125309,119.0,1.3865532655334705,148389257411.84802,0.0,1.0,1.0,0.0,0.5,0.03982007575757576,,0,17685730.45640325,4,,0,0.0,4,timeout,thermal,4,0.0,-268.0528190578503,0.37785676464603135,0.011665308411586833,94.60295752328618,501.7141768250619,220.0,0.2508570884125309,119.0,1.3865532655334705,148389257411.84802,0.0,1.0,1.0,0.0,0.5,0.03982007575757576,,0,17685730.45640325,4,,0,0.0,4,timeout,thermal,4,0.0,-268.0528190578503,0.37785676464603135,0.011665308411586833,94.60295752328618,501.7141768250619,220.0,0.2508570884125309,119.0,1.3865532655334705,148389257411.84802,0.0,1.0,1.0,0.0,0.5,0.03982007575757576,,0,17685730.45640325,4,,0,0.0,4,timeout,thermal,,,,,,,,,,,,,,,,,,,,,,
075f0f0b512d,my_pilot_nuclear,ppo,hall_hermes,mars_crew_fast,reference,1,ppo@hall_hermes,electric,50000,4,ok,True,3,best,return,50000,232320,50000,108.96476001700285,86.44376192399795,130.94399710799917,0.023351786996499868,12.122470137146593,0.24243000834226447,0.0,152075,3,4,700010000,900010000,0,True,True,False,4,0.0,-267.148357772851,0.34653842444473826,0.007362136706645178,50.411235747361346,259.04720106852955,220.0,0.12952360053426476,0.0,0.0,169205246416.65643,0.0,0.4978111887534121,0.0,0.0,0.502153089557859,0.0,,0,16413381.67366016,4,,0,0.0,4,timeout,none,4,0.0,-267.3292827024495,0.14168146433631695,0.004409995455583515,41.63364314500153,213.9898389210722,220.0,0.1128016887027908,0.0,0.0,169063668779.7964,0.0,0.41285001198112065,0.0,0.0,0.5952475823123347,0.0,,0,16177137.414616648,4,,0,0.0,4,timeout,none,4,0.0,-267.148357772851,0.34653842444473826,0.007362136706645178,50.411235747361346,259.04720106852955,220.0,0.12952360053426476,0.0,0.0,169205246416.65643,0.0,0.4978111887534121,0.0,0.0,0.502153089557859,0.0,,0,16413381.67366016,4,,0,0.0,4,timeout,none,,-0.012959019764093683,0.6320900845748838,6.872330451011658,0.011287463791086338,0.161767578125,0.5580747127532959,10.0,0.0,0.0,24.0,49152.0,-0.045847803354263306,,,,,,,,,
2d8d1159dba3,my_pilot_nuclear,ppo,hall_hermes,mars_crew_fast,reference,3,ppo@hall_hermes,electric,50000,4,ok,True,3,best,return,50000,232320,50000,108.4357024580022,86.64939202800088,130.66640605099747,0.023041775999445235,12.029824571342033,0.24057724524722088,0.0,152075,3,4,700030000,900030000,5280,True,True,False,4,0.0,-267.1701231375139,0.3129538651643764,0.005087107786579698,39.15054501697909,204.34195168436747,220.0,0.10569198448155387,0.0,0.0,199987122964.9596,0.0,0.38501185724991516,0.0,0.0,0.4779249205903122,0.0,,0,16126551.71978366,4,,0,0.0,4,timeout,none,4,0.0,-267.4726745605991,0.4004877244459007,0.006040041370881266,51.811969316291844,288.8534892424757,220.0,0.14442674462123783,0.0,0.0,199524461960.72226,0.0,0.48122265966834893,0.0,0.0,0.3558810521199396,0.0,,0,16569661.671620242,4,,0,0.0,4,timeout,none,4,0.0,-267.1701231375139,0.3129538651643764,0.005087107786579698,39.15054501697909,204.34195168436747,220.0,0.10569198448155387,0.0,0.0,199987122964.9596,0.0,0.38501185724991516,0.0,0.0,0.4779249205903122,0.0,,0,16126551.71978366,4,,0,0.0,4,timeout,none,,-0.01156650351913413,0.743866178006283,6.865269482135773,0.010644134864560329,0.148291015625,0.9080455899238586,10.0,0.0,0.0,24.0,49152.0,-0.045722734183073044,,,,,,,,,
3762833cad05,my_pilot_nuclear,ppo,hall_hermes,mars_crew_fast,reference,2,ppo@hall_hermes,electric,50000,4,ok,True,3,best,return,50000,232320,50000,112.31677137999941,89.77767728799881,135.39801513099883,0.023255897995113628,12.512658366442338,0.2502331486769526,0.0,152075,3,4,700020000,900020000,0,True,True,False,4,0.0,-267.3329019738472,0.23669611536805857,0.005875330287162139,49.73071346285363,259.04236656161953,220.0,0.12952118328080975,0.0,0.0,170688610354.33548,0.0,0.497790472066933,0.0,0.0,0.5021240379040439,0.0,,0,16413356.325427411,4,,0,0.0,4,timeout,none,4,0.0,-267.73875121217253,0.2676556962555054,0.004006416249582256,57.15241287315919,292.14317386142795,220.0,0.14607158693071398,0.0,0.0,171497461353.85223,0.0,0.5936342160358574,0.0,0.0,0.5797731434714726,0.0,,0,16586910.109350525,4,,0,0.0,4,timeout,none,4,0.0,-267.3329019738472,0.23669611536805857,0.005875330287162139,49.73071346285363,259.04236656161953,220.0,0.12952118328080975,0.0,0.0,170688610354.33548,0.0,0.497790472066933,0.0,0.0,0.5021240379040439,0.0,,0,16413356.325427411,4,,0,0.0,4,timeout,none,,-0.011628287502389867,0.7114821900438983,6.815283995866776,0.01295771041768603,0.185302734375,0.8034242391586304,10.0,0.0,0.0,24.0,49152.0,-0.05287932604551315,,,,,,,,,
724d8797e911,my_pilot_nuclear,ppo,hall_hermes,mars_crew_fast,reference,4,ppo@hall_hermes,electric,50000,4,ok,True,3,best,return,50000,232320,50000,110.18186698499994,87.708052967002,132.66871510600322,0.023562033002235694,12.367365476427949,0.24732752332669283,0.0,152075,3,4,700040000,900040000,5280,True,True,False,4,0.0,-267.1296482354818,0.2974896561052456,0.005409637354129637,38.067820319819184,203.8361506695413,220.0,0.1056,0.0,0.0,165078733602.70557,0.0,0.36968013233448743,0.0,0.0,0.4345775908564754,0.0,,0,16123899.709539918,4,,0,0.0,4,timeout,none,4,0.0,-267.27965064050716,0.5643510393936182,0.008292260549341846,56.725502284599735,304.87158352031406,220.0,0.15243579176015704,0.0,0.0,165041567653.1454,0.0,0.5622517933137714,0.0,0.0,0.4529033896654393,0.0,,0,16653647.565014817,4,,0,0.0,4,timeout,none,4,0.0,-267.1296482354818,0.2974896561052456,0.005409637354129637,38.067820319819184,203.8361506695413,220.0,0.1056,0.0,0.0,165078733602.70557,0.0,0.36968013233448743,0.0,0.0,0.4345775908564754,0.0,,0,16123899.709539918,4,,0,0.0,4,timeout,none,,-0.010483027466398199,0.7310532975476235,6.981924073398114,0.011667883364134468,0.169140625,0.9035652875900269,10.0,0.0,0.0,24.0,49152.0,-0.02274632267653942,,,,,,,,,
8f845619cee0,my_pilot_nuclear,ppo,hall_hermes,mars_crew_fast,reference,5,ppo@hall_hermes,electric,50000,4,ok,True,3,best,return,50000,232320,50000,110.72894665399872,87.81519191500047,132.63749612799802,0.023568239997985074,12.402835293734825,0.24803686292566243,0.0,152075,3,4,700050000,900050000,15840,True,True,False,4,0.0,-267.17460496183196,0.17646919995417543,0.005137155705570717,38.860809386412946,203.48008475428543,220.0,0.10680341518531895,0.0,0.0,194928321016.22925,0.0,0.394110201426189,0.0,0.0,0.4993779253172265,0.0,,0,16122032.788701432,4,,0,0.0,4,timeout,none,4,0.0,-267.3893434112214,0.10008941128776096,0.004286992446652982,43.057824363943496,233.17043216947502,220.0,0.1165852160847375,0.0,0.0,195063342630.50058,0.0,0.4275545435689503,0.0,0.0,0.472153126808222,0.0,,0,16277704.887367371,4,,0,0.0,4,timeout,none,4,0.0,-267.17460496183196,0.17646919995417543,0.005137155705570717,38.860809386412946,203.48008475428543,220.0,0.10680341518531895,0.0,0.0,194928321016.22925,0.0,0.394110201426189,0.0,0.0,0.4993779253172265,0.0,,0,16122032.788701432,4,,0,0.0,4,timeout,none,,-0.011789459454303142,0.7728126231464557,6.886201582849026,0.012312437922810204,0.175146484375,0.7803038358688354,10.0,0.0,0.0,24.0,49152.0,-0.04219766706228256,,,,,,,,,
6981a0046527,my_pilot_nuclear,ppo,hall_hermes,mars_crew_fast,reference,6,ppo@hall_hermes,electric,50000,4,ok,True,3,best,return,50000,232320,50000,112.2498304289984,88.8781599400063,134.31819283500226,0.023495621997426497,12.68031861172858,0.2535860853477438,0.0,152075,3,4,700060000,900060000,5280,True,True,False,4,0.0,-267.2629173107906,0.28128537127426584,0.005556020403643669,46.40672549391239,238.8823875055215,220.0,0.11944119375276074,0.0,0.0,202051245775.04163,0.0,0.4687764438433629,0.0,0.0,0.5227623556768803,0.0,,0,16307653.747925114,4,,0,0.0,4,timeout,none,4,0.0,-267.40953220469726,0.32136146297194773,0.005204496795481989,50.82215163019244,258.0401561091551,220.0,0.12902007805457755,0.0,0.0,202369692416.98828,0.0,0.5264599097017764,0.0,0.0,0.579019848552222,0.0,,0,16408101.54675277,4,,0,0.0,4,timeout,none,4,0.0,-267.2629173107906,0.28128537127426584,0.005556020403643669,46.40672549391239,238.8823875055215,220.0,0.11944119375276074,0.0,0.0,202051245775.04163,0.0,0.4687764438433629,0.0,0.0,0.5227623556768803,0.0,,0,16307653.747925114,4,,0,0.0,4,timeout,none,,-0.013365470728604122,0.7804535855946597,7.028249025344849,0.01273531240876764,0.18310546875,0.8612617254257202,10.0,0.0,0.0,24.0,49152.0,-0.014558571390807629,,,,,,,,,
ec4e474cd393,my_pilot_nuclear,ppo,hall_hermes,mars_crew_fast,reference,7,ppo@hall_hermes,electric,50000,4,ok,True,3,best,return,50000,232320,50000,111.50949968699933,89.01251435900122,133.57675327000106,0.02327083199270419,12.285363663195312,0.24568761825444588,0.0,152075,3,4,700070000,900070000,10560,True,True,False,4,0.0,-267.03482208487355,0.31146367572319084,0.0068396403082126855,44.09992677711284,225.87886590754889,220.0,0.11293943295377444,0.0,0.0,149544201940.66986,0.0,0.45472608173096724,0.0,0.0,0.5694382688933701,0.0,,0,16239473.82840795,4,,0,0.0,4,timeout,none,4,0.0,-267.40640099643485,0.2647909568781219,0.004985677773546027,49.61064662029132,252.2703959201225,220.0,0.1261351979600612,0.0,0.0,150125072843.18787,0.0,0.5163071473058538,0.0,0.0,0.6122438236323158,0.0,,0,16377849.604434088,4,,0,0.0,4,timeout,none,4,0.0,-267.03482208487355,0.31146367572319084,0.0068396403082126855,44.09992677711284,225.87886590754889,220.0,0.11293943295377444,0.0,0.0,149544201940.66986,0.0,0.45472608173096724,0.0,0.0,0.5694382688933701,0.0,,0,16239473.82840795,4,,0,0.0,4,timeout,none,,-0.0070588270071311856,0.7779042124486295,6.921258261799812,0.010108762394520455,0.142919921875,0.8483187556266785,10.0,0.0,0.0,24.0,49152.0,-0.03483755886554718,,,,,,,,,
fa2ebca8ba0f,my_pilot_nuclear,sac,hall_hermes,mars_crew_fast,reference,1,sac@hall_hermes,electric,50000,4,ok,True,3,best,return,50000,232320,50000,475.97029422000196,68.33206272300231,493.1444702270019,404.95879975900607,6.698336050416401,0.13395600452796577,0.0,231437,3,4,700010000,900010000,0,True,True,False,4,0.0,-267.1550382768081,0.34637720216078116,0.007385103758400957,50.7175162369358,260.81766705927544,220.0,0.1304088335296377,0.0,0.0,169191228377.79443,0.0,0.5005723600670922,0.0,0.0,0.5007653540169651,0.0,,0,16422664.561210848,4,,0,0.0,4,timeout,none,4,0.0,-267.76057421394904,0.0908925507081729,0.0002208035481345294,26.939744243698712,151.50272477842665,220.0,0.1056,0.0,0.0,170171920851.87244,0.0,0.25277462875272966,0.0,0.07088068181818181,0.38929463883890125,0.0,,0,15849505.674167996,4,,0,0.0,4,timeout,none,4,0.0,-267.1550382768081,0.34637720216078116,0.007385103758400957,50.7175162369358,260.81766705927544,220.0,0.1304088335296377,0.0,0.0,169191228377.79443,0.0,0.5005723600670922,0.0,0.0,0.5007653540169651,0.0,,0,16422664.561210848,4,,0,0.0,4,timeout,none,,,,-4.628238201141357,,,,,,,50000.0,50000.0,,0.0036943829618394375,-6.112076759338379,0.0022695534862577915,6.012850284576416,6.021234035491943,6.015351295471191,0.006103807128965855,50000.0,0.0
49d7229d18d0,my_pilot_nuclear,sac,hall_hermes,mars_crew_fast,reference,3,sac@hall_hermes,electric,50000,4,ok,True,3,best,return,50000,232320,50000,473.02670644200043,67.72453880199828,489.91380045500046,402.2992174220017,6.610338212776696,0.1321961885604491,0.0,231437,3,4,700030000,900030000,0,True,True,False,4,0.0,-267.23121612036135,0.4009168912444626,0.0067541396103815154,50.22541416752074,260.7584933523553,220.0,0.13037924667617762,0.0,0.0,199622883313.3137,0.0,0.5005512553380068,0.0,0.0,0.5009595395263398,0.0,,0,16422354.30229022,4,,0,0.0,4,timeout,none,4,0.0,-267.93872686052913,0.1810971675024385,0.0,25.782689376731227,139.6564645306221,220.0,0.10986785383141545,23.5,0.6232071923416416,200475707445.76602,0.0,0.2560154281937602,0.004024621212121212,0.10752840909090909,0.4739702388742995,0.005681818181818182,,0,15787393.494464256,4,,0,0.0,4,timeout,none,4,0.0,-267.23121612036135,0.4009168912444626,0.0067541396103815154,50.22541416752074,260.7584933523553,220.0,0.13037924667617762,0.0,0.0,199622883313.3137,0.0,0.5005512553380068,0.0,0.0,0.5009595395263398,0.0,,0,16422354.30229022,4,,0,0.0,4,timeout,none,,,,-5.2836103439331055,,,,,,,50000.0,50000.0,,0.005035304464399815,-3.879396677017212,-0.0011684957426041365,3.8050589561462402,3.8039820194244385,3.795153856277466,0.0041197375394403934,50000.0,0.0
bd6ef73c1a35,my_pilot_nuclear,sac,hall_hermes,mars_crew_fast,reference,2,sac@hall_hermes,electric,50000,4,ok,True,3,best,return,50000,232320,50000,477.7661483110023,69.45031052400009,495.08150430599926,405.6096847759982,6.76613635141257,0.13531190207608532,0.0,231437,3,4,700020000,900020000,0,True,True,False,4,0.0,-267.3387642894068,0.2362134974366402,0.005904467753320403,50.03212500865752,260.8028486727157,220.0,0.13040142433635785,0.0,0.0,170674805525.27936,0.0,0.5005547144845354,0.0,0.0,0.5007891392758624,0.0,,0,16422586.86561159,4,,0,0.0,4,timeout,none,4,0.0,-269.01604290275526,1.712373606133745,0.00024394276250522262,63.7867346726205,349.58372523407974,220.0,0.17479186261703988,144.0,5.0501710263871,171855604587.78815,0.0,0.6721554023199574,0.06354166666666666,0.004356060606060606,0.5513170640280639,0.07230113636363636,,0,16888081.768127907,4,,0,0.0,4,timeout,thermal,4,0.0,-267.3387642894068,0.2362134974366402,0.005904467753320403,50.03212500865752,260.8028486727157,220.0,0.13040142433635785,0.0,0.0,170674805525.27936,0.0,0.5005547144845354,0.0,0.0,0.5007891392758624,0.0,,0,16422586.86561159,4,,0,0.0,4,timeout,none,,,,-4.6236958503723145,,,,,,,50000.0,50000.0,,0.0011754035949707031,-0.2731514871120453,0.0007426366792060435,0.2418268322944641,0.2500760555267334,0.24867120385169983,0.0019732853397727013,50000.0,0.0
f316f1a93bc9,my_pilot_nuclear,sac,hall_hermes,mars_crew_fast,reference,4,sac@hall_hermes,electric,50000,4,ok,True,3,best,return,50000,232320,50000,478.66926728399994,70.37939703599113,496.2930612279997,405.6572090760019,6.733560292701441,0.13466043301938727,0.0,231437,3,4,700040000,900040000,0,True,True,False,4,0.0,-267.15705550367187,0.31969188387438424,0.007365457683661508,49.84338180610716,260.80377115325075,220.0,0.13040188557662538,0.0,0.0,164621941984.27686,0.0,0.5005585275167092,0.0,0.0,0.5007929768723747,0.0,,0,16422591.702351252,4,,0,0.0,4,timeout,none,4,0.0,-269.0031293706727,1.3981649944016536,0.0,53.07047288672929,268.0508240175824,220.0,0.13588644802786767,162.75,7.622732387160923,165759939877.67194,0.0,0.6141027250256615,0.18210227272727272,0.014109848484848486,0.611627862300498,0.05771780303030303,,0,16460589.36916051,4,,0,0.0,4,timeout,thermal,4,0.0,-267.15705550367187,0.31969188387438424,0.007365457683661508,49.84338180610716,260.80377115325075,220.0,0.13040188557662538,0.0,0.0,164621941984.27686,0.0,0.5005585275167092,0.0,0.0,0.5007929768723747,0.0,,0,16422591.702351252,4,,0,0.0,4,timeout,none,,,,-5.309390544891357,,,,,,,50000.0,50000.0,,0.005168690346181393,-2.25602650642395,-0.001014252658933401,2.166311502456665,2.183504343032837,2.1881682872772217,0.0032794675789773464,50000.0,0.0
75e77bf23f5a,my_pilot_nuclear,random,ion_next,mars_crew_fast,reference,1,random@ion_next,electric,50000,4,ok,False,3,best,return,0,36960,0,3.530003596097231e-07,9.074840644996584,9.077865946001111,0.0,0.6562511218508007,164.06278046270018,0.0,0,3,4,700010000,900010000,0,False,True,False,4,0.0,-275.15537237460484,1.5234913140119848,0.00019021681146663694,13.541984191858456,50.58695585873716,220.0,0.10252083333333332,448.0,78.94206252635615,170144676606.90604,0.0,0.5009682907892222,0.010132575757575757,0.009611742424242424,0.4996527202131057,0.4255208333333333,,0,14432082.45273571,4,,0,0.0,4,timeout,perveance,4,0.0,-275.15537237460484,1.5234913140119848,0.00019021681146663694,13.541984191858456,50.58695585873716,220.0,0.10252083333333332,448.0,78.94206252635615,170144676606.90604,0.0,0.5009682907892222,0.010132575757575757,0.009611742424242424,0.4996527202131057,0.4255208333333333,,0,14432082.45273571,4,,0,0.0,4,timeout,perveance,4,0.0,-275.15537237460484,1.5234913140119848,0.00019021681146663694,13.541984191858456,50.58695585873716,220.0,0.10252083333333332,448.0,78.94206252635615,170144676606.90604,0.0,0.5009682907892222,0.010132575757575757,0.009611742424242424,0.4996527202131057,0.4255208333333333,,0,14432082.45273571,4,,0,0.0,4,timeout,perveance,,,,,,,,,,,,,,,,,,,,,,
8d3b4d7964f1,my_pilot_nuclear,random,ion_next,mars_crew_fast,reference,2,random@ion_next,electric,50000,4,ok,False,3,best,return,0,36960,0,3.0500086722895503e-07,9.082529693998367,9.08557097099765,0.0,0.6597431134905491,164.9357783726373,0.0,0,3,4,700020000,900020000,0,False,True,False,4,0.0,-276.4418406334199,3.7296816346068984,0.00010630939107159065,13.300028177031047,50.3601146451329,220.0,0.10150520833333333,510.25,92.57263521803753,171609923201.2056,0.0,0.5002838113641537,0.010511363636363636,0.010179924242424244,0.49786659791557625,0.4257102272727272,,0,14430893.081412705,4,,0,0.0,4,timeout,perveance,4,0.0,-276.4418406334199,3.7296816346068984,0.00010630939107159065,13.300028177031047,50.3601146451329,220.0,0.10150520833333333,510.25,92.57263521803753,171609923201.2056,0.0,0.5002838113641537,0.010511363636363636,0.010179924242424244,0.49786659791557625,0.4257102272727272,,0,14430893.081412705,4,,0,0.0,4,timeout,perveance,4,0.0,-276.4418406334199,3.7296816346068984,0.00010630939107159065,13.300028177031047,50.3601146451329,220.0,0.10150520833333333,510.25,92.57263521803753,171609923201.2056,0.0,0.5002838113641537,0.010511363636363636,0.010179924242424244,0.49786659791557625,0.4257102272727272,,0,14430893.081412705,4,,0,0.0,4,timeout,perveance,,,,,,,,,,,,,,,,,,,,,,
c1ecfec6c973,my_pilot_nuclear,random,ion_next,mars_crew_fast,reference,3,random@ion_next,electric,50000,4,ok,False,3,best,return,0,36960,0,2.950000634882599e-07,9.157587583998975,9.160576860002038,0.0,0.6661640637430537,166.54101593576343,0.0,0,3,4,700030000,900030000,0,False,True,False,4,0.0,-276.3688822427272,1.69749072110497,3.2219724293292007e-06,13.408648484306543,50.51466514653025,220.0,0.10157291666666667,488.0,91.30905313278346,200431754673.5104,0.0,0.5019155553316301,0.011363636363636364,0.009138257575757576,0.4999752248002386,0.42684659090909094,,0,14431703.418879155,4,,0,0.0,4,timeout,perveance,4,0.0,-276.3688822427272,1.69749072110497,3.2219724293292007e-06,13.408648484306543,50.51466514653025,220.0,0.10157291666666667,488.0,91.30905313278346,200431754673.5104,0.0,0.5019155553316301,0.011363636363636364,0.009138257575757576,0.4999752248002386,0.42684659090909094,,0,14431703.418879155,4,,0,0.0,4,timeout,perveance,4,0.0,-276.3688822427272,1.69749072110497,3.2219724293292007e-06,13.408648484306543,50.51466514653025,220.0,0.10157291666666667,488.0,91.30905313278346,200431754673.5104,0.0,0.5019155553316301,0.011363636363636364,0.009138257575757576,0.4999752248002386,0.42684659090909094,,0,14431703.418879155,4,,0,0.0,4,timeout,perveance,,,,,,,,,,,,,,,,,,,,,,
95c96471d938,my_pilot_nuclear,random,ion_next,mars_crew_fast,reference,4,random@ion_next,electric,50000,4,ok,False,3,best,return,0,36960,0,2.9099828680045903e-07,10.037923878000583,10.040921967000031,0.0,0.7899733333179029,197.49333332947572,0.0,0,3,4,700040000,900040000,0,False,True,False,4,0.0,-277.13902809238715,2.845306037960873,7.369164325848887e-05,13.155374568024653,50.013540820493716,220.0,0.10094791666666666,529.0,99.73915775698725,165558197632.96298,0.0,0.5006023512235984,0.009232954545454546,0.010700757575757575,0.4997730441222137,0.4276041666666667,,0,14429075.929397952,4,,0,0.0,4,timeout,perveance,4,0.0,-277.13902809238715,2.845306037960873,7.369164325848887e-05,13.155374568024653,50.013540820493716,220.0,0.10094791666666666,529.0,99.73915775698725,165558197632.96298,0.0,0.5006023512235984,0.009232954545454546,0.010700757575757575,0.4997730441222137,0.4276041666666667,,0,14429075.929397952,4,,0,0.0,4,timeout,perveance,4,0.0,-277.13902809238715,2.845306037960873,7.369164325848887e-05,13.155374568024653,50.013540820493716,220.0,0.10094791666666666,529.0,99.73915775698725,165558197632.96298,0.0,0.5006023512235984,0.009232954545454546,0.010700757575757575,0.4997730441222137,0.4276041666666667,,0,14429075.929397952,4,,0,0.0,4,timeout,perveance,,,,,,,,,,,,,,,,,,,,,,
da78b3e4f9d6,my_pilot_nuclear,random,ion_next,mars_crew_fast,reference,5,random@ion_next,electric,50000,4,ok,False,3,best,return,0,36960,0,2.5999906938523054e-07,9.287800877995323,9.290767640999547,0.0,0.6755405705880548,168.8851426470137,0.0,0,3,4,700050000,900050000,0,False,True,False,4,0.0,-277.7668494031907,0.6656093086372831,1.3319834311603662e-05,12.944262254208507,49.67044862787519,220.0,0.10031770833333334,560.25,106.53589646524338,195502667635.31702,0.0,0.5016731910548653,0.010984848484848484,0.01074810606060606,0.5008166586994335,0.43044507575757573,,0,14427277.032237405,4,,0,0.0,4,timeout,perveance,4,0.0,-277.7668494031907,0.6656093086372831,1.3319834311603662e-05,12.944262254208507,49.67044862787519,220.0,0.10031770833333334,560.25,106.53589646524338,195502667635.31702,0.0,0.5016731910548653,0.010984848484848484,0.01074810606060606,0.5008166586994335,0.43044507575757573,,0,14427277.032237405,4,,0,0.0,4,timeout,perveance,4,0.0,-277.7668494031907,0.6656093086372831,1.3319834311603662e-05,12.944262254208507,49.67044862787519,220.0,0.10031770833333334,560.25,106.53589646524338,195502667635.31702,0.0,0.5016731910548653,0.010984848484848484,0.01074810606060606,0.5008166586994335,0.43044507575757573,,0,14427277.032237405,4,,0,0.0,4,timeout,perveance,,,,,,,,,,,,,,,,,,,,,,
c7406db33820,my_pilot_nuclear,random,ion_next,mars_crew_fast,reference,6,random@ion_next,electric,50000,4,ok,False,3,best,return,0,36960,0,3.339991963002831e-07,9.255354730998079,9.25833246899856,0.0,0.6608298262617609,165.20745656544022,0.0,0,3,4,700060000,900060000,0,False,True,False,4,0.0,-276.84908970680357,3.0044335184359334,0.00010855137318716013,13.254187467390938,50.30027881903292,220.0,0.10111979166666667,514.75,96.90450515452645,202682237289.59528,0.0,0.5013016347364155,0.009706439393939396,0.010558712121212122,0.49527041560151813,0.4321969696969697,,0,14430579.350876175,4,,0,0.0,4,timeout,perveance,4,0.0,-276.84908970680357,3.0044335184359334,0.00010855137318716013,13.254187467390938,50.30027881903292,220.0,0.10111979166666667,514.75,96.90450515452645,202682237289.59528,0.0,0.5013016347364155,0.009706439393939396,0.010558712121212122,0.49527041560151813,0.4321969696969697,,0,14430579.350876175,4,,0,0.0,4,timeout,perveance,4,0.0,-276.84908970680357,3.0044335184359334,0.00010855137318716013,13.254187467390938,50.30027881903292,220.0,0.10111979166666667,514.75,96.90450515452645,202682237289.59528,0.0,0.5013016347364155,0.009706439393939396,0.010558712121212122,0.49527041560151813,0.4321969696969697,,0,14430579.350876175,4,,0,0.0,4,timeout,perveance,,,,,,,,,,,,,,,,,,,,,,
9dddf2a04c59,my_pilot_nuclear,random,ion_next,mars_crew_fast,reference,7,random@ion_next,electric,50000,4,ok,False,3,best,return,0,36960,0,3.8800135371275246e-07,9.17735089100097,9.180343440999422,0.0,0.6600746969234024,165.0186742308506,0.0,0,3,4,700070000,900070000,0,False,True,False,4,0.0,-276.5766015486687,0.6329957806565143,1.4467305195747793e-05,13.191574889286004,50.02377425140248,220.0,0.10115104166666668,522.5,93.94516214298645,150423535125.247,0.0,0.49801468159438983,0.008570075757575757,0.008854166666666666,0.5026813106512594,0.42272727272727273,,0,14429129.585208839,4,,0,0.0,4,timeout,perveance,4,0.0,-276.5766015486687,0.6329957806565143,1.4467305195747793e-05,13.191574889286004,50.02377425140248,220.0,0.10115104166666668,522.5,93.94516214298645,150423535125.247,0.0,0.49801468159438983,0.008570075757575757,0.008854166666666666,0.5026813106512594,0.42272727272727273,,0,14429129.585208839,4,,0,0.0,4,timeout,perveance,4,0.0,-276.5766015486687,0.6329957806565143,1.4467305195747793e-05,13.191574889286004,50.02377425140248,220.0,0.10115104166666668,522.5,93.94516214298645,150423535125.247,0.0,0.49801468159438983,0.008570075757575757,0.008854166666666666,0.5026813106512594,0.42272727272727273,,0,14429129.585208839,4,,0,0.0,4,timeout,perveance,,,,,,,,,,,,,,,,,,,,,,
8251b12436c5,my_pilot_nuclear,max_thrust,ion_next,mars_crew_fast,reference,1,max_thrust@ion_next,electric,50000,4,ok,False,3,best,return,0,36960,0,4.989997250959277e-07,8.864372795997042,8.86730131800141,0.0,0.61944657290951,154.8616432273775,0.0,0,3,4,700010000,900010000,0,False,True,False,4,0.0,-267.6760140130617,0.06356344618359878,0.0008036886185516512,3.654490952926364,26.50128337390458,220.0,0.11,0.0,0.0,170077053820.47266,0.0,1.0,1.0,0.0,0.0,1.0,,0,14305796.723200053,4,,0,0.0,4,timeout,perveance,4,0.0,-267.6760140130617,0.06356344618359878,0.0008036886185516512,3.654490952926364,26.50128337390458,220.0,0.11,0.0,0.0,170077053820.47266,0.0,1.0,1.0,0.0,0.0,1.0,,0,14305796.723200053,4,,0,0.0,4,timeout,perveance,4,0.0,-267.6760140130617,0.06356344618359878,0.0008036886185516512,3.654490952926364,26.50128337390458,220.0,0.11,0.0,0.0,170077053820.47266,0.0,1.0,1.0,0.0,0.0,1.0,,0,14305796.723200053,4,,0,0.0,4,timeout,perveance,,,,,,,,,,,,,,,,,,,,,,
ba987e124e6f,my_pilot_nuclear,max_thrust,ion_next,mars_crew_fast,reference,2,max_thrust@ion_next,electric,50000,4,ok,False,3,best,return,0,36960,0,2.490014594513923e-07,8.955421454000316,8.958357502000581,0.0,0.6160479800819303,154.01199502048257,0.0,0,3,4,700020000,900020000,0,False,True,False,4,0.0,-267.7023670815607,0.036572975544116704,0.000593397160337128,3.65449672374794,26.881957423681552,220.0,0.11,0.0,0.0,171546725528.47736,0.0,1.0,1.0,0.0,0.0,1.0,,0,14307792.6691352,4,,0,0.0,4,timeout,perveance,4,0.0,-267.7023670815607,0.036572975544116704,0.000593397160337128,3.65449672374794,26.881957423681552,220.0,0.11,0.0,0.0,171546725528.47736,0.0,1.0,1.0,0.0,0.0,1.0,,0,14307792.6691352,4,,0,0.0,4,timeout,perveance,4,0.0,-267.7023670815607,0.036572975544116704,0.000593397160337128,3.65449672374794,26.881957423681552,220.0,0.11,0.0,0.0,171546725528.47736,0.0,1.0,1.0,0.0,0.0,1.0,,0,14307792.6691352,4,,0,0.0,4,timeout,perveance,,,,,,,,,,,,,,,,,,,,,,
caed43e00481,my_pilot_nuclear,max_thrust,ion_next,mars_crew_fast,reference,3,max_thrust@ion_next,electric,50000,4,ok,False,3,best,return,0,36960,0,3.9700171328149736e-07,8.834207447998779,8.837014442000509,0.0,0.6247103209243505,156.17758023108763,0.0,0,3,4,700030000,900030000,0,False,True,False,4,0.0,-267.738428546363,0.06327006714176955,0.0003970972579799559,3.6544948511026463,26.758431965401066,220.0,0.11,0.0,0.0,200373205123.1017,0.0,1.0,1.0,0.0,0.0,1.0,,0,14307145.001829047,4,,0,0.0,4,timeout,perveance,4,0.0,-267.738428546363,0.06327006714176955,0.0003970972579799559,3.6544948511026463,26.758431965401066,220.0,0.11,0.0,0.0,200373205123.1017,0.0,1.0,1.0,0.0,0.0,1.0,,0,14307145.001829047,4,,0,0.0,4,timeout,perveance,4,0.0,-267.738428546363,0.06327006714176955,0.0003970972579799559,3.6544948511026463,26.758431965401066,220.0,0.11,0.0,0.0,200373205123.1017,0.0,1.0,1.0,0.0,0.0,1.0,,0,14307145.001829047,4,,0,0.0,4,timeout,perveance,,,,,,,,,,,,,,,,,,,,,,
0853c355619f,my_pilot_nuclear,max_thrust,ion_next,mars_crew_fast,reference,4,max_thrust@ion_next,electric,50000,4,ok,False,3,best,return,0,36960,0,2.71997123491019e-07,8.910304734999954,8.91326234799999,0.0,0.6219784134773363,155.49460336933407,0.0,0,3,4,700040000,900040000,0,False,True,False,4,0.0,-267.71300857145917,0.05409517713580367,0.0005087021079325793,3.654498087642244,26.97193675929522,220.0,0.11,0.0,0.0,165490912384.0604,0.0,1.0,1.0,0.0,0.0,1.0,,0,14308264.447784863,4,,0,0.0,4,timeout,perveance,4,0.0,-267.71300857145917,0.05409517713580367,0.0005087021079325793,3.654498087642244,26.97193675929522,220.0,0.11,0.0,0.0,165490912384.0604,0.0,1.0,1.0,0.0,0.0,1.0,,0,14308264.447784863,4,,0,0.0,4,timeout,perveance,4,0.0,-267.71300857145917,0.05409517713580367,0.0005087021079325793,3.654498087642244,26.97193675929522,220.0,0.11,0.0,0.0,165490912384.0604,0.0,1.0,1.0,0.0,0.0,1.0,,0,14308264.447784863,4,,0,0.0,4,timeout,perveance,,,,,,,,,,,,,,,,,,,,,,
0e3b147d9c30,my_pilot_nuclear,max_thrust,ion_next,mars_crew_fast,reference,5,max_thrust@ion_next,electric,50000,4,ok,False,3,best,return,0,36960,0,2.980013960041106e-07,8.802170264003507,8.805181728999742,0.0,0.6185455035993073,154.63637589982682,0.0,0,3,4,700050000,900050000,0,False,True,False,4,0.0,-267.7072215482967,0.022382604236503137,0.0005633685385670884,3.6545016100690764,27.20429838642513,220.0,0.11,0.0,0.0,195439778154.62567,0.0,1.0,1.0,0.0,0.0,1.0,,0,14309482.76367854,4,,0,0.0,4,timeout,perveance,4,0.0,-267.7072215482967,0.022382604236503137,0.0005633685385670884,3.6545016100690764,27.20429838642513,220.0,0.11,0.0,0.0,195439778154.62567,0.0,1.0,1.0,0.0,0.0,1.0,,0,14309482.76367854,4,,0,0.0,4,timeout,perveance,4,0.0,-267.7072215482967,0.022382604236503137,0.0005633685385670884,3.6545016100690764,27.20429838642513,220.0,0.11,0.0,0.0,195439778154.62567,0.0,1.0,1.0,0.0,0.0,1.0,,0,14309482.76367854,4,,0,0.0,4,timeout,perveance,,,,,,,,,,,,,,,,,,,,,,
f8b8ca044fa4,my_pilot_nuclear,max_thrust,ion_next,mars_crew_fast,reference,6,max_thrust@ion_next,electric,50000,4,ok,False,3,best,return,0,36960,0,3.3800097298808396e-07,8.653168836000987,8.65619103499921,0.0,0.6095662053558044,152.3915513389511,0.0,0,3,4,700060000,900060000,0,False,True,False,4,0.0,-267.6928607478794,0.04043745221005985,0.0006785607783583447,3.6544968664292554,26.89138063718447,220.0,0.11,0.0,0.0,202622594022.1394,0.0,1.0,1.0,0.0,0.0,1.0,,0,14307842.076823216,4,,0,0.0,4,timeout,perveance,4,0.0,-267.6928607478794,0.04043745221005985,0.0006785607783583447,3.6544968664292554,26.89138063718447,220.0,0.11,0.0,0.0,202622594022.1394,0.0,1.0,1.0,0.0,0.0,1.0,,0,14307842.076823216,4,,0,0.0,4,timeout,perveance,4,0.0,-267.6928607478794,0.04043745221005985,0.0006785607783583447,3.6544968664292554,26.89138063718447,220.0,0.11,0.0,0.0,202622594022.1394,0.0,1.0,1.0,0.0,0.0,1.0,,0,14307842.076823216,4,,0,0.0,4,timeout,perveance,,,,,,,,,,,,,,,,,,,,,,
185f91bf9fd8,my_pilot_nuclear,max_thrust,ion_next,mars_crew_fast,reference,7,max_thrust@ion_next,electric,50000,4,ok,False,3,best,return,0,36960,0,2.8299837140366435e-07,8.656669512998633,8.659690771000896,0.0,0.6145033851826156,153.6258462956539,0.0,0,3,4,700070000,900070000,0,False,True,False,4,0.0,-267.6917909619005,0.031553475228711825,0.000668295885139697,3.6544974533326156,26.930093478294825,220.0,0.11,0.0,0.0,150350859422.66846,0.0,1.0,1.0,0.0,0.0,1.0,,0,14308045.055560268,4,,0,0.0,4,timeout,perveance,4,0.0,-267.6917909619005,0.031553475228711825,0.000668295885139697,3.6544974533326156,26.930093478294825,220.0,0.11,0.0,0.0,150350859422.66846,0.0,1.0,1.0,0.0,0.0,1.0,,0,14308045.055560268,4,,0,0.0,4,timeout,perveance,4,0.0,-267.6917909619005,0.031553475228711825,0.000668295885139697,3.6544974533326156,26.930093478294825,220.0,0.11,0.0,0.0,150350859422.66846,0.0,1.0,1.0,0.0,0.0,1.0,,0,14308045.055560268,4,,0,0.0,4,timeout,perveance,,,,,,,,,,,,,,,,,,,,,,
6a14329e3208,my_pilot_nuclear,prograde,ion_next,mars_crew_fast,reference,1,prograde@ion_next,electric,50000,4,ok,False,3,best,return,0,36960,0,2.8800059226341546e-07,8.681283173002157,8.684202809999988,0.0,0.6053567673625366,151.33919184063416,0.0,0,3,4,700010000,900010000,0,False,True,False,4,0.0,-304.87162017678463,13.2726858476782,0.0033167807208758227,20.603430471537223,76.13226100101107,220.0,0.09516532625126387,1610.25,397.4559884544859,169734274515.19965,0.0,1.0,1.0,0.0,0.5,0.9825757575757577,,0,14566021.311953139,4,,0,0.0,4,timeout,perveance,4,0.0,-304.87162017678463,13.2726858476782,0.0033167807208758227,20.603430471537223,76.13226100101107,220.0,0.09516532625126387,1610.25,397.4559884544859,169734274515.19965,0.0,1.0,1.0,0.0,0.5,0.9825757575757577,,0,14566021.311953139,4,,0,0.0,4,timeout,perveance,4,0.0,-304.87162017678463,13.2726858476782,0.0033167807208758227,20.603430471537223,76.13226100101107,220.0,0.09516532625126387,1610.25,397.4559884544859,169734274515.19965,0.0,1.0,1.0,0.0,0.5,0.9825757575757577,,0,14566021.311953139,4,,0,0.0,4,timeout,perveance,,,,,,,,,,,,,,,,,,,,,,
0ef233b4851a,my_pilot_nuclear,prograde,ion_next,mars_crew_fast,reference,2,prograde@ion_next,electric,50000,4,ok,False,3,best,return,0,36960,0,3.679997462313622e-07,8.647456815000623,8.650421922997339,0.0,0.6056715406957665,151.4178851739416,0.0,0,3,4,700020000,900020000,0,False,True,False,4,0.0,-295.01973759469934,12.701104048409467,0.0025529306986199485,18.596392291618777,69.22159648244653,220.0,0.09036647397991576,2213.25,292.9444167062614,171234253396.42154,0.0,1.0,1.0,0.0,0.5,0.9958806818181819,,0,14529787.39276933,4,,0,0.0,4,timeout,thermal,4,0.0,-295.01973759469934,12.701104048409467,0.0025529306986199485,18.596392291618777,69.22159648244653,220.0,0.09036647397991576,2213.25,292.9444167062614,171234253396.42154,0.0,1.0,1.0,0.0,0.5,0.9958806818181819,,0,14529787.39276933,4,,0,0.0,4,timeout,thermal,4,0.0,-295.01973759469934,12.701104048409467,0.0025529306986199485,18.596392291618777,69.22159648244653,220.0,0.09036647397991576,2213.25,292.9444167062614,171234253396.42154,0.0,1.0,1.0,0.0,0.5,0.9958806818181819,,0,14529787.39276933,4,,0,0.0,4,timeout,thermal,,,,,,,,,,,,,,,,,,,,,,
9def2a6783b0,my_pilot_nuclear,prograde,ion_next,mars_crew_fast,reference,3,prograde@ion_next,electric,50000,4,ok,False,3,best,return,0,36960,0,2.9299917514435947e-07,8.578558353994595,8.58153522199791,0.0,0.6042941030427755,151.07352576069388,0.0,0,3,4,700030000,900030000,0,False,True,False,4,0.0,-309.9102441000707,9.736926171773947,0.00264390660083047,19.089695748340475,71.12744080014774,220.0,0.08939654091085797,1944.5,450.4206320751823,200115956509.0125,0.0,1.0,1.0,0.0,0.5,0.9790246212121212,,0,14539780.094455108,4,,0,0.0,4,timeout,perveance,4,0.0,-309.9102441000707,9.736926171773947,0.00264390660083047,19.089695748340475,71.12744080014774,220.0,0.08939654091085797,1944.5,450.4206320751823,200115956509.0125,0.0,1.0,1.0,0.0,0.5,0.9790246212121212,,0,14539780.094455108,4,,0,0.0,4,timeout,perveance,4,0.0,-309.9102441000707,9.736926171773947,0.00264390660083047,19.089695748340475,71.12744080014774,220.0,0.08939654091085797,1944.5,450.4206320751823,200115956509.0125,0.0,1.0,1.0,0.0,0.5,0.9790246212121212,,0,14539780.094455108,4,,0,0.0,4,timeout,perveance,,,,,,,,,,,,,,,,,,,,,,
f77746e142ca,my_pilot_nuclear,prograde,ion_next,mars_crew_fast,reference,4,prograde@ion_next,electric,50000,4,ok,False,3,best,return,0,36960,0,3.3300239010713995e-07,8.656128773000091,8.658959213000344,0.0,0.6044168788648676,151.1042197162169,0.0,0,3,4,700040000,900040000,0,False,True,False,4,0.0,-306.79443245144233,15.166694939651371,0.002672469745424122,18.036816724689135,67.61517166354244,220.0,0.08652952034007139,2179.5,417.8696088069103,165190707111.85638,0.0,1.0,1.0,0.0,0.5,0.9793560606060605,,0,14521364.60406259,4,,0,0.0,4,timeout,thermal,4,0.0,-306.79443245144233,15.166694939651371,0.002672469745424122,18.036816724689135,67.61517166354244,220.0,0.08652952034007139,2179.5,417.8696088069103,165190707111.85638,0.0,1.0,1.0,0.0,0.5,0.9793560606060605,,0,14521364.60406259,4,,0,0.0,4,timeout,thermal,4,0.0,-306.79443245144233,15.166694939651371,0.002672469745424122,18.036816724689135,67.61517166354244,220.0,0.08652952034007139,2179.5,417.8696088069103,165190707111.85638,0.0,1.0,1.0,0.0,0.5,0.9793560606060605,,0,14521364.60406259,4,,0,0.0,4,timeout,thermal,,,,,,,,,,,,,,,,,,,,,,
4cac72051887,my_pilot_nuclear,prograde,ion_next,mars_crew_fast,reference,5,prograde@ion_next,electric,50000,4,ok,False,3,best,return,0,36960,0,3.119967004749924e-07,9.123776701999304,9.126544675000332,0.0,0.6056941984643345,151.42354961608362,0.0,0,3,4,700050000,900050000,0,False,True,False,4,0.0,-321.77087990149926,4.31020572493068,0.0023203414755078866,16.18584462884772,61.29618283677597,220.0,0.07800295159124687,2548.75,576.4710429302007,195197259857.598,0.0,1.0,1.0,0.0,0.5,0.9863636363636363,,0,14488232.952271745,4,,0,0.0,4,timeout,thermal,4,0.0,-321.77087990149926,4.31020572493068,0.0023203414755078866,16.18584462884772,61.29618283677597,220.0,0.07800295159124687,2548.75,576.4710429302007,195197259857.598,0.0,1.0,1.0,0.0,0.5,0.9863636363636363,,0,14488232.952271745,4,,0,0.0,4,timeout,thermal,4,0.0,-321.77087990149926,4.31020572493068,0.0023203414755078866,16.18584462884772,61.29618283677597,220.0,0.07800295159124687,2548.75,576.4710429302007,195197259857.598,0.0,1.0,1.0,0.0,0.5,0.9863636363636363,,0,14488232.952271745,4,,0,0.0,4,timeout,thermal,,,,,,,,,,,,,,,,,,,,,,
bd6e3c257757,my_pilot_nuclear,prograde,ion_next,mars_crew_fast,reference,6,prograde@ion_next,electric,50000,4,ok,False,3,best,return,0,36960,0,3.310015017632395e-07,8.626713997997285,8.62944600499759,0.0,0.607029018799949,151.75725469998724,0.0,0,3,4,700060000,900060000,0,False,True,False,4,0.0,-313.3377116217452,14.980231205877491,0.002658368613728951,18.341673744651708,68.55770781865382,220.0,0.08703898528640516,2104.75,486.86732434914484,202348890459.77087,0.0,1.0,1.0,0.0,0.5,0.982717803030303,,0,14526306.499126427,4,,0,0.0,4,timeout,thermal,4,0.0,-313.3377116217452,14.980231205877491,0.002658368613728951,18.341673744651708,68.55770781865382,220.0,0.08703898528640516,2104.75,486.86732434914484,202348890459.77087,0.0,1.0,1.0,0.0,0.5,0.982717803030303,,0,14526306.499126427,4,,0,0.0,4,timeout,thermal,4,0.0,-313.3377116217452,14.980231205877491,0.002658368613728951,18.341673744651708,68.55770781865382,220.0,0.08703898528640516,2104.75,486.86732434914484,202348890459.77087,0.0,1.0,1.0,0.0,0.5,0.982717803030303,,0,14526306.499126427,4,,0,0.0,4,timeout,thermal,,,,,,,,,,,,,,,,,,,,,,
faa9e51da8d3,my_pilot_nuclear,prograde,ion_next,mars_crew_fast,reference,7,prograde@ion_next,electric,50000,4,ok,False,3,best,return,0,36960,0,2.730012056417763e-07,8.745841299998574,8.748609887999919,0.0,0.6187468757525494,154.68671893813735,0.0,0,3,4,700070000,900070000,0,False,True,False,4,0.0,-319.1342699395357,8.079005639950815,0.003201878692102089,18.33450308583871,68.81131507029733,220.0,0.08601414383787165,1995.75,548.906542547498,150021954930.6155,0.0,1.0,1.0,0.0,0.5,0.9696022727272726,,0,14527636.20984177,4,,0,0.0,4,timeout,thermal,4,0.0,-319.1342699395357,8.079005639950815,0.003201878692102089,18.33450308583871,68.81131507029733,220.0,0.08601414383787165,1995.75,548.906542547498,150021954930.6155,0.0,1.0,1.0,0.0,0.5,0.9696022727272726,,0,14527636.20984177,4,,0,0.0,4,timeout,thermal,4,0.0,-319.1342699395357,8.079005639950815,0.003201878692102089,18.33450308583871,68.81131507029733,220.0,0.08601414383787165,1995.75,548.906542547498,150021954930.6155,0.0,1.0,1.0,0.0,0.5,0.9696022727272726,,0,14527636.20984177,4,,0,0.0,4,timeout,thermal,,,,,,,,,,,,,,,,,,,,,,
4a2a9c3ea9ad,my_pilot_nuclear,ppo,ion_next,mars_crew_fast,reference,1,ppo@ion_next,electric,50000,4,ok,True,3,best,return,50000,232320,50000,111.62218458899952,89.21857774099772,133.72826439099663,0.02381638000224484,12.361701423225895,0.24721425132441197,0.0,152075,3,4,700010000,900010000,0,True,True,False,4,0.0,-267.36638200850723,0.1668557575331571,0.00346442768667532,20.659451992115685,76.41768036491283,220.0,0.11,0.0,0.0,169759909685.16208,0.0,0.49767512867340086,0.0,0.0,0.5023243383617337,0.0,,0,14567517.819580926,4,,0,0.0,4,timeout,none,4,0.0,-267.48479941211616,0.14520940571482427,0.002466081643124146,15.988138255989615,62.3527909350187,220.0,0.11,0.0,0.0,169898614975.65372,0.0,0.47310107361073744,0.0,0.0,0.4800827488571292,0.41240530303030304,,0,14493772.948076464,4,,0,0.0,4,timeout,perveance,4,0.0,-267.36638200850723,0.1668557575331571,0.00346442768667532,20.659451992115685,76.41768036491283,220.0,0.11,0.0,0.0,169759909685.16208,0.0,0.49767512867340086,0.0,0.0,0.5023243383617337,0.0,,0,14567517.819580926,4,,0,0.0,4,timeout,none,,-0.008479863608954474,0.6851409037422854,6.845985287427903,0.009446666104486212,0.134228515625,0.8530334234237671,10.0,0.0,0.0,24.0,49152.0,-0.05057791620492935,,,,,,,,,
f3f1a97f4eb0,my_pilot_nuclear,sac,hall_hermes,mars_crew_fast,reference,5,sac@hall_hermes,electric,50000,4,ok,True,3,best,return,50000,232320,50000,475.274491311,68.68354438698952,492.6020748310002,404.25512510099725,6.684407036231278,0.13367744652890323,0.0,231437,3,4,700050000,900050000,0,True,True,False,4,0.0,-267.364594809448,0.16042781986840868,0.005692913994373439,49.3916961614816,260.7532879247285,220.0,0.13037664396236426,0.0,0.0,194657068494.01715,0.0,0.5005018229765648,0.0,0.0,0.5008707958245368,0.0,,0,16422327.009250103,4,,0,0.0,4,timeout,none,4,0.0,-267.98952741018803,0.3156233942483361,0.00024188007961778446,34.81859772036928,201.1990645279607,220.0,0.1120565484247111,28.0,1.2898078229439163,195328017826.66547,0.0,0.3354212334097335,0.001893939393939394,0.07481060606060606,0.46702262609773737,0.00615530303030303,,0,16110072.968872925,4,,0,0.0,4,timeout,none,4,0.0,-267.364594809448,0.16042781986840868,0.005692913994373439,49.3916961614816,260.7532879247285,220.0,0.13037664396236426,0.0,0.0,194657068494.01715,0.0,0.5005018229765648,0.0,0.0,0.5008707958245368,0.0,,0,16422327.009250103,4,,0,0.0,4,timeout,none,,,,-4.527328014373779,,,,,,,50000.0,50000.0,,0.015533315017819405,-7.259448051452637,0.0030046941246837378,7.176682949066162,7.174528121948242,7.205866813659668,0.006355749908834696,50000.0,0.0
4bff1181de06,my_pilot_nuclear,ppo,ion_next,mars_crew_fast,reference,2,ppo@ion_next,electric,50000,4,ok,True,3,best,return,50000,232320,50000,110.6141380299996,88.12103727799695,132.32566816100007,0.023457775001588743,12.303543842332147,0.24605119275122284,0.0,152075,3,4,700020000,900020000,0,True,True,False,4,0.0,-267.45734243451204,0.1296648142832855,0.0027309032834217095,20.38159200497218,76.42145328692992,220.0,0.11,0.0,0.0,171235060773.31665,0.0,0.49767272856763817,0.0,0.0,0.5022892395965755,0.0,,0,14567537.601723596,4,,0,0.0,4,timeout,none,4,0.0,-268.02345067734075,0.8542006890886183,0.0024685377056653246,18.992744970874874,72.35223470661572,220.0,0.10909375,97.5,5.746257089076166,171301368609.94498,0.0,0.47155089451028315,0.0,0.0,0.4844923461124188,0.11586174242424244,,0,14546201.920215072,4,,0,0.0,4,timeout,none,4,0.0,-267.45734243451204,0.1296648142832855,0.0027309032834217095,20.38159200497218,76.42145328692992,220.0,0.11,0.0,0.0,171235060773.31665,0.0,0.49767272856763817,0.0,0.0,0.5022892395965755,0.0,,0,14567537.601723596,4,,0,0.0,4,timeout,none,,-0.010107938697910868,0.7186447386280633,6.947095462679863,0.01186563480005134,0.1666015625,0.7746996879577637,10.0,0.0,0.0,24.0,49152.0,-0.026773545891046524,,,,,,,,,
75e7f418d5d7,my_pilot_nuclear,sac,hall_hermes,mars_crew_fast,reference,6,sac@hall_hermes,electric,50000,4,ok,True,3,best,return,50000,232320,50000,471.7123257109997,66.6045113080072,488.205312504997,402.1075029940039,6.4400030175893335,0.12878975717121297,0.0,231437,3,4,700060000,900060000,5280,True,True,False,4,0.0,-267.09036194576856,0.20880880234301155,9.747455933395432e-05,0.013583029304343349,0.09826748734580545,220.0,0.04371,0.0,0.0,202680850256.51996,0.0,0.00010272058884077,0.0,1.0,0.002080778701400215,0.0,,0,15055663.511114623,4,,0,0.0,4,timeout,none,4,0.0,-268.69732362375794,0.7678910893762955,7.116491558539773e-05,45.88686676880896,250.68176512321722,220.0,0.1429628795993584,120.25,4.838213127113735,202688588806.15353,0.0,0.4993776920505546,0.1650094696969697,0.01699810606060606,0.4612083819581929,0.02675189393939394,,0,16369520.113145176,4,,0,0.0,4,timeout,none,4,0.0,-267.09036194576856,0.20880880234301155,9.747455933395432e-05,0.013583029304343349,0.09826748734580545,220.0,0.04371,0.0,0.0,202680850256.51996,0.0,0.00010272058884077,0.0,1.0,0.002080778701400215,0.0,,0,15055663.511114623,4,,0,0.0,4,timeout,none,,,,-5.376753330230713,,,,,,,50000.0,50000.0,,0.0029399781487882137,-3.082242488861084,-0.0019476126180961728,3.022015333175659,3.0278899669647217,3.025120735168457,0.005170224234461784,50000.0,0.0
9b63ce3a6d44,my_pilot_nuclear,sac,hall_hermes,mars_crew_fast,reference,7,sac@hall_hermes,electric,50000,4,ok,True,3,best,return,50000,232320,50000,475.59678311300013,68.16667608799253,492.6630207169983,404.5402567540041,6.794099890652433,0.13587112812279883,0.0,231437,3,4,700070000,900070000,0,True,True,False,4,0.0,-267.1478862367793,0.311359870988997,0.007445695888227605,49.90496905937486,260.83308833267256,220.0,0.13041654416633625,0.0,0.0,149401027737.0622,0.0,0.5005537676427401,0.0,0.0,0.5006611005120882,0.0,,0,16422745.417859653,4,,0,0.0,4,timeout,none,4,0.0,-268.059015252274,0.05516316323829333,0.0002901122668029499,32.719891284955146,188.97823199979686,220.0,0.105385,61.75,1.9218810681199097,150613925367.73404,0.0,0.32249373785982083,0.023342803030303033,0.2872159090909091,0.45520059388328454,0.01699810606060606,,0,16045996.83596345,4,,0,0.0,4,timeout,none,4,0.0,-267.1478862367793,0.311359870988997,0.007445695888227605,49.90496905937486,260.83308833267256,220.0,0.13041654416633625,0.0,0.0,149401027737.0622,0.0,0.5005537676427401,0.0,0.0,0.5006611005120882,0.0,,0,16422745.417859653,4,,0,0.0,4,timeout,none,,,,-4.392914772033691,,,,,,,50000.0,50000.0,,0.006525461561977863,-5.507715225219727,0.003817734308540821,5.379011154174805,5.367446422576904,5.368342399597168,0.006288536358624697,50000.0,0.0
55b25129d845,my_pilot_nuclear,ppo,ion_next,mars_crew_fast,reference,3,ppo@ion_next,electric,50000,4,ok,True,3,best,return,50000,232320,50000,109.13757791699754,86.57263347900516,130.9207196770003,0.023888792005891446,12.245518136751343,0.244890771473309,0.0,152075,3,4,700030000,900030000,0,True,True,False,4,0.0,-267.45093170902624,0.17521030962394887,0.0027801996642627946,20.459325470204654,76.39777768298615,220.0,0.11,0.0,0.0,200105163515.63644,0.0,0.4976871725157693,0.0,0.0,0.502510699158478,0.0,,0,14567413.466060864,4,,0,0.0,4,timeout,none,4,0.0,-267.66733371873397,0.06355932063322989,0.0009617512383138793,15.398194404328756,58.11296242476592,220.0,0.11,0.0,0.0,200257389577.45074,0.0,0.4615425624376671,0.0,0.0,0.5457645325893254,0.33963068181818185,,0,14471542.726484746,4,,0,0.0,4,timeout,perveance,4,0.0,-267.45093170902624,0.17521030962394887,0.0027801996642627946,20.459325470204654,76.39777768298615,220.0,0.11,0.0,0.0,200105163515.63644,0.0,0.4976871725157693,0.0,0.0,0.502510699158478,0.0,,0,14567413.466060864,4,,0,0.0,4,timeout,none,,-0.010297630935383495,0.7700770675583044,6.915144275128841,0.011190617189276964,0.159033203125,0.9011169075965881,10.0,0.0,0.0,24.0,49152.0,-0.03525814414024353,,,,,,,,,
1ded4f66776a,my_pilot_nuclear,ppo,ion_next,mars_crew_fast,reference,4,ppo@ion_next,electric,50000,4,ok,True,3,best,return,50000,232320,50000,111.46264153800075,89.52045823499793,133.55099837000307,0.02382638299604878,12.187779889245576,0.24373609889699976,0.0,152075,3,4,700040000,900040000,0,True,True,False,4,0.0,-267.40352399972835,0.14569086706710205,0.003163817917640699,20.3032193814155,76.41706189574258,220.0,0.11,0.0,0.0,165180166219.4574,0.0,0.49762815823214074,0.0,0.0,0.5022558582946658,0.0,,0,14567514.576830268,4,,0,0.0,4,timeout,none,4,0.0,-270.82912918946613,4.804374017967752,0.002455426301057606,19.520558659230723,76.55140058957485,220.0,0.10545833333333333,250.5,35.75266420168218,165377388914.6354,0.0,0.5637923160031664,0.0,0.0,0.4680916506811186,0.4894886363636364,,0,14568218.939972552,4,,0,0.0,4,timeout,perveance,4,0.0,-267.40352399972835,0.14569086706710205,0.003163817917640699,20.3032193814155,76.41706189574258,220.0,0.11,0.0,0.0,165180166219.4574,0.0,0.49762815823214074,0.0,0.0,0.5022558582946658,0.0,,0,14567514.576830268,4,,0,0.0,4,timeout,none,,-0.011469522881816374,0.7221256591903511,6.91274429410696,0.011972112648072653,0.16748046875,0.895599901676178,10.0,0.0,0.0,24.0,49152.0,-0.03562629595398903,,,,,,,,,
5d7ee43107ce,my_pilot_nuclear,ppo,ion_next,mars_crew_fast,reference,5,ppo@ion_next,electric,50000,4,ok,True,3,best,return,50000,232320,50000,109.39630399599992,86.93539858900112,131.100944668,0.02323640000395244,12.38212481595474,0.24762268650417446,0.0,152075,3,4,700050000,900050000,0,True,True,False,4,0.0,-267.45089959095355,0.09911449437501581,0.002779285935038428,20.121967414908944,76.40994308091277,220.0,0.11,0.0,0.0,195160564108.63608,0.0,0.4976538232838114,0.0,0.0,0.5023455131290989,0.0,,0,14567477.251539689,4,,0,0.0,4,timeout,none,4,0.0,-267.58678924059024,0.0707435940013561,0.0016325751039976688,15.107894623685715,59.72381905778526,220.0,0.11,0.0,0.0,195382983681.56668,0.0,0.5357491621084398,0.0,0.0,0.47392889900612784,0.44223484848484845,,0,14479988.752029862,4,,0,0.0,4,timeout,perveance,4,0.0,-267.45089959095355,0.09911449437501581,0.002779285935038428,20.121967414908944,76.40994308091277,220.0,0.11,0.0,0.0,195160564108.63608,0.0,0.4976538232838114,0.0,0.0,0.5023455131290989,0.0,,0,14567477.251539689,4,,0,0.0,4,timeout,none,,-0.009313101718726102,0.756591899052728,6.9107656419277195,0.011751113817445003,0.170947265625,0.8016220927238464,10.0,0.0,0.0,24.0,49152.0,-0.0362924262881279,,,,,,,,,
6ae9bf996cf9,my_pilot_nuclear,ppo,ion_next,mars_crew_fast,reference,6,ppo@ion_next,electric,50000,4,ok,True,3,best,return,50000,232320,50000,110.28523387899986,87.3530516580031,132.4858681629994,0.02336761499827844,12.550713943026494,0.25099419932458394,0.0,152075,3,4,700060000,900060000,0,True,True,False,4,0.0,-267.44186531378693,0.14958088702304684,0.0028537848715301517,20.361878197281523,76.40116203851727,220.0,0.11,0.0,0.0,202355483330.9294,0.0,0.49769337139318165,0.0,0.0,0.5024894829811246,0.0,,0,14567431.210876066,4,,0,0.0,4,timeout,none,4,0.0,-267.8682412771101,0.6143352659741447,0.0013265076947383825,17.43944370649646,60.682359243601425,220.0,0.10950520833333333,41.5,2.557905827123069,202614675027.1192,0.0,0.4647808910432187,0.0,0.0,0.6185447988820008,0.008996212121212122,,0,14485014.559249125,4,,0,0.0,4,timeout,none,4,0.0,-267.44186531378693,0.14958088702304684,0.0028537848715301517,20.361878197281523,76.40116203851727,220.0,0.11,0.0,0.0,202355483330.9294,0.0,0.49769337139318165,0.0,0.0,0.5024894829811246,0.0,,0,14567431.210876066,4,,0,0.0,4,timeout,none,,-0.011582941994493012,0.7671104938315694,7.126548682153225,0.011363587915548123,0.159619140625,0.8268906474113464,10.0,0.0,0.0,24.0,49152.0,0.006467120256274939,,,,,,,,,
de29322bb461,my_pilot_nuclear,ppo,ion_next,mars_crew_fast,reference,7,ppo@ion_next,electric,50000,4,ok,True,3,best,return,50000,232320,50000,110.60986466000031,88.9163793819971,133.12402269700033,0.02337346299100318,12.384855648935627,0.24767729879480896,0.0,152075,3,4,700070000,900070000,0,True,True,False,4,0.0,-267.3602468257589,0.17134967322663838,0.0035146421316425425,20.32858997451533,76.42994088828091,220.0,0.11,0.0,0.0,150011267652.51016,0.0,0.4976037622245988,0.0,0.0,0.5021062248471108,0.0,,0,14567582.103820404,4,,0,0.0,4,timeout,none,4,0.0,-282.22007782909725,1.5515107802052825,0.0005464390939917962,14.251487270468068,51.47186283140964,220.0,0.09120833333333334,1278.75,155.21287761764307,150433707985.59204,0.0,0.5200414558251699,0.0,0.0,0.5349195052615621,0.2696022727272727,,0,14436722.187112466,4,,0,0.0,4,timeout,thermal,4,0.0,-267.3602468257589,0.17134967322663838,0.0035146421316425425,20.32858997451533,76.42994088828091,220.0,0.11,0.0,0.0,150011267652.51016,0.0,0.4976037622245988,0.0,0.0,0.5021062248471108,0.0,,0,14567582.103820404,4,,0,0.0,4,timeout,none,,-0.009515809705771972,0.7855902207331382,6.992200236022472,0.01127653892035596,0.161767578125,0.8344476819038391,10.0,0.0,0.0,24.0,49152.0,-0.020541056990623474,,,,,,,,,
817945c489b2,my_pilot_nuclear,sac,ion_next,mars_crew_fast,reference,1,sac@ion_next,electric,50000,4,ok,True,3,best,return,50000,232320,50000,473.2122245790015,69.66635790299915,490.41743506999774,400.61743041999944,6.71501130512479,0.13428948294386028,0.0,231437,3,4,700010000,900010000,5280,True,True,False,4,0.0,-267.2830171500585,0.13066019808958323,0.00019374761139215324,0.0011246209966693024,0.007928882864292932,220.0,0.06383854166666666,0.0,0.0,170145180258.9704,0.0,1.4614082421317244e-05,0.0,1.0,0.015685570145477397,0.0,,0,14166887.062203262,4,,0,0.0,4,timeout,none,4,0.0,-269.82290655229804,2.0344484776814236,3.9985071290576935e-05,7.786593071831576,36.55745045180906,220.0,0.10713541666666666,169.75,21.742089031750638,170141724835.56995,0.0,0.47085249229108517,0.013636363636363636,0.016666666666666666,0.2951637836130844,0.581344696969697,,0,14358523.106346108,4,,0,0.0,4,timeout,perveance,4,0.0,-267.2830171500585,0.13066019808958323,0.00019374761139215324,0.0011246209966693024,0.007928882864292932,220.0,0.06383854166666666,0.0,0.0,170145180258.9704,0.0,1.4614082421317244e-05,0.0,1.0,0.015685570145477397,0.0,,0,14166887.062203262,4,,0,0.0,4,timeout,none,,,,-5.596911430358887,,,,,,,50000.0,50000.0,,0.006195366382598877,-7.90865421295166,-0.0035898855421692133,7.791391372680664,7.799272537231445,7.798479080200195,0.00601551216095686,50000.0,0.0
97c941adb1ea,my_pilot_nuclear,sac,ion_next,mars_crew_fast,reference,2,sac@ion_next,electric,50000,4,ok,True,3,best,return,50000,232320,50000,480.67491005400007,68.18651035999574,497.6685345879996,409.80798691599193,6.597782356955577,0.131945091531789,0.0,231437,3,4,700020000,900020000,0,True,True,False,4,0.0,-267.4556135975546,0.12973402563549943,0.0027467732414846735,20.524118393527875,77.0441418932372,220.0,0.11,0.0,0.0,171229148369.46924,0.0,0.5005866243927317,0.0,0.0,0.5007533429613844,0.0,,0,14570802.47568427,4,,0,0.0,4,timeout,none,4,0.0,-275.4451750172136,9.420414572782551,8.780784482903536e-05,6.3124324612256935,26.174666669521628,220.0,0.10279687500000001,392.25,81.88637570951366,171625846210.18805,0.0,0.24348629233709568,0.0027935606060606063,0.08243371212121212,0.3736322600211045,0.3228219696969697,,0,14304084.210135803,4,,0,0.0,4,timeout,perveance,4,0.0,-267.4556135975546,0.12973402563549943,0.0027467732414846735,20.524118393527875,77.0441418932372,220.0,0.11,0.0,0.0,171229148369.46924,0.0,0.5005866243927317,0.0,0.0,0.5007533429613844,0.0,,0,14570802.47568427,4,,0,0.0,4,timeout,none,,,,-4.883792400360107,,,,,,,50000.0,50000.0,,0.0017088470049202442,-0.24333420395851135,0.00022175304184202105,0.20079831779003143,0.20585282146930695,0.20411433279514313,0.0019081038190051913,50000.0,0.0
c9a2436952c5,my_pilot_nuclear,sac,ion_next,mars_crew_fast,reference,3,sac@ion_next,electric,50000,4,ok,True,3,best,return,50000,232320,50000,472.91358903199944,68.61637967299248,489.99084992400094,401.3290735249975,6.771039561066573,0.13540995842465747,0.0,231437,3,4,700030000,900030000,0,True,True,False,4,0.0,-267.448515454373,0.17643193877132338,0.002801577003144068,20.601999484551357,77.02397917979798,220.0,0.11,0.0,0.0,200099933519.97327,0.0,0.5005625194869935,0.0,0.0,0.5008894602881011,0.0,,0,14570696.758769881,4,,0,0.0,4,timeout,none,4,0.0,-268.62330671673396,1.3867104953333684,4.369390867806078e-05,7.347943194984815,35.21325625187379,220.0,0.109375,33.25,8.571428589246626,200471867743.18243,0.0,0.4276585572046425,0.036079545454545454,0.04659090909090909,0.33196747239368657,0.6048295454545454,,0,14351475.24229816,4,,0,0.0,4,timeout,perveance,4,0.0,-267.448515454373,0.17643193877132338,0.002801577003144068,20.601999484551357,77.02397917979798,220.0,0.11,0.0,0.0,200099933519.97327,0.0,0.5005625194869935,0.0,0.0,0.5008894602881011,0.0,,0,14570696.758769881,4,,0,0.0,4,timeout,none,,,,-5.2545485496521,,,,,,,50000.0,50000.0,,0.0012654667953029275,-1.5777214765548706,-0.0005763089284300804,1.5404144525527954,1.5432779788970947,1.5440257787704468,0.0022641061805188656,50000.0,0.0
c47f67f7be60,my_pilot_nuclear,sac,ion_next,mars_crew_fast,reference,4,sac@ion_next,electric,50000,4,ok,True,3,best,return,50000,232320,50000,473.5066555830017,68.80412669200814,490.9224349549986,402.25321046899626,6.776279753339622,0.13551475388648154,0.0,231437,3,4,700040000,900040000,0,True,True,False,4,0.0,-267.40111190985874,0.1456819737501828,0.0031852126147609017,20.44728554394137,77.04956235941731,220.0,0.11,0.0,0.0,165174389676.11914,0.0,0.5005808275729192,0.0,0.0,0.500692454829925,0.0,,0,14570830.896212135,4,,0,0.0,4,timeout,none,4,0.0,-282.11431588372943,7.040889307193492,5.3159700739324744e-05,9.46441296711715,37.21740879563219,220.0,0.09693229166666666,713.75,152.67320972278986,165521747292.9757,0.0,0.5250835696192967,0.030965909090909093,0.04199810606060606,0.4993962611960755,0.5098958333333333,,0,14361983.39257915,4,,0,0.0,4,timeout,perveance,4,0.0,-267.40111190985874,0.1456819737501828,0.0031852126147609017,20.44728554394137,77.04956235941731,220.0,0.11,0.0,0.0,165174389676.11914,0.0,0.5005808275729192,0.0,0.0,0.500692454829925,0.0,,0,14570830.896212135,4,,0,0.0,4,timeout,none,,,,-5.05426549911499,,,,,,,50000.0,50000.0,,0.0043717315420508385,-3.759021282196045,-0.00016078411135822535,3.6872682571411133,3.6735241413116455,3.693188428878784,0.0029626700561493635,50000.0,0.0
96aebc396fc3,my_pilot_nuclear,random,nep_brayton,mars_crew_fast,reference,1,random@nep_brayton,nuclear,50000,4,ok,False,3,best,return,0,36960,0,3.259992809034884e-07,12.478408734001277,12.481452269999863,0.0,0.7075148988515139,176.87872471287847,0.0,0,3,4,700010000,900010000,0,False,True,False,4,0.0,-274.2904161427893,0.9794972389753939,0.0011119077907698893,3600.9364478926245,12158.454881345806,220.0,0.6079227440672903,0.25,0.00014593087955338055,170021048647.62845,0.0,0.5015772596537842,0.009327651515151514,0.009611742424242425,0.5044478848731766,0.32021780303030306,,0,1152634430.5738115,4,,0,0.0,4,timeout,perveance,4,0.0,-274.2904161427893,0.9794972389753939,0.0011119077907698893,3600.9364478926245,12158.454881345806,220.0,0.6079227440672903,0.25,0.00014593087955338055,170021048647.62845,0.0,0.5015772596537842,0.009327651515151514,0.009611742424242425,0.5044478848731766,0.32021780303030306,,0,1152634430.5738115,4,,0,0.0,4,timeout,perveance,4,0.0,-274.2904161427893,0.9794972389753939,0.0011119077907698893,3600.9364478926245,12158.454881345806,220.0,0.6079227440672903,0.25,0.00014593087955338055,170021048647.62845,0.0,0.5015772596537842,0.009327651515151514,0.009611742424242425,0.5044478848731766,0.32021780303030306,,0,1152634430.5738115,4,,0,0.0,4,timeout,perveance,,,,,,,,,,,,,,,,,,,,,,
1a686f7df639,my_pilot_nuclear,random,nep_brayton,mars_crew_fast,reference,2,random@nep_brayton,nuclear,50000,4,ok,False,3,best,return,0,36960,0,3.950008249375969e-07,12.296976287998405,12.301155561002815,0.0,0.6851417601392313,171.28544003480783,0.0,0,3,4,700020000,900020000,0,False,True,False,4,0.0,-274.78157257177804,0.30052349909417597,0.0027555658483872647,3550.13476752403,12255.236492770786,220.0,0.6127618246385392,0.0,0.0,172465945211.70276,0.0,0.5016139482373767,0.009943181818181818,0.00918560606060606,0.5009476423912653,0.31931818181818183,,0,1153141874.8401961,4,,0,0.0,4,timeout,perveance,4,0.0,-274.78157257177804,0.30052349909417597,0.0027555658483872647,3550.13476752403,12255.236492770786,220.0,0.6127618246385392,0.0,0.0,172465945211.70276,0.0,0.5016139482373767,0.009943181818181818,0.00918560606060606,0.5009476423912653,0.31931818181818183,,0,1153141874.8401961,4,,0,0.0,4,timeout,perveance,4,0.0,-274.78157257177804,0.30052349909417597,0.0027555658483872647,3550.13476752403,12255.236492770786,220.0,0.6127618246385392,0.0,0.0,172465945211.70276,0.0,0.5016139482373767,0.009943181818181818,0.00918560606060606,0.5009476423912653,0.31931818181818183,,0,1153141874.8401961,4,,0,0.0,4,timeout,perveance,,,,,,,,,,,,,,,,,,,,,,
cac77ee4b131,my_pilot_nuclear,random,nep_brayton,mars_crew_fast,reference,3,random@nep_brayton,nuclear,50000,4,ok,False,3,best,return,0,36960,0,2.759989001788199e-07,12.277141456001118,12.280057931002375,0.0,0.7078477975373971,176.96194938434928,0.0,0,3,4,700030000,900030000,0,False,True,False,4,0.0,-273.9458796280751,1.0281537174784592,0.003567874541226118,3516.6036616280526,12203.08324562584,220.0,0.6101541622812922,0.25,0.0021098450134960462,200216859598.40146,0.0,0.49885629372755913,0.009659090909090909,0.010369318181818183,0.5002159662163732,0.31685606060606064,,0,1152868425.516018,4,,0,0.0,4,timeout,perveance,4,0.0,-273.9458796280751,1.0281537174784592,0.003567874541226118,3516.6036616280526,12203.08324562584,220.0,0.6101541622812922,0.25,0.0021098450134960462,200216859598.40146,0.0,0.49885629372755913,0.009659090909090909,0.010369318181818183,0.5002159662163732,0.31685606060606064,,0,1152868425.516018,4,,0,0.0,4,timeout,perveance,4,0.0,-273.9458796280751,1.0281537174784592,0.003567874541226118,3516.6036616280526,12203.08324562584,220.0,0.6101541622812922,0.25,0.0021098450134960462,200216859598.40146,0.0,0.49885629372755913,0.009659090909090909,0.010369318181818183,0.5002159662163732,0.31685606060606064,,0,1152868425.516018,4,,0,0.0,4,timeout,perveance,,,,,,,,,,,,,,,,,,,,,,
a6f6fe27f867,my_pilot_nuclear,random,nep_brayton,mars_crew_fast,reference,4,random@nep_brayton,nuclear,50000,4,ok,False,3,best,return,0,36960,0,3.0700175557285547e-07,12.238341255000705,12.241247307003505,0.0,0.6892435630288674,172.31089075721684,0.0,0,3,4,700040000,900040000,0,False,True,False,4,0.0,-274.2916128151756,1.0734205837060755,0.0005431541295287667,3563.4903458282415,12181.244802796245,220.0,0.6090622401398122,0.0,0.0,166129416146.6177,0.0,0.5007612032110267,0.009469696969696968,0.01065340909090909,0.5005425421577512,0.3183238636363636,,0,1152753922.435965,4,,0,0.0,4,timeout,perveance,4,0.0,-274.2916128151756,1.0734205837060755,0.0005431541295287667,3563.4903458282415,12181.244802796245,220.0,0.6090622401398122,0.0,0.0,166129416146.6177,0.0,0.5007612032110267,0.009469696969696968,0.01065340909090909,0.5005425421577512,0.3183238636363636,,0,1152753922.435965,4,,0,0.0,4,timeout,perveance,4,0.0,-274.2916128151756,1.0734205837060755,0.0005431541295287667,3563.4903458282415,12181.244802796245,220.0,0.6090622401398122,0.0,0.0,166129416146.6177,0.0,0.5007612032110267,0.009469696969696968,0.01065340909090909,0.5005425421577512,0.3183238636363636,,0,1152753922.435965,4,,0,0.0,4,timeout,perveance,,,,,,,,,,,,,,,,,,,,,,
36380be7d305,my_pilot_nuclear,random,nep_brayton,mars_crew_fast,reference,5,random@nep_brayton,nuclear,50000,4,ok,False,3,best,return,0,36960,0,2.61999957729131e-07,12.409234781996929,12.41217549999783,0.0,0.7045898618198407,176.14746545496018,0.0,0,3,4,700050000,900050000,0,False,True,False,4,0.0,-274.959201982788,1.2313743630611478,0.0009089579940153303,3567.3643625270897,12333.152608645834,220.0,0.6166576304322917,0.0,0.0,196240139641.03976,0.0,0.5034165298354558,0.010274621212121212,0.010227272727272727,0.5001575774386187,0.3177083333333333,,0,1153550403.7505703,4,,0,0.0,4,timeout,perveance,4,0.0,-274.959201982788,1.2313743630611478,0.0009089579940153303,3567.3643625270897,12333.152608645834,220.0,0.6166576304322917,0.0,0.0,196240139641.03976,0.0,0.5034165298354558,0.010274621212121212,0.010227272727272727,0.5001575774386187,0.3177083333333333,,0,1153550403.7505703,4,,0,0.0,4,timeout,perveance,4,0.0,-274.959201982788,1.2313743630611478,0.0009089579940153303,3567.3643625270897,12333.152608645834,220.0,0.6166576304322917,0.0,0.0,196240139641.03976,0.0,0.5034165298354558,0.010274621212121212,0.010227272727272727,0.5001575774386187,0.3177083333333333,,0,1153550403.7505703,4,,0,0.0,4,timeout,perveance,,,,,,,,,,,,,,,,,,,,,,
9619d67bbab3,my_pilot_nuclear,random,nep_brayton,mars_crew_fast,reference,6,random@nep_brayton,nuclear,50000,4,ok,False,3,best,return,0,36960,0,3.269997250754386e-07,12.69496876500125,12.697947388998728,0.0,0.7127494790074707,178.18736975186766,0.0,0,3,4,700060000,900060000,0,False,True,False,4,0.0,-274.45868632403443,0.9052786057986464,0.0009756398144044054,3525.252295148478,12135.121732889022,220.0,0.606756086644451,0.25,0.0009791108889558114,202700629145.56815,0.0,0.4972671356009827,0.010369318181818183,0.010464015151515151,0.5007535212927244,0.3131155303030303,,0,1152512090.469873,4,,0,0.0,4,timeout,perveance,4,0.0,-274.45868632403443,0.9052786057986464,0.0009756398144044054,3525.252295148478,12135.121732889022,220.0,0.606756086644451,0.25,0.0009791108889558114,202700629145.56815,0.0,0.4972671356009827,0.010369318181818183,0.010464015151515151,0.5007535212927244,0.3131155303030303,,0,1152512090.469873,4,,0,0.0,4,timeout,perveance,4,0.0,-274.45868632403443,0.9052786057986464,0.0009756398144044054,3525.252295148478,12135.121732889022,220.0,0.606756086644451,0.25,0.0009791108889558114,202700629145.56815,0.0,0.4972671356009827,0.010369318181818183,0.010464015151515151,0.5007535212927244,0.3131155303030303,,0,1152512090.469873,4,,0,0.0,4,timeout,perveance,,,,,,,,,,,,,,,,,,,,,,
246d2cee203b,my_pilot_nuclear,random,nep_brayton,mars_crew_fast,reference,7,random@nep_brayton,nuclear,50000,4,ok,False,3,best,return,0,36960,0,2.890010364353657e-07,12.38557840499925,12.388547913000366,0.0,0.707795479826018,176.9488699565045,0.0,0,3,4,700070000,900070000,0,False,True,False,4,0.0,-273.93367224966437,0.6575310917003492,0.0016125196166029976,3494.060146960899,12178.404605342035,220.0,0.6089202302671017,0.0,0.0,150285532828.40018,0.0,0.4984585033560341,0.009611742424242424,0.008806818181818183,0.4985071834063891,0.31875000000000003,,0,1152739030.7443273,4,,0,0.0,4,timeout,perveance,4,0.0,-273.93367224966437,0.6575310917003492,0.0016125196166029976,3494.060146960899,12178.404605342035,220.0,0.6089202302671017,0.0,0.0,150285532828.40018,0.0,0.4984585033560341,0.009611742424242424,0.008806818181818183,0.4985071834063891,0.31875000000000003,,0,1152739030.7443273,4,,0,0.0,4,timeout,perveance,4,0.0,-273.93367224966437,0.6575310917003492,0.0016125196166029976,3494.060146960899,12178.404605342035,220.0,0.6089202302671017,0.0,0.0,150285532828.40018,0.0,0.4984585033560341,0.009611742424242424,0.008806818181818183,0.4985071834063891,0.31875000000000003,,0,1152739030.7443273,4,,0,0.0,4,timeout,perveance,,,,,,,,,,,,,,,,,,,,,,
d4b39643ddd7,my_pilot_nuclear,max_thrust,nep_brayton,mars_crew_fast,reference,1,max_thrust@nep_brayton,nuclear,50000,4,ok,False,3,best,return,0,36960,0,3.00002284348011e-07,11.931026315000054,11.933958408000763,0.0,0.6914602211327292,172.8650552831823,0.0,0,3,4,700010000,900010000,0,False,True,False,4,0.0,-256.66832205515084,1.6489478621675042,0.14640728924097382,1866.983772565085,9257.17406442292,220.0,0.4628587032211459,0.0,0.0,138024284106.59314,0.0,1.0,1.0,0.0,0.0,1.0,,0,1137422467.3295367,4,,0,0.0,4,timeout,perveance,4,0.0,-256.66832205515084,1.6489478621675042,0.14640728924097382,1866.983772565085,9257.17406442292,220.0,0.4628587032211459,0.0,0.0,138024284106.59314,0.0,1.0,1.0,0.0,0.0,1.0,,0,1137422467.3295367,4,,0,0.0,4,timeout,perveance,4,0.0,-256.66832205515084,1.6489478621675042,0.14640728924097382,1866.983772565085,9257.17406442292,220.0,0.4628587032211459,0.0,0.0,138024284106.59314,0.0,1.0,1.0,0.0,0.0,1.0,,0,1137422467.3295367,4,,0,0.0,4,timeout,perveance,,,,,,,,,,,,,,,,,,,,,,
bec723a37dfc,my_pilot_nuclear,max_thrust,nep_brayton,mars_crew_fast,reference,2,max_thrust@nep_brayton,nuclear,50000,4,ok,False,3,best,return,0,36960,0,2.9700095183216035e-07,11.864414433999627,11.867342502999236,0.0,0.6887153980496805,172.17884951242013,0.0,0,3,4,700020000,900020000,0,False,True,False,4,0.0,-257.147334778242,1.8611244316617446,0.14384760081277245,1871.1569954371394,9446.569499761377,220.0,0.4723284749880689,0.0,0.0,139554536718.99994,0.0,1.0,1.0,0.0,0.0,1.0,,0,1138415503.3652754,4,,0,0.0,4,timeout,perveance,4,0.0,-257.147334778242,1.8611244316617446,0.14384760081277245,1871.1569954371394,9446.569499761377,220.0,0.4723284749880689,0.0,0.0,139554536718.99994,0.0,1.0,1.0,0.0,0.0,1.0,,0,1138415503.3652754,4,,0,0.0,4,timeout,perveance,4,0.0,-257.147334778242,1.8611244316617446,0.14384760081277245,1871.1569954371394,9446.569499761377,220.0,0.4723284749880689,0.0,0.0,139554536718.99994,0.0,1.0,1.0,0.0,0.0,1.0,,0,1138415503.3652754,4,,0,0.0,4,timeout,perveance,,,,,,,,,,,,,,,,,,,,,,
0238301a88fb,my_pilot_nuclear,max_thrust,nep_brayton,mars_crew_fast,reference,3,max_thrust@nep_brayton,nuclear,50000,4,ok,False,3,best,return,0,36960,0,2.769993443507701e-07,11.812808335998852,11.815731885002606,0.0,0.6836540060976404,170.9135015244101,0.0,0,3,4,700030000,900030000,0,False,True,False,4,0.0,-257.8490125846668,1.3909504454803348,0.13867750771335907,1875.484065820952,9498.499978385105,220.0,0.47492499891925516,0.0,0.0,172857557406.48175,0.0,1.0,1.0,0.0,0.0,1.0,,0,1138687784.672026,4,,0,0.0,4,timeout,perveance,4,0.0,-257.8490125846668,1.3909504454803348,0.13867750771335907,1875.484065820952,9498.499978385105,220.0,0.47492499891925516,0.0,0.0,172857557406.48175,0.0,1.0,1.0,0.0,0.0,1.0,,0,1138687784.672026,4,,0,0.0,4,timeout,perveance,4,0.0,-257.8490125846668,1.3909504454803348,0.13867750771335907,1875.484065820952,9498.499978385105,220.0,0.47492499891925516,0.0,0.0,172857557406.48175,0.0,1.0,1.0,0.0,0.0,1.0,,0,1138687784.672026,4,,0,0.0,4,timeout,perveance,,,,,,,,,,,,,,,,,,,,,,
37a6107516c6,my_pilot_nuclear,max_thrust,nep_brayton,mars_crew_fast,reference,4,max_thrust@nep_brayton,nuclear,50000,4,ok,False,3,best,return,0,36960,0,2.6600173441693187e-07,12.539511957998911,12.542396554003062,0.0,0.6805301021704508,170.1325255426127,0.0,0,3,4,700040000,900040000,0,False,True,False,4,0.0,-256.6866088748529,1.971615948737019,0.14685247409746785,1866.9752772117272,9352.733682205206,220.0,0.46763668411026027,0.0,0.0,133490024197.18295,0.0,1.0,1.0,0.0,0.0,1.0,,0,1137923504.452473,4,,0,0.0,4,timeout,perveance,4,0.0,-256.6866088748529,1.971615948737019,0.14685247409746785,1866.9752772117272,9352.733682205206,220.0,0.46763668411026027,0.0,0.0,133490024197.18295,0.0,1.0,1.0,0.0,0.0,1.0,,0,1137923504.452473,4,,0,0.0,4,timeout,perveance,4,0.0,-256.6866088748529,1.971615948737019,0.14685247409746785,1866.9752772117272,9352.733682205206,220.0,0.46763668411026027,0.0,0.0,133490024197.18295,0.0,1.0,1.0,0.0,0.0,1.0,,0,1137923504.452473,4,,0,0.0,4,timeout,perveance,,,,,,,,,,,,,,,,,,,,,,
885b72bfdb15,my_pilot_nuclear,max_thrust,nep_brayton,mars_crew_fast,reference,5,max_thrust@nep_brayton,nuclear,50000,4,ok,False,3,best,return,0,36960,0,2.8300200938247144e-07,11.757784170997184,11.76068847300121,0.0,0.6772689456520311,169.31723641300778,0.0,0,3,4,700050000,900050000,0,False,True,False,4,0.0,-257.9737145776788,0.739165727127758,0.13742105877845084,1871.1861714921454,9461.5671756923,220.0,0.47307835878461496,0.0,0.0,166414587574.60196,0.0,1.0,1.0,0.0,0.0,1.0,,0,1138494139.0125663,4,,0,0.0,4,timeout,perveance,4,0.0,-257.9737145776788,0.739165727127758,0.13742105877845084,1871.1861714921454,9461.5671756923,220.0,0.47307835878461496,0.0,0.0,166414587574.60196,0.0,1.0,1.0,0.0,0.0,1.0,,0,1138494139.0125663,4,,0,0.0,4,timeout,perveance,4,0.0,-257.9737145776788,0.739165727127758,0.13742105877845084,1871.1861714921454,9461.5671756923,220.0,0.47307835878461496,0.0,0.0,166414587574.60196,0.0,1.0,1.0,0.0,0.0,1.0,,0,1138494139.0125663,4,,0,0.0,4,timeout,perveance,,,,,,,,,,,,,,,,,,,,,,
ee5964d272c2,my_pilot_nuclear,max_thrust,nep_brayton,mars_crew_fast,reference,6,max_thrust@nep_brayton,nuclear,50000,4,ok,False,3,best,return,0,36960,0,3.040004230570048e-07,11.852840419996937,11.855765241998597,0.0,0.6839850598516932,170.9962649629233,0.0,0,3,4,700060000,900060000,0,False,True,False,4,0.0,-258.11708203118565,2.1141315365486184,0.13601230740558504,1869.1906925032995,9423.986808855698,220.0,0.47119934044278483,0.0,0.0,175235339817.36108,0.0,1.0,1.0,0.0,0.0,1.0,,0,1138297098.0520048,4,,0,0.0,4,timeout,perveance,4,0.0,-258.11708203118565,2.1141315365486184,0.13601230740558504,1869.1906925032995,9423.986808855698,220.0,0.47119934044278483,0.0,0.0,175235339817.36108,0.0,1.0,1.0,0.0,0.0,1.0,,0,1138297098.0520048,4,,0,0.0,4,timeout,perveance,4,0.0,-258.11708203118565,2.1141315365486184,0.13601230740558504,1869.1906925032995,9423.986808855698,220.0,0.47119934044278483,0.0,0.0,175235339817.36108,0.0,1.0,1.0,0.0,0.0,1.0,,0,1138297098.0520048,4,,0,0.0,4,timeout,perveance,,,,,,,,,,,,,,,,,,,,,,
9dcdcc1bcfb4,my_pilot_nuclear,max_thrust,nep_brayton,mars_crew_fast,reference,7,max_thrust@nep_brayton,nuclear,50000,4,ok,False,3,best,return,0,36960,0,2.449996827635914e-07,11.821309538001515,11.82414815499942,0.0,0.6792201036296319,169.80502590740798,0.0,0,3,4,700070000,900070000,0,False,True,False,4,0.0,-256.21510155567705,0.8376013881007972,0.15196422906592888,1876.4603525241653,9525.627138214271,220.0,0.47628135691071355,0.0,0.0,115246240867.12564,0.0,1.0,1.0,0.0,0.0,1.0,,0,1138830017.4941077,4,,0,0.0,4,timeout,perveance,4,0.0,-256.21510155567705,0.8376013881007972,0.15196422906592888,1876.4603525241653,9525.627138214271,220.0,0.47628135691071355,0.0,0.0,115246240867.12564,0.0,1.0,1.0,0.0,0.0,1.0,,0,1138830017.4941077,4,,0,0.0,4,timeout,perveance,4,0.0,-256.21510155567705,0.8376013881007972,0.15196422906592888,1876.4603525241653,9525.627138214271,220.0,0.47628135691071355,0.0,0.0,115246240867.12564,0.0,1.0,1.0,0.0,0.0,1.0,,0,1138830017.4941077,4,,0,0.0,4,timeout,perveance,,,,,,,,,,,,,,,,,,,,,,
dc3a02883f19,my_pilot_nuclear,prograde,nep_brayton,mars_crew_fast,reference,1,prograde@nep_brayton,nuclear,50000,4,ok,False,3,best,return,0,29031,0,3.1600211514160037e-07,9.24829250699986,9.251178886999696,0.0,0.47936641093110666,119.84160273277666,0.0,0,3,4,700010000,900010000,0,False,True,False,4,0.0,-179.63805499056798,8.995301307265517,0.15933166179915034,5810.600079701762,20001.98668547762,173.30208333333334,1.0,0.0,0.0,71190961783.88843,0.0,1.0,1.0,0.0,0.5,1.0,,0,1182708978.8504136,4,,0,0.0,4,hardware_failure,perveance,4,0.0,-179.63805499056798,8.995301307265517,0.15933166179915034,5810.600079701762,20001.98668547762,173.30208333333334,1.0,0.0,0.0,71190961783.88843,0.0,1.0,1.0,0.0,0.5,1.0,,0,1182708978.8504136,4,,0,0.0,4,hardware_failure,perveance,4,0.0,-179.63805499056798,8.995301307265517,0.15933166179915034,5810.600079701762,20001.98668547762,173.30208333333334,1.0,0.0,0.0,71190961783.88843,0.0,1.0,1.0,0.0,0.5,1.0,,0,1182708978.8504136,4,,0,0.0,4,hardware_failure,perveance,,,,,,,,,,,,,,,,,,,,,,
8b32b3a987f8,my_pilot_nuclear,prograde,nep_brayton,mars_crew_fast,reference,2,prograde@nep_brayton,nuclear,50000,4,ok,False,3,best,return,0,28554,0,2.8800059226341546e-07,9.416310327000247,9.419163737999042,0.0,0.48939813134711585,122.34953283677896,0.0,0,3,4,700020000,900020000,0,False,True,False,4,0.0,-173.84710939707205,5.487463839062041,0.19449437301239422,5699.1243190954265,20001.622693270576,170.13541666666666,1.0,3.5,0.03830718161514416,67420306124.21337,0.0,1.0,1.0,0.0,0.5,0.9990580256217031,,0,1181960302.5736952,4,,0,0.0,4,hardware_failure,perveance,4,0.0,-173.84710939707205,5.487463839062041,0.19449437301239422,5699.1243190954265,20001.622693270576,170.13541666666666,1.0,3.5,0.03830718161514416,67420306124.21337,0.0,1.0,1.0,0.0,0.5,0.9990580256217031,,0,1181960302.5736952,4,,0,0.0,4,hardware_failure,perveance,4,0.0,-173.84710939707205,5.487463839062041,0.19449437301239422,5699.1243190954265,20001.622693270576,170.13541666666666,1.0,3.5,0.03830718161514416,67420306124.21337,0.0,1.0,1.0,0.0,0.5,0.9990580256217031,,0,1181960302.5736952,4,,0,0.0,4,hardware_failure,perveance,,,,,,,,,,,,,,,,,,,,,,
98e5e4baa74a,my_pilot_nuclear,prograde,nep_brayton,mars_crew_fast,reference,3,prograde@nep_brayton,nuclear,50000,4,ok,False,3,best,return,0,28719,0,4.0499799069948494e-07,9.764352266003698,9.767215668001882,0.0,0.5374714670397225,134.36786675993062,0.0,0,3,4,700030000,900030000,0,False,True,False,4,0.0,-175.31714666093504,3.356070248551587,0.18138193920013093,5671.298777563729,20001.827427843975,169.58333333333334,1.0,11.0,0.10014314091243481,102499775841.88712,0.0,1.0,1.0,0.0,0.5,0.9965969246281825,,0,1181831310.6711667,4,,0,0.0,4,hardware_failure,perveance,4,0.0,-175.31714666093504,3.356070248551587,0.18138193920013093,5671.298777563729,20001.827427843975,169.58333333333334,1.0,11.0,0.10014314091243481,102499775841.88712,0.0,1.0,1.0,0.0,0.5,0.9965969246281825,,0,1181831310.6711667,4,,0,0.0,4,hardware_failure,perveance,4,0.0,-175.31714666093504,3.356070248551587,0.18138193920013093,5671.298777563729,20001.827427843975,169.58333333333334,1.0,11.0,0.10014314091243481,102499775841.88712,0.0,1.0,1.0,0.0,0.5,0.9965969246281825,,0,1181831310.6711667,4,,0,0.0,4,hardware_failure,perveance,,,,,,,,,,,,,,,,,,,,,,
12afe525941a,my_pilot_nuclear,prograde,nep_brayton,mars_crew_fast,reference,4,prograde@nep_brayton,nuclear,50000,4,ok,False,3,best,return,0,28946,0,2.8299837140366435e-07,9.378697365002154,9.381724864000716,0.0,0.4691431417304557,117.28578543261392,0.0,0,3,4,700040000,900040000,0,False,True,False,4,0.0,-176.5902428055586,8.368418771797664,0.1786788592654234,5752.647576346082,20002.899650750434,171.57291666666666,1.0,0.0,0.0,76582624009.08931,0.0,1.0,1.0,0.0,0.5,1.0,,0,1182305829.9759538,4,,0,0.0,4,hardware_failure,perveance,4,0.0,-176.5902428055586,8.368418771797664,0.1786788592654234,5752.647576346082,20002.899650750434,171.57291666666666,1.0,0.0,0.0,76582624009.08931,0.0,1.0,1.0,0.0,0.5,1.0,,0,1182305829.9759538,4,,0,0.0,4,hardware_failure,perveance,4,0.0,-176.5902428055586,8.368418771797664,0.1786788592654234,5752.647576346082,20002.899650750434,171.57291666666666,1.0,0.0,0.0,76582624009.08931,0.0,1.0,1.0,0.0,0.5,1.0,,0,1182305829.9759538,4,,0,0.0,4,hardware_failure,perveance,,,,,,,,,,,,,,,,,,,,,,
14ebef85e553,my_pilot_nuclear,prograde,nep_brayton,mars_crew_fast,reference,5,prograde@nep_brayton,nuclear,50000,4,ok,False,3,best,return,0,28860,0,2.670021785888821e-07,9.31781600800241,9.32065206200059,0.0,0.46851112394506345,117.12778098626586,0.0,0,3,4,700050000,900050000,0,False,True,False,4,0.0,-175.1311647924548,4.919253003361077,0.18275491759526516,5690.466199574044,20002.37287229483,169.71875,1.0,0.0,0.0,90281761800.06143,0.0,1.0,1.0,0.0,0.5,1.0,,0,1181866012.027907,4,,0,0.0,4,hardware_failure,perveance,4,0.0,-175.1311647924548,4.919253003361077,0.18275491759526516,5690.466199574044,20002.37287229483,169.71875,1.0,0.0,0.0,90281761800.06143,0.0,1.0,1.0,0.0,0.5,1.0,,0,1181866012.027907,4,,0,0.0,4,hardware_failure,perveance,4,0.0,-175.1311647924548,4.919253003361077,0.18275491759526516,5690.466199574044,20002.37287229483,169.71875,1.0,0.0,0.0,90281761800.06143,0.0,1.0,1.0,0.0,0.5,1.0,,0,1181866012.027907,4,,0,0.0,4,hardware_failure,perveance,,,,,,,,,,,,,,,,,,,,,,
cf6a41ff831d,my_pilot_nuclear,prograde,nep_brayton,mars_crew_fast,reference,6,prograde@nep_brayton,nuclear,50000,4,ok,False,3,best,return,0,28616,0,2.8299837140366435e-07,9.120439754999097,9.123484910000116,0.0,0.46227843182714423,115.56960795678606,0.0,0,3,4,700060000,900060000,0,False,True,False,4,0.0,-176.9716772849323,7.8039703864026215,0.17161259316143462,5711.423669276252,20002.444209839396,170.34375,1.0,0.0,0.0,108366114238.63208,0.0,1.0,1.0,0.0,0.5,1.0,,0,1182013668.0356832,4,,0,0.0,4,hardware_failure,perveance,4,0.0,-176.9716772849323,7.8039703864026215,0.17161259316143462,5711.423669276252,20002.444209839396,170.34375,1.0,0.0,0.0,108366114238.63208,0.0,1.0,1.0,0.0,0.5,1.0,,0,1182013668.0356832,4,,0,0.0,4,hardware_failure,perveance,4,0.0,-176.9716772849323,7.8039703864026215,0.17161259316143462,5711.423669276252,20002.444209839396,170.34375,1.0,0.0,0.0,108366114238.63208,0.0,1.0,1.0,0.0,0.5,1.0,,0,1182013668.0356832,4,,0,0.0,4,hardware_failure,perveance,,,,,,,,,,,,,,,,,,,,,,
7eca7716f0ab,my_pilot_nuclear,prograde,nep_brayton,mars_crew_fast,reference,7,prograde@nep_brayton,nuclear,50000,4,ok,False,3,best,return,0,28695,0,2.730012056417763e-07,9.178652409002098,9.181602979999298,0.0,0.460231087901775,115.05777197544376,0.0,0,3,4,700070000,900070000,0,False,True,False,4,0.0,-170.12454095864285,7.714199540228307,0.22113572145375976,5656.119704762409,20002.78619640312,169.03125,1.0,7.0,0.07685530962717986,47528533540.35599,0.0,1.0,1.0,0.0,0.5,0.9977364185110664,,0,1181706211.9633446,4,,0,0.0,4,hardware_failure,perveance,4,0.0,-170.12454095864285,7.714199540228307,0.22113572145375976,5656.119704762409,20002.78619640312,169.03125,1.0,7.0,0.07685530962717986,47528533540.35599,0.0,1.0,1.0,0.0,0.5,0.9977364185110664,,0,1181706211.9633446,4,,0,0.0,4,hardware_failure,perveance,4,0.0,-170.12454095864285,7.714199540228307,0.22113572145375976,5656.119704762409,20002.78619640312,169.03125,1.0,7.0,0.07685530962717986,47528533540.35599,0.0,1.0,1.0,0.0,0.5,0.9977364185110664,,0,1181706211.9633446,4,,0,0.0,4,hardware_failure,perveance,,,,,,,,,,,,,,,,,,,,,,
397c7e0dc94f,my_pilot_nuclear,ppo,nep_brayton,mars_crew_fast,reference,1,ppo@nep_brayton,nuclear,50000,4,ok,True,3,best,return,50000,232320,50000,134.87828423099927,113.63464384200051,163.29500138799995,0.023273463997611543,13.12546646622286,0.2624883302580366,0.0,152075,3,4,700010000,900010000,31680,True,True,False,4,0.0,-230.31567101258,1.363427198299922,0.4042430538885206,4716.486936345878,15731.543641518549,220.0,0.7865771820759275,0.0,0.0,85315307189.69104,0.0,0.5002395308745856,0.0,0.0,0.5520555243474629,0.06292613636363636,,0,1171368809.738779,4,,0,0.0,4,timeout,perveance,4,0.0,-240.43513813912284,0.9145321148105449,0.31950280388394414,4281.383928165065,15222.005699555151,220.0,0.7611002849777575,0.0,0.0,88937678816.74896,0.0,0.4668263453538671,0.0,0.0,0.4356919567298257,0.1803503787878788,,0,1168697206.080319,4,,0,0.0,4,timeout,perveance,4,0.0,-230.31567101258,1.363427198299922,0.4042430538885206,4716.486936345878,15731.543641518549,220.0,0.7865771820759275,0.0,0.0,85315307189.69104,0.0,0.5002395308745856,0.0,0.0,0.5520555243474629,0.06292613636363636,,0,1171368809.738779,4,,0,0.0,4,timeout,perveance,,-0.007924320276651997,0.5776916843009531,6.976639154553413,0.010392281456734053,0.147265625,0.7998766899108887,10.0,0.0,0.0,24.0,49152.0,-0.026751916855573654,,,,,,,,,
1897003fa51b,my_pilot_nuclear,sac,ion_next,mars_crew_fast,reference,5,sac@ion_next,electric,50000,4,ok,True,3,best,return,50000,232320,50000,476.58224281099683,71.16057835100946,494.7491280360009,403.43119220598965,6.921637982934044,0.13842168592380696,0.0,231437,3,4,700050000,900050000,0,True,True,False,4,0.0,-267.4490712485084,0.0999399666701587,0.002795901761993791,20.261437639174986,77.03141136471088,220.0,0.11,0.0,0.0,195155202502.20358,0.0,0.5005225120620294,0.0,0.0,0.5007670167692457,0.0,,0,14570735.727118984,4,,0,0.0,4,timeout,none,4,0.0,-270.53488163950414,2.2947587173817787,5.53441028609547e-05,9.690297959511483,42.7826615945819,220.0,0.107,160.25,29.253595449474695,195517891884.83557,0.0,0.49233040994908095,0.01231060606060606,0.031486742424242424,0.316253895004929,0.6115530303030303,,0,14391163.0640294,4,,0,0.0,4,timeout,perveance,4,0.0,-267.4490712485084,0.0999399666701587,0.002795901761993791,20.261437639174986,77.03141136471088,220.0,0.11,0.0,0.0,195155202502.20358,0.0,0.5005225120620294,0.0,0.0,0.5007670167692457,0.0,,0,14570735.727118984,4,,0,0.0,4,timeout,none,,,,-5.000035762786865,,,,,,,50000.0,50000.0,,0.007409768179059029,-2.6452443599700928,-1.0403164196759462e-07,2.5861034393310547,2.5753097534179688,2.5521633625030518,0.0029297461733222008,50000.0,0.0
2888f5466b42,my_pilot_nuclear,sac,ion_next,mars_crew_fast,reference,7,sac@ion_next,electric,50000,4,ok,True,3,best,return,50000,232320,50000,477.5406196520016,69.17721184200127,494.79101226900093,405.6867915510047,6.666013023386768,0.13330959570007936,0.0,231437,3,4,700070000,900070000,0,True,True,False,4,0.0,-267.35718741954327,0.1719838261715697,0.003541283066766293,20.473763741698406,77.06613575469493,220.0,0.11,0.0,0.0,150005060089.2685,0.0,0.5005839595684047,0.0,0.0,0.5005507843879362,0.0,,0,14570917.793653542,4,,0,0.0,4,timeout,none,4,0.0,-273.87414141894527,6.063779087463916,3.0168200195995754e-05,8.498888176928874,37.00378683373935,220.0,0.10504166666666666,258.0,64.7853220701376,150448770712.4784,0.0,0.5079755022642062,0.057717803030303036,0.03858901515151515,0.35168225193593766,0.5632102272727273,,0,14360863.332289387,4,,0,0.0,4,timeout,perveance,4,0.0,-267.35718741954327,0.1719838261715697,0.003541283066766293,20.473763741698406,77.06613575469493,220.0,0.11,0.0,0.0,150005060089.2685,0.0,0.5005839595684047,0.0,0.0,0.5005507843879362,0.0,,0,14570917.793653542,4,,0,0.0,4,timeout,none,,,,-4.654184341430664,,,,,,,50000.0,50000.0,,0.009373225271701813,-5.578938961029053,0.0019273684592917562,5.477924346923828,5.473723411560059,5.448485851287842,0.005572713445872068,50000.0,0.0
2037906e7a5e,my_pilot_nuclear,sac,ion_next,mars_crew_fast,reference,6,sac@ion_next,electric,50000,4,ok,True,3,best,return,50000,232320,50000,482.62389606599754,67.80433338500006,499.4430031200027,411.7801279660016,6.745322221908282,0.13489565278594276,0.0,231437,3,4,700060000,900060000,5280,True,True,False,4,0.0,-266.84798138620613,0.31806520561779406,9.814341634623025e-05,0.3905977734003012,1.8933958125341397,220.0,0.019390624999999998,0.0,0.0,202680074952.14154,0.0,0.007647278957125364,0.0,0.9078125,0.022270141057952338,0.0,,0,14176772.921395222,4,,0,0.0,4,timeout,none,4,0.0,-269.47384014436795,2.8559425538597836,7.474591014408616e-05,7.951378292639236,39.79482143547436,220.0,0.10840625,80.5,17.955940103949438,202696269814.79776,0.0,0.3829593888921381,0.002130681818181818,0.005634469696969697,0.18754512331533163,0.7741003787878787,,0,14375497.253806893,4,,0,0.0,4,timeout,perveance,4,0.0,-266.84798138620613,0.31806520561779406,9.814341634623025e-05,0.3905977734003012,1.8933958125341397,220.0,0.019390624999999998,0.0,0.0,202680074952.14154,0.0,0.007647278957125364,0.0,0.9078125,0.022270141057952338,0.0,,0,14176772.921395222,4,,0,0.0,4,timeout,none,,,,-5.38032865524292,,,,,,,50000.0,50000.0,,0.007383530028164387,-3.3049521446228027,-0.0018420314881950617,3.2036936283111572,3.198739767074585,3.1969406604766846,0.004844352137297392,50000.0,0.0
bf90f75f0587,my_pilot_nuclear,ppo,nep_brayton,mars_crew_fast,reference,2,ppo@nep_brayton,nuclear,50000,4,ok,True,3,best,return,50000,231111,50000,136.2932825559983,115.8419204470083,166.1346727320015,0.023518267003964866,13.222475095615664,0.26442834764450174,0.0,152075,3,4,700020000,900020000,21120,True,True,False,4,0.0,-198.92029250088362,23.41329643868707,0.37015051143324473,5323.780292046126,19928.66876896519,215.41666666666666,0.996395039763653,0.0,0.0,103294930170.99939,0.0,0.5937176775821735,0.0,0.0,0.3978244382101018,0.5883558292451356,,0,1192287533.0292828,4,,0,0.0,4,hardware_failure,perveance,4,0.0,-256.3449091714228,2.242269249420982,0.16670517717216476,3356.218331655898,11813.829629380793,220.0,0.5906914814690396,0.0,0.0,117317823922.29678,0.0,0.4119423367181849,0.0,0.0,0.5154955280916483,0.10208333333333333,,0,1150827495.2935858,4,,0,0.0,4,timeout,perveance,4,0.0,-198.92029250088362,23.41329643868707,0.37015051143324473,5323.780292046126,19928.66876896519,215.41666666666666,0.996395039763653,0.0,0.0,103294930170.99939,0.0,0.5937176775821735,0.0,0.0,0.3978244382101018,0.5883558292451356,,0,1192287533.0292828,4,,0,0.0,4,hardware_failure,perveance,,-0.011310770905402024,0.5927011114545166,7.057475714385509,0.014696304322569631,0.210009765625,0.8680566549301147,10.0,0.0,0.0,24.0,49152.0,-0.005007809493690729,,,,,,,,,
f919458df062,my_pilot_nuclear,ppo,nep_brayton,mars_crew_fast,reference,3,ppo@nep_brayton,nuclear,50000,4,ok,True,3,best,return,50000,232320,50000,139.37756268299927,116.84514103300899,168.30450899700008,0.02418720000423491,13.499344670141,0.2699652961791257,0.0,152075,3,4,700030000,900030000,0,True,True,False,4,0.0,-234.32344515117512,7.338007053378857,0.3807193171659107,4821.874363292759,16866.59993200033,220.0,0.8433299966000165,0.0,0.0,131027296050.20312,0.0,0.49918293939818714,0.0,0.0,0.4992206572498562,0.0,,0,1177320124.2307367,4,,0,0.0,4,timeout,none,4,0.0,-274.14992001184476,11.056504618391273,0.06073335042756031,3616.6476782029904,12580.351667181003,220.0,0.6290175833590501,0.0,0.0,201728040641.60016,0.0,0.3956753019624475,0.0,0.0,0.5435504919891669,0.1065814393939394,,0,1154846515.099228,4,,0,0.0,4,timeout,none,4,0.0,-234.32344515117512,7.338007053378857,0.3807193171659107,4821.874363292759,16866.59993200033,220.0,0.8433299966000165,0.0,0.0,131027296050.20312,0.0,0.49918293939818714,0.0,0.0,0.4992206572498562,0.0,,0,1177320124.2307367,4,,0,0.0,4,timeout,none,,-0.01304859869851498,0.7618755595351103,7.058998288214207,0.011875853347009978,0.175537109375,0.9444372653961182,10.0,0.0,0.0,24.0,49152.0,-0.00845995545387268,,,,,,,,,
38e54a262ee3,my_pilot_nuclear,ppo,nep_brayton,mars_crew_fast,reference,4,ppo@nep_brayton,nuclear,50000,4,ok,True,3,best,return,50000,225320,50000,133.61917826400168,110.65092634900066,160.79216226199787,0.024213085001974832,13.233355103129725,0.2646459303881634,0.0,152075,3,4,700040000,900040000,31680,True,True,False,4,0.0,-200.26813060855864,17.842941697371387,0.13316087856993522,5814.333165685346,20001.819880420117,194.52083333333334,1.0,0.0,0.0,140999181950.7047,0.0,0.6778416701763097,0.0,0.0006346416715485257,0.513231046881511,0.30661346783670645,,0,1187722118.1788318,4,,0,0.0,4,hardware_failure,perveance,4,0.0,-274.1426004578157,3.277880119526807,0.00043454671205145345,2585.4676227922323,8656.250488091055,220.0,0.43281252440455276,0.0,0.0,176475397313.99963,0.0,0.3266059040839812,0.0,0.0,0.5088467385097774,0.2749053030303031,,0,1134271711.5314567,4,,0,0.0,4,timeout,perveance,4,0.0,-200.26813060855864,17.842941697371387,0.13316087856993522,5814.333165685346,20001.819880420117,194.52083333333334,1.0,0.0,0.0,140999181950.7047,0.0,0.6778416701763097,0.0,0.0006346416715485257,0.513231046881511,0.30661346783670645,,0,1187722118.1788318,4,,0,0.0,4,hardware_failure,perveance,,-0.00976637768180808,0.7268603115691803,7.04101230353117,0.01415745347912889,0.20380859375,0.8317497968673706,10.0,0.0,0.0,24.0,49152.0,-0.008124329149723053,,,,,,,,,
d060b815ee38,my_pilot_nuclear,ppo,nep_brayton,mars_crew_fast,reference,5,ppo@nep_brayton,nuclear,50000,4,ok,True,3,best,return,50000,231292,50000,137.23061843200048,114.47628289200293,165.1968170149994,0.023350655996182468,13.172300329857535,0.2634249326025425,0.0,152075,3,4,700050000,900050000,0,True,True,False,4,0.0,-233.91589050077454,2.4662429760901103,0.38406778372312833,4838.607633026271,16869.71586410596,220.0,0.843485793205298,0.0,0.0,123491293892.2598,0.0,0.49920475308952683,0.0,0.0,0.4991059876526847,0.0,,0,1177336461.6512256,4,,0,0.0,4,timeout,none,4,0.0,-229.22362254759145,33.336664702619785,0.21629719739650907,5301.752439577685,19586.792824494518,214.625,0.9792898722027982,0.0,0.0,106441989478.60101,0.0,0.5798759410920646,0.0,0.0,0.40676979622835663,0.4064408247568896,,0,1190307198.0262067,4,,0,0.0,4,hardware_failure,perveance,4,0.0,-233.91589050077454,2.4662429760901103,0.38406778372312833,4838.607633026271,16869.71586410596,220.0,0.843485793205298,0.0,0.0,123491293892.2598,0.0,0.49920475308952683,0.0,0.0,0.4991059876526847,0.0,,0,1177336461.6512256,4,,0,0.0,4,timeout,none,,-0.011405906004074495,0.5284319520229473,6.952711077034474,0.015467707812786103,0.214794921875,0.42267584800720215,10.0,0.0,0.0,24.0,49152.0,-0.025639289990067482,,,,,,,,,
c9cc6e392099,my_pilot_nuclear,ppo,nep_brayton,mars_crew_fast,reference,6,ppo@nep_brayton,nuclear,50000,4,ok,True,3,best,return,50000,232320,50000,135.3830768049993,112.16950867399646,162.75733119300276,0.023496003996115178,13.453033625348326,0.2690391493750165,0.0,152075,3,4,700060000,900060000,0,True,True,False,4,0.0,-234.48902579958366,5.241949850880724,0.3794218933645825,4856.012703408859,16867.147802969703,220.0,0.8433573901484853,0.0,0.0,134199113620.14552,0.0,0.4991963779723102,0.0,0.0,0.49922514884083563,0.0,,0,1177322996.8216972,4,,0,0.0,4,timeout,none,4,0.0,-266.7998892468113,0.018663078404674793,0.00011490400545763335,0.1155442595372398,0.43129551744193456,220.0,0.014746500440549672,0.0,0.0,202680461826.14536,0.0,8.702361250691342e-05,0.0,0.9999526515151516,0.36365359399157265,0.0,,0,1088887616.810777,4,,0,0.0,4,timeout,none,4,0.0,-234.48902579958366,5.241949850880724,0.3794218933645825,4856.012703408859,16867.147802969703,220.0,0.8433573901484853,0.0,0.0,134199113620.14552,0.0,0.4991963779723102,0.0,0.0,0.49922514884083563,0.0,,0,1177322996.8216972,4,,0,0.0,4,timeout,none,,-0.011484801743063145,0.6568760171183385,6.826459495723247,0.021650470211170614,0.267236328125,0.41816723346710205,10.0,0.0,0.0,24.0,49152.0,-0.05243499204516411,,,,,,,,,
50919d183958,my_pilot_nuclear,ppo,nep_brayton,mars_crew_fast,reference,7,ppo@nep_brayton,nuclear,50000,4,ok,True,3,best,return,50000,232271,50000,137.98780652400092,115.78113868301807,166.95458220100045,0.023609630999999354,13.458580963953864,0.2691500872720955,0.0,152075,3,4,700070000,900070000,5280,True,True,False,4,0.0,-225.33088751237847,2.991772692897843,0.4713042762070891,5450.443396186744,19688.171974709974,220.0,0.9844085987354988,0.0,0.0,38586487917.76404,0.0,0.554034988161628,0.0,0.0,0.459670011555268,0.0,,0,1192114159.3184175,4,,0,0.0,4,timeout,none,4,0.0,-267.4255188805842,1.826369454434369,0.010035721312010526,564.8436861502547,1843.5392994022252,220.0,0.12949375,0.0,0.0,150871353984.59583,0.0,0.10907242427805836,0.0,0.06742424242424241,0.6127500524222287,0.010606060606060607,,0,1098551380.1551542,4,,0,0.0,4,timeout,none,4,0.0,-225.33088751237847,2.991772692897843,0.4713042762070891,5450.443396186744,19688.171974709974,220.0,0.9844085987354988,0.0,0.0,38586487917.76404,0.0,0.554034988161628,0.0,0.0,0.459670011555268,0.0,,0,1192114159.3184175,4,,0,0.0,4,timeout,none,,-0.00723553867355804,0.7003168093739077,6.993629063665867,0.012169370168703609,0.171630859375,0.7953752279281616,10.0,0.0,0.0,24.0,49152.0,-0.02023724839091301,,,,,,,,,
add0ee42f072,my_pilot_nuclear,sac,nep_brayton,mars_crew_fast,reference,1,sac@nep_brayton,nuclear,50000,4,ok,True,3,best,return,50000,232320,50000,502.2147242029969,93.89242437199573,526.281946801002,406.8612823889962,7.459571310053434,0.14917949184172133,0.0,231437,3,4,700010000,900010000,0,True,True,False,4,0.0,-229.7739871332554,2.5027444854143246,0.4174283479315588,4950.559016415076,16895.583689133433,220.0,0.8447791844566717,0.0,0.0,88784963480.09305,0.0,0.5006384010511366,0.0,0.0,0.5002886304321388,0.0,,0,1177472091.5431106,4,,0,0.0,4,timeout,none,4,0.0,-290.4425650498649,21.091610984528607,0.0,1749.4391118326014,5625.068392428606,220.0,0.28125341962143025,0.0,0.0,173416148867.98578,0.0,0.28468290653474854,0.005965909090909091,0.060558712121212124,0.624769999892592,0.1338068181818182,,0,1118378651.350255,4,,0,0.0,4,timeout,perveance,4,0.0,-229.7739871332554,2.5027444854143246,0.4174283479315588,4950.559016415076,16895.583689133433,220.0,0.8447791844566717,0.0,0.0,88784963480.09305,0.0,0.5006384010511366,0.0,0.0,0.5002886304321388,0.0,,0,1177472091.5431106,4,,0,0.0,4,timeout,none,,,,-5.183709144592285,,,,,,,50000.0,50000.0,,0.09328901767730713,-14.855544090270996,-0.0008504029829055071,14.407084465026855,14.421936988830566,14.388968467712402,0.004629483446478844,50000.0,0.0
66d27ea1b1a8,my_pilot_nuclear,sac,nep_brayton,mars_crew_fast,reference,2,sac@nep_brayton,nuclear,50000,4,ok,True,3,best,return,50000,228953,50000,501.6223846199973,91.94060791399534,524.3626697140025,406.9129247939927,7.322777102897817,0.1464438265518322,0.0,231437,3,4,700020000,900020000,10560,True,True,False,4,0.0,-195.8326480731215,4.379852348449062,0.2290966574396967,6055.073388481898,20002.4248715609,203.16666666666669,1.0,21.25,0.054890465952193594,101001709898.49677,0.0,0.7910515582038966,0.0002054814026365945,0.0,0.5984088575064405,0.4525808312643838,,0,1189770697.8791776,4,,0,0.0,4,hardware_failure,perveance,4,0.0,-294.6502061107306,10.852915991235989,0.0,3843.7646842875993,14634.760975890398,220.0,0.73173804879452,0.0,0.0,151638969039.04117,0.0,0.759471204240496,0.1175189393939394,0.025710227272727273,0.33135245476256714,0.6973484848484848,,0,1165618171.0900912,4,,0,0.0,4,timeout,perveance,4,0.0,-195.8326480731215,4.379852348449062,0.2290966574396967,6055.073388481898,20002.4248715609,203.16666666666669,1.0,21.25,0.054890465952193594,101001709898.49677,0.0,0.7910515582038966,0.0002054814026365945,0.0,0.5984088575064405,0.4525808312643838,,0,1189770697.8791776,4,,0,0.0,4,hardware_failure,perveance,,,,-4.8339948654174805,,,,,,,50000.0,50000.0,,0.0037545980885624886,-2.727947950363159,0.0005771142896264791,2.660388708114624,2.6588001251220703,2.654222011566162,0.003476859303191304,50000.0,0.0
7584f9794f3b,my_pilot_nuclear,sac,nep_brayton,mars_crew_fast,reference,3,sac@nep_brayton,nuclear,50000,4,ok,True,3,best,return,50000,232320,50000,504.1368450259979,96.95716405599887,529.0164423140013,406.01271378200545,7.683043615157658,0.1536485804167198,0.0,231437,3,4,700030000,900030000,0,True,True,False,4,0.0,-234.1975524256871,7.3920153113966105,0.38192367845296293,4831.726041498464,16893.278798501655,220.0,0.8446639399250828,0.0,0.0,130759398301.92448,0.0,0.5006670426774883,0.0,0.0,0.500459825363236,0.0,,0,1177460006.5662384,4,,0,0.0,4,timeout,none,4,0.0,-286.55074162852884,1.948509904346812,0.0,4811.856337427587,13778.783598807146,220.0,0.6889391799403572,392.5,5.483355533282614,200339382056.76993,0.0,0.7527461524135575,0.22926136363636365,0.004734848484848485,0.8969550272943734,0.3286458333333333,,0,1161130120.0465071,4,,0,0.0,4,timeout,power,4,0.0,-234.1975524256871,7.3920153113966105,0.38192367845296293,4831.726041498464,16893.278798501655,220.0,0.8446639399250828,0.0,0.0,130759398301.92448,0.0,0.5006670426774883,0.0,0.0,0.500459825363236,0.0,,0,1177460006.5662384,4,,0,0.0,4,timeout,none,,,,-5.566719055175781,,,,,,,50000.0,50000.0,,0.004597594495862722,-7.1188645362854,-0.002750289859250188,6.962416648864746,6.957640171051025,6.965834140777588,0.004853281658142805,50000.0,0.0
faad876d79aa,my_pilot_nuclear,sac,nep_brayton,mars_crew_fast,reference,4,sac@nep_brayton,nuclear,50000,4,ok,True,3,best,return,50000,232320,50000,507.6255795770012,95.56136786799107,531.5586790069974,410.27727172099185,7.293543269606744,0.14585919665640237,0.0,231437,3,4,700040000,900040000,0,True,True,False,4,0.0,-230.05881172340918,7.177458745443744,0.4149659524080094,4901.582049523783,16897.515444681965,220.0,0.8448757722340983,0.0,0.0,83821362862.46921,0.0,0.5006909262812274,0.0,0.0,0.5003107022663409,0.0,,0,1177482220.102273,4,,0,0.0,4,timeout,none,4,0.0,-275.27388845129195,16.622861298118814,0.0515785998406082,3410.5521990825164,10564.08484969522,220.0,0.5282042424847609,0.0,0.0,155064351419.02,0.0,0.44126285513947633,0.00014204545454545454,0.018892045454545453,0.6437869452476276,0.15591856060606063,,0,1144274847.3932476,4,,0,0.0,4,timeout,perveance,4,0.0,-230.05881172340918,7.177458745443744,0.4149659524080094,4901.582049523783,16897.515444681965,220.0,0.8448757722340983,0.0,0.0,83821362862.46921,0.0,0.5006909262812274,0.0,0.0,0.5003107022663409,0.0,,0,1177482220.102273,4,,0,0.0,4,timeout,none,,,,-4.774111270904541,,,,,,,50000.0,50000.0,,0.003630900988355279,-2.5168559551239014,0.0006136281881481409,2.4599461555480957,2.4741251468658447,2.4749178886413574,0.002716538729146123,50000.0,0.0
8c17de04d9af,my_pilot_nuclear,random,ntp_nerva,mars_crew_fast,reference,1,random@ntp_nerva,nuclear,50000,4,ok,False,3,best,return,0,11,0,2.4199835024774075e-07,0.027524315995833604,0.03029187100037234,0.0,0.00028982900039409287,0.07245725009852322,0.0,0,3,4,700010000,900010000,0,False,True,False,4,0.0,-108.81752617856557,24.21682105098912,0.0,4240.88768707555,53000.0,0.07291666666666667,0.02682693329083749,0.0,0.0,180971014446.2547,0.0,0.5362991467118263,0.0,0.0,0.5485566618541877,0.0,,0,1355995085.5056744,4,,0,0.0,4,out_of_propellant,none,4,0.0,-108.81752617856557,24.21682105098912,0.0,4240.88768707555,53000.0,0.07291666666666667,0.02682693329083749,0.0,0.0,180971014446.2547,0.0,0.5362991467118263,0.0,0.0,0.5485566618541877,0.0,,0,1355995085.5056744,4,,0,0.0,4,out_of_propellant,none,4,0.0,-108.81752617856557,24.21682105098912,0.0,4240.88768707555,53000.0,0.07291666666666667,0.02682693329083749,0.0,0.0,180971014446.2547,0.0,0.5362991467118263,0.0,0.0,0.5485566618541877,0.0,,0,1355995085.5056744,4,,0,0.0,4,out_of_propellant,none,,,,,,,,,,,,,,,,,,,,,,
ec68d1191f8a,my_pilot_nuclear,random,ntp_nerva,mars_crew_fast,reference,2,random@ntp_nerva,nuclear,50000,4,ok,False,3,best,return,0,8,0,2.849992597475648e-07,0.014587730998755433,0.016801208999822848,0.0,0.00020549900000332855,0.05137475000083214,0.0,0,3,4,700020000,900020000,0,False,True,False,4,0.0,-120.65977959613959,16.67315642543646,0.0,4004.9126653092467,53000.0,0.05208333333333333,0.025,0.0,0.0,181511751393.6668,0.0,0.582003828138113,0.0,0.0,0.27277037128806114,0.25,,0,1355985655.0656545,4,,0,0.0,4,out_of_propellant,none,4,0.0,-120.65977959613959,16.67315642543646,0.0,4004.9126653092467,53000.0,0.05208333333333333,0.025,0.0,0.0,181511751393.6668,0.0,0.582003828138113,0.0,0.0,0.27277037128806114,0.25,,0,1355985655.0656545,4,,0,0.0,4,out_of_propellant,none,4,0.0,-120.65977959613959,16.67315642543646,0.0,4004.9126653092467,53000.0,0.05208333333333333,0.025,0.0,0.0,181511751393.6668,0.0,0.582003828138113,0.0,0.0,0.27277037128806114,0.25,,0,1355985655.0656545,4,,0,0.0,4,out_of_propellant,none,,,,,,,,,,,,,,,,,,,,,,
523f0993865e,my_pilot_nuclear,random,ntp_nerva,mars_crew_fast,reference,3,random@ntp_nerva,nuclear,50000,4,ok,False,3,best,return,0,9,0,1.9299841369502246e-07,0.015822760004084557,0.018011864998698,0.0,0.00020085099822608754,0.050212749556521885,0.0,0,3,4,700030000,900030000,0,False,True,False,4,0.0,-83.47576131672733,7.6909168516635855,0.00952370649800946,4017.0770312561103,53000.0,0.05208333333333333,0.025,0.0,0.0,153633447383.61288,0.0,0.5803049616515636,0.0,0.0,0.32586606964468956,0.0,,0,1355985655.0656545,4,,0,0.0,4,out_of_propellant,none,4,0.0,-83.47576131672733,7.6909168516635855,0.00952370649800946,4017.0770312561103,53000.0,0.05208333333333333,0.025,0.0,0.0,153633447383.61288,0.0,0.5803049616515636,0.0,0.0,0.32586606964468956,0.0,,0,1355985655.0656545,4,,0,0.0,4,out_of_propellant,none,4,0.0,-83.47576131672733,7.6909168516635855,0.00952370649800946,4017.0770312561103,53000.0,0.05208333333333333,0.025,0.0,0.0,153633447383.61288,0.0,0.5803049616515636,0.0,0.0,0.32586606964468956,0.0,,0,1355985655.0656545,4,,0,0.0,4,out_of_propellant,none,,,,,,,,,,,,,,,,,,,,,,
baa248f3e6fb,my_pilot_nuclear,random,ntp_nerva,mars_crew_fast,reference,4,random@ntp_nerva,nuclear,50000,4,ok,False,3,best,return,0,9,0,1.9700019038282335e-07,0.01722182000230532,0.019558482999855187,0.0,0.00024152199330274016,0.06038049832568504,0.0,0,3,4,700040000,900040000,0,False,True,False,4,0.0,-106.8140105524221,26.381763331639576,0.001060659484034332,4275.722126136607,53000.0,0.0625,0.025,0.0,0.0,188747341699.43286,0.0,0.6254435777664185,0.0,0.0,0.7333875335752964,0.25,,0,1355990370.2060924,4,,0,0.0,4,out_of_propellant,none,4,0.0,-106.8140105524221,26.381763331639576,0.001060659484034332,4275.722126136607,53000.0,0.0625,0.025,0.0,0.0,188747341699.43286,0.0,0.6254435777664185,0.0,0.0,0.7333875335752964,0.25,,0,1355990370.2060924,4,,0,0.0,4,out_of_propellant,none,4,0.0,-106.8140105524221,26.381763331639576,0.001060659484034332,4275.722126136607,53000.0,0.0625,0.025,0.0,0.0,188747341699.43286,0.0,0.6254435777664185,0.0,0.0,0.7333875335752964,0.25,,0,1355990370.2060924,4,,0,0.0,4,out_of_propellant,none,,,,,,,,,,,,,,,,,,,,,,
fc146d164cd8,my_pilot_nuclear,random,ntp_nerva,mars_crew_fast,reference,5,random@ntp_nerva,nuclear,50000,4,ok,False,3,best,return,0,10,0,2.499982656445354e-07,0.019260836001194548,0.023901970002043527,0.0,0.00023747800150886178,0.059369500377215445,0.0,0,3,4,700050000,900050000,0,False,True,False,4,0.0,-91.0236776877046,24.26543982108563,0.007904490220792787,4040.0852248213146,53000.0,0.0625,0.026250000000000002,0.0,0.0,157585920010.68964,0.0,0.49689863870541257,0.0,0.0,0.3312746658921242,0.0,,0,1355990370.3652368,4,,0,0.0,4,out_of_propellant,none,4,0.0,-91.0236776877046,24.26543982108563,0.007904490220792787,4040.0852248213146,53000.0,0.0625,0.026250000000000002,0.0,0.0,157585920010.68964,0.0,0.49689863870541257,0.0,0.0,0.3312746658921242,0.0,,0,1355990370.3652368,4,,0,0.0,4,out_of_propellant,none,4,0.0,-91.0236776877046,24.26543982108563,0.007904490220792787,4040.0852248213146,53000.0,0.0625,0.026250000000000002,0.0,0.0,157585920010.68964,0.0,0.49689863870541257,0.0,0.0,0.3312746658921242,0.0,,0,1355990370.3652368,4,,0,0.0,4,out_of_propellant,none,,,,,,,,,,,,,,,,,,,,,,
c04921dd3834,my_pilot_nuclear,random,ntp_nerva,mars_crew_fast,reference,6,random@ntp_nerva,nuclear,50000,4,ok,False,3,best,return,0,10,0,1.720000000204891e-07,0.018160734998673433,0.020295083999371855,0.0,0.00028460900284699164,0.07115225071174791,0.0,0,3,4,700060000,900060000,0,False,True,False,4,0.0,-106.22069438194089,20.098594236811955,0.0,4252.7967243864805,53000.0,0.07291666666666667,0.027765089930383076,0.0,0.0,151599210417.24292,0.0,0.5965624079108238,0.0,0.0,0.5998107455670834,0.0,,0,1355995085.3465304,4,,0,0.0,4,out_of_propellant,none,4,0.0,-106.22069438194089,20.098594236811955,0.0,4252.7967243864805,53000.0,0.07291666666666667,0.027765089930383076,0.0,0.0,151599210417.24292,0.0,0.5965624079108238,0.0,0.0,0.5998107455670834,0.0,,0,1355995085.3465304,4,,0,0.0,4,out_of_propellant,none,4,0.0,-106.22069438194089,20.098594236811955,0.0,4252.7967243864805,53000.0,0.07291666666666667,0.027765089930383076,0.0,0.0,151599210417.24292,0.0,0.5965624079108238,0.0,0.0,0.5998107455670834,0.0,,0,1355995085.3465304,4,,0,0.0,4,out_of_propellant,none,,,,,,,,,,,,,,,,,,,,,,
2f2eda84ad79,my_pilot_nuclear,random,ntp_nerva,mars_crew_fast,reference,7,random@ntp_nerva,nuclear,50000,4,ok,False,3,best,return,0,9,0,2.590022631920874e-07,0.015458850997674745,0.017732871001499007,0.0,0.0002093639996019192,0.0523409999004798,0.0,0,3,4,700070000,900070000,0,False,True,False,4,0.0,-93.72339611775132,17.632426759340962,0.0007732445111829911,4197.446026235459,53000.0,0.05208333333333333,0.025,0.0,0.0,202681402604.70358,0.0,0.7361123412847519,0.0,0.125,0.5390439629554749,0.25,,0,1355985655.0656545,4,,0,0.0,4,out_of_propellant,none,4,0.0,-93.72339611775132,17.632426759340962,0.0007732445111829911,4197.446026235459,53000.0,0.05208333333333333,0.025,0.0,0.0,202681402604.70358,0.0,0.7361123412847519,0.0,0.125,0.5390439629554749,0.25,,0,1355985655.0656545,4,,0,0.0,4,out_of_propellant,none,4,0.0,-93.72339611775132,17.632426759340962,0.0007732445111829911,4197.446026235459,53000.0,0.05208333333333333,0.025,0.0,0.0,202681402604.70358,0.0,0.7361123412847519,0.0,0.125,0.5390439629554749,0.25,,0,1355985655.0656545,4,,0,0.0,4,out_of_propellant,none,,,,,,,,,,,,,,,,,,,,,,
a50d92fe4188,my_pilot_nuclear,max_thrust,ntp_nerva,mars_crew_fast,reference,1,max_thrust@ntp_nerva,nuclear,50000,4,ok,False,3,best,return,0,7,0,2.0199877326376736e-07,0.01135626100221998,0.013533798999560531,0.0,0.00016423099805251695,0.04105774951312924,0.0,0,3,4,700010000,900010000,0,False,True,False,4,0.0,-69.24019044574356,2.470854546722516,0.08755844751209182,3917.725365488294,53000.0,0.041666666666666664,0.025,0.0,0.0,180995474240.15463,0.0,1.0,1.0,0.0,0.0,1.0,,0,1355980939.9252167,4,,0,0.0,4,out_of_propellant,thermal,4,0.0,-69.24019044574356,2.470854546722516,0.08755844751209182,3917.725365488294,53000.0,0.041666666666666664,0.025,0.0,0.0,180995474240.15463,0.0,1.0,1.0,0.0,0.0,1.0,,0,1355980939.9252167,4,,0,0.0,4,out_of_propellant,thermal,4,0.0,-69.24019044574356,2.470854546722516,0.08755844751209182,3917.725365488294,53000.0,0.041666666666666664,0.025,0.0,0.0,180995474240.15463,0.0,1.0,1.0,0.0,0.0,1.0,,0,1355980939.9252167,4,,0,0.0,4,out_of_propellant,thermal,,,,,,,,,,,,,,,,,,,,,,
de6f794bf0e2,my_pilot_nuclear,max_thrust,ntp_nerva,mars_crew_fast,reference,2,max_thrust@ntp_nerva,nuclear,50000,4,ok,False,3,best,return,0,7,0,2.6399720809422433e-07,0.01983967599880998,0.02196117600033176,0.0,0.0001857249953900464,0.0464312488475116,0.0,0,3,4,700020000,900020000,0,False,True,False,4,0.0,-69.00443939823967,3.5706684180493395,0.08967421369431558,3917.716334399711,53000.0,0.041666666666666664,0.025,0.0,0.0,181507744043.26852,0.0,1.0,1.0,0.0,0.0,1.0,,0,1355980939.9252167,4,,0,0.0,4,out_of_propellant,thermal,4,0.0,-69.00443939823967,3.5706684180493395,0.08967421369431558,3917.716334399711,53000.0,0.041666666666666664,0.025,0.0,0.0,181507744043.26852,0.0,1.0,1.0,0.0,0.0,1.0,,0,1355980939.9252167,4,,0,0.0,4,out_of_propellant,thermal,4,0.0,-69.00443939823967,3.5706684180493395,0.08967421369431558,3917.716334399711,53000.0,0.041666666666666664,0.025,0.0,0.0,181507744043.26852,0.0,1.0,1.0,0.0,0.0,1.0,,0,1355980939.9252167,4,,0,0.0,4,out_of_propellant,thermal,,,,,,,,,,,,,,,,,,,,,,
30d862bc45a2,my_pilot_nuclear,max_thrust,ntp_nerva,mars_crew_fast,reference,3,max_thrust@ntp_nerva,nuclear,50000,4,ok,False,3,best,return,0,7,0,2.360029611736536e-07,0.01104981899698032,0.013131147999956738,0.0,0.00016388600124628283,0.04097150031157071,0.0,0,3,4,700030000,900030000,0,False,True,False,4,0.0,-66.74991967805421,4.976895441893924,0.10990802499432242,3917.6410880227677,53000.0,0.041666666666666664,0.025,0.0,0.0,153639247129.21503,0.0,1.0,1.0,0.0,0.0,1.0,,0,1355980939.9252167,4,,0,0.0,4,out_of_propellant,thermal,4,0.0,-66.74991967805421,4.976895441893924,0.10990802499432242,3917.6410880227677,53000.0,0.041666666666666664,0.025,0.0,0.0,153639247129.21503,0.0,1.0,1.0,0.0,0.0,1.0,,0,1355980939.9252167,4,,0,0.0,4,out_of_propellant,thermal,4,0.0,-66.74991967805421,4.976895441893924,0.10990802499432242,3917.6410880227677,53000.0,0.041666666666666664,0.025,0.0,0.0,153639247129.21503,0.0,1.0,1.0,0.0,0.0,1.0,,0,1355980939.9252167,4,,0,0.0,4,out_of_propellant,thermal,,,,,,,,,,,,,,,,,,,,,,
951e710cc5ce,my_pilot_nuclear,max_thrust,ntp_nerva,mars_crew_fast,reference,4,max_thrust@ntp_nerva,nuclear,50000,4,ok,False,3,best,return,0,7,0,2.2300082491710782e-07,0.01062488800380379,0.012683862998528639,0.0,0.00015973100016708486,0.039932750041771214,0.0,0,3,4,700040000,900040000,0,False,True,False,4,0.0,-69.31769080100801,5.491532573064709,0.08686310785873169,3917.618555927911,53000.0,0.041666666666666664,0.025,0.0,0.0,188760926961.4242,0.0,1.0,1.0,0.0,0.0,1.0,,0,1355980939.9252167,4,,0,0.0,4,out_of_propellant,thermal,4,0.0,-69.31769080100801,5.491532573064709,0.08686310785873169,3917.618555927911,53000.0,0.041666666666666664,0.025,0.0,0.0,188760926961.4242,0.0,1.0,1.0,0.0,0.0,1.0,,0,1355980939.9252167,4,,0,0.0,4,out_of_propellant,thermal,4,0.0,-69.31769080100801,5.491532573064709,0.08686310785873169,3917.618555927911,53000.0,0.041666666666666664,0.025,0.0,0.0,188760926961.4242,0.0,1.0,1.0,0.0,0.0,1.0,,0,1355980939.9252167,4,,0,0.0,4,out_of_propellant,thermal,,,,,,,,,,,,,,,,,,,,,,
9a2aa7d22e61,my_pilot_nuclear,max_thrust,ntp_nerva,mars_crew_fast,reference,5,max_thrust@ntp_nerva,nuclear,50000,4,ok,False,3,best,return,0,7,0,3.1500167096965015e-07,0.010638775998813799,0.012750311998388497,0.0,0.0001623050011403393,0.040576250285084825,0.0,0,3,4,700050000,900050000,0,False,True,False,4,0.0,-67.47165848687933,1.9430068994671703,0.10343060091475201,3917.6593940032335,53000.0,0.041666666666666664,0.025,0.0,0.0,157604287494.91873,0.0,1.0,1.0,0.0,0.0,1.0,,0,1355980939.9252167,4,,0,0.0,4,out_of_propellant,thermal,4,0.0,-67.47165848687933,1.9430068994671703,0.10343060091475201,3917.6593940032335,53000.0,0.041666666666666664,0.025,0.0,0.0,157604287494.91873,0.0,1.0,1.0,0.0,0.0,1.0,,0,1355980939.9252167,4,,0,0.0,4,out_of_propellant,thermal,4,0.0,-67.47165848687933,1.9430068994671703,0.10343060091475201,3917.6593940032335,53000.0,0.041666666666666664,0.025,0.0,0.0,157604287494.91873,0.0,1.0,1.0,0.0,0.0,1.0,,0,1355980939.9252167,4,,0,0.0,4,out_of_propellant,thermal,,,,,,,,,,,,,,,,,,,,,,
f8b0d57d44f8,my_pilot_nuclear,max_thrust,ntp_nerva,mars_crew_fast,reference,6,max_thrust@ntp_nerva,nuclear,50000,4,ok,False,3,best,return,0,7,0,2.1499727154150605e-07,0.010741644000518136,0.012925150000228314,0.0,0.0001611929983482696,0.0402982495870674,0.0,0,3,4,700060000,900060000,0,False,True,False,4,0.0,-66.81559451311414,4.237057747784481,0.10931837847454043,3917.6949309788033,53000.0,0.041666666666666664,0.025,0.0,0.0,151622669907.6145,0.0,1.0,1.0,0.0,0.0,1.0,,0,1355980939.9252167,4,,0,0.0,4,out_of_propellant,thermal,4,0.0,-66.81559451311414,4.237057747784481,0.10931837847454043,3917.6949309788033,53000.0,0.041666666666666664,0.025,0.0,0.0,151622669907.6145,0.0,1.0,1.0,0.0,0.0,1.0,,0,1355980939.9252167,4,,0,0.0,4,out_of_propellant,thermal,4,0.0,-66.81559451311414,4.237057747784481,0.10931837847454043,3917.6949309788033,53000.0,0.041666666666666664,0.025,0.0,0.0,151622669907.6145,0.0,1.0,1.0,0.0,0.0,1.0,,0,1355980939.9252167,4,,0,0.0,4,out_of_propellant,thermal,,,,,,,,,,,,,,,,,,,,,,
5d9a3fd59960,my_pilot_nuclear,max_thrust,ntp_nerva,mars_crew_fast,reference,7,max_thrust@ntp_nerva,nuclear,50000,4,ok,False,3,best,return,0,7,0,2.6999987312592566e-07,0.011122785999759799,0.013203116999648046,0.0,0.00016863200289662927,0.04215800072415732,0.0,0,3,4,700070000,900070000,0,False,True,False,4,0.0,-70.29343765150001,1.7117077984802302,0.0781059895769593,3917.6697860493955,53000.0,0.041666666666666664,0.025,0.0,0.0,202682723219.7364,0.0,1.0,1.0,0.0,0.0,1.0,,0,1355980939.9252167,4,,0,0.0,4,out_of_propellant,thermal,4,0.0,-70.29343765150001,1.7117077984802302,0.0781059895769593,3917.6697860493955,53000.0,0.041666666666666664,0.025,0.0,0.0,202682723219.7364,0.0,1.0,1.0,0.0,0.0,1.0,,0,1355980939.9252167,4,,0,0.0,4,out_of_propellant,thermal,4,0.0,-70.29343765150001,1.7117077984802302,0.0781059895769593,3917.6697860493955,53000.0,0.041666666666666664,0.025,0.0,0.0,202682723219.7364,0.0,1.0,1.0,0.0,0.0,1.0,,0,1355980939.9252167,4,,0,0.0,4,out_of_propellant,thermal,,,,,,,,,,,,,,,,,,,,,,
c34ef3e52afe,my_pilot_nuclear,prograde,ntp_nerva,mars_crew_fast,reference,1,prograde@ntp_nerva,nuclear,50000,4,ok,False,3,best,return,0,7,0,2.390006557106972e-07,0.011820597002952127,0.013965674999781186,0.0,0.00014474099953076802,0.036185249882692005,0.0,0,3,4,700010000,900010000,0,False,True,False,4,0.0,-67.24795138143881,2.7270026212642664,0.10476775096753155,4162.214082987978,53000.0,0.041666666666666664,0.025,0.0,0.0,180995306111.40527,0.0,1.0,1.0,0.0,0.5,1.0,,0,1355980939.9252167,4,,0,0.0,4,out_of_propellant,thermal,4,0.0,-67.24795138143881,2.7270026212642664,0.10476775096753155,4162.214082987978,53000.0,0.041666666666666664,0.025,0.0,0.0,180995306111.40527,0.0,1.0,1.0,0.0,0.5,1.0,,0,1355980939.9252167,4,,0,0.0,4,out_of_propellant,thermal,4,0.0,-67.24795138143881,2.7270026212642664,0.10476775096753155,4162.214082987978,53000.0,0.041666666666666664,0.025,0.0,0.0,180995306111.40527,0.0,1.0,1.0,0.0,0.5,1.0,,0,1355980939.9252167,4,,0,0.0,4,out_of_propellant,thermal,,,,,,,,,,,,,,,,,,,,,,
10cb46ae4b9a,my_pilot_nuclear,prograde,ntp_nerva,mars_crew_fast,reference,2,prograde@ntp_nerva,nuclear,50000,4,ok,False,3,best,return,0,7,0,2.4800101527944207e-07,0.015580616000079317,0.017848892999609234,0.0,0.000147181999636814,0.0367954999092035,0.0,0,3,4,700020000,900020000,0,False,True,False,4,0.0,-67.02909525213714,3.9538609310583497,0.10671942540048976,4162.214082987978,53000.0,0.041666666666666664,0.025,0.0,0.0,181507583338.562,0.0,1.0,1.0,0.0,0.5,1.0,,0,1355980939.9252167,4,,0,0.0,4,out_of_propellant,thermal,4,0.0,-67.02909525213714,3.9538609310583497,0.10671942540048976,4162.214082987978,53000.0,0.041666666666666664,0.025,0.0,0.0,181507583338.562,0.0,1.0,1.0,0.0,0.5,1.0,,0,1355980939.9252167,4,,0,0.0,4,out_of_propellant,thermal,4,0.0,-67.02909525213714,3.9538609310583497,0.10671942540048976,4162.214082987978,53000.0,0.041666666666666664,0.025,0.0,0.0,181507583338.562,0.0,1.0,1.0,0.0,0.5,1.0,,0,1355980939.9252167,4,,0,0.0,4,out_of_propellant,thermal,,,,,,,,,,,,,,,,,,,,,,
60de692c1506,my_pilot_nuclear,prograde,ntp_nerva,mars_crew_fast,reference,3,prograde@ntp_nerva,nuclear,50000,4,ok,False,3,best,return,0,7,0,2.4200198822654784e-07,0.024080957999103703,0.026204400997812627,0.0,0.00015876800171099603,0.03969200042774901,0.0,0,3,4,700030000,900030000,0,False,True,False,4,0.0,-64.55147587196842,5.506945071103518,0.12881387810924513,4162.214082987978,53000.0,0.041666666666666664,0.025,0.0,0.0,153639102798.87012,0.0,1.0,1.0,0.0,0.5,1.0,,0,1355980939.9252167,4,,0,0.0,4,out_of_propellant,thermal,4,0.0,-64.55147587196842,5.506945071103518,0.12881387810924513,4162.214082987978,53000.0,0.041666666666666664,0.025,0.0,0.0,153639102798.87012,0.0,1.0,1.0,0.0,0.5,1.0,,0,1355980939.9252167,4,,0,0.0,4,out_of_propellant,thermal,4,0.0,-64.55147587196842,5.506945071103518,0.12881387810924513,4162.214082987978,53000.0,0.041666666666666664,0.025,0.0,0.0,153639102798.87012,0.0,1.0,1.0,0.0,0.5,1.0,,0,1355980939.9252167,4,,0,0.0,4,out_of_propellant,thermal,,,,,,,,,,,,,,,,,,,,,,
5f842708a761,my_pilot_nuclear,prograde,ntp_nerva,mars_crew_fast,reference,4,prograde@ntp_nerva,nuclear,50000,4,ok,False,3,best,return,0,7,0,2.2799940779805183e-07,0.02389856900117593,0.02599229900079081,0.0,0.0001594399982423056,0.0398599995605764,0.0,0,3,4,700040000,900040000,0,False,True,False,4,0.0,-67.37441221361641,6.071396565212711,0.10364002210876411,4162.214082987978,53000.0,0.041666666666666664,0.025,0.0,0.0,188760784316.55273,0.0,1.0,1.0,0.0,0.5,1.0,,0,1355980939.9252167,4,,0,0.0,4,out_of_propellant,thermal,4,0.0,-67.37441221361641,6.071396565212711,0.10364002210876411,4162.214082987978,53000.0,0.041666666666666664,0.025,0.0,0.0,188760784316.55273,0.0,1.0,1.0,0.0,0.5,1.0,,0,1355980939.9252167,4,,0,0.0,4,out_of_propellant,thermal,4,0.0,-67.37441221361641,6.071396565212711,0.10364002210876411,4162.214082987978,53000.0,0.041666666666666664,0.025,0.0,0.0,188760784316.55273,0.0,1.0,1.0,0.0,0.5,1.0,,0,1355980939.9252167,4,,0,0.0,4,out_of_propellant,thermal,,,,,,,,,,,,,,,,,,,,,,
0ba55a1fb648,my_pilot_nuclear,prograde,ntp_nerva,mars_crew_fast,reference,5,prograde@ntp_nerva,nuclear,50000,4,ok,False,3,best,return,0,7,0,2.1999949240125716e-07,0.023404709998430917,0.033513710000988794,0.0,0.000159115999849746,0.0397789999624365,0.0,0,3,4,700050000,900050000,0,False,True,False,4,0.0,-65.33040829322962,2.114115900244206,0.12186765962119794,4162.214082987978,53000.0,0.041666666666666664,0.025,0.0,0.0,157604119444.7327,0.0,1.0,1.0,0.0,0.5,1.0,,0,1355980939.9252167,4,,0,0.0,4,out_of_propellant,thermal,4,0.0,-65.33040829322962,2.114115900244206,0.12186765962119794,4162.214082987978,53000.0,0.041666666666666664,0.025,0.0,0.0,157604119444.7327,0.0,1.0,1.0,0.0,0.5,1.0,,0,1355980939.9252167,4,,0,0.0,4,out_of_propellant,thermal,4,0.0,-65.33040829322962,2.114115900244206,0.12186765962119794,4162.214082987978,53000.0,0.041666666666666664,0.025,0.0,0.0,157604119444.7327,0.0,1.0,1.0,0.0,0.5,1.0,,0,1355980939.9252167,4,,0,0.0,4,out_of_propellant,thermal,,,,,,,,,,,,,,,,,,,,,,
dad16719a6ec,my_pilot_nuclear,prograde,ntp_nerva,mars_crew_fast,reference,6,prograde@ntp_nerva,nuclear,50000,4,ok,False,3,best,return,0,7,0,2.3299799067899585e-07,0.024624657002277672,0.026682676001655636,0.0,0.00016093799786176533,0.04023449946544133,0.0,0,3,4,700060000,900060000,0,False,True,False,4,0.0,-64.61918334484477,4.641484926348566,0.1282100890165904,4162.214082987978,53000.0,0.041666666666666664,0.025,0.0,0.0,151622519455.08282,0.0,1.0,1.0,0.0,0.5,1.0,,0,1355980939.9252167,4,,0,0.0,4,out_of_propellant,thermal,4,0.0,-64.61918334484477,4.641484926348566,0.1282100890165904,4162.214082987978,53000.0,0.041666666666666664,0.025,0.0,0.0,151622519455.08282,0.0,1.0,1.0,0.0,0.5,1.0,,0,1355980939.9252167,4,,0,0.0,4,out_of_propellant,thermal,4,0.0,-64.61918334484477,4.641484926348566,0.1282100890165904,4162.214082987978,53000.0,0.041666666666666664,0.025,0.0,0.0,151622519455.08282,0.0,1.0,1.0,0.0,0.5,1.0,,0,1355980939.9252167,4,,0,0.0,4,out_of_propellant,thermal,,,,,,,,,,,,,,,,,,,,,,
385bc02ed722,my_pilot_nuclear,prograde,ntp_nerva,mars_crew_fast,reference,7,prograde@ntp_nerva,nuclear,50000,4,ok,False,3,best,return,0,7,0,2.4199835024774075e-07,0.02418147299977136,0.026336824001191417,0.0,0.00016948299889918417,0.04237074972479604,0.0,0,3,4,700070000,900070000,0,False,True,False,4,0.0,-68.48581131733876,1.931462230604591,0.09372899415414979,4162.214082987978,53000.0,0.041666666666666664,0.025,0.0,0.0,202682556108.1302,0.0,1.0,1.0,0.0,0.5,1.0,,0,1355980939.9252167,4,,0,0.0,4,out_of_propellant,thermal,4,0.0,-68.48581131733876,1.931462230604591,0.09372899415414979,4162.214082987978,53000.0,0.041666666666666664,0.025,0.0,0.0,202682556108.1302,0.0,1.0,1.0,0.0,0.5,1.0,,0,1355980939.9252167,4,,0,0.0,4,out_of_propellant,thermal,4,0.0,-68.48581131733876,1.931462230604591,0.09372899415414979,4162.214082987978,53000.0,0.041666666666666664,0.025,0.0,0.0,202682556108.1302,0.0,1.0,1.0,0.0,0.5,1.0,,0,1355980939.9252167,4,,0,0.0,4,out_of_propellant,thermal,,,,,,,,,,,,,,,,,,,,,,
dd7b6b4135e3,my_pilot_nuclear,ppo,ntp_nerva,mars_crew_fast,reference,1,ppo@ntp_nerva,nuclear,50000,4,ok,True,3,best,return,50000,483,50000,114.92497141700005,0.3120769139895856,115.10872266799925,0.1269921499042539,11.955264876465662,0.2390861706356624,0.0,152075,3,4,700010000,900010000,10002,True,True,False,4,0.0,-67.2102465505506,2.9774132467263983,0.10504900874876519,4180.309466122429,53000.0,0.041666666666666664,0.025,0.0,0.0,180997106964.44962,0.0,0.5069444105029106,0.0,0.0,0.522561177611351,0.0,,0,1355980939.9252167,4,,0,0.0,4,out_of_propellant,none,4,0.0,-67.66425006890759,1.324916306501725,0.11367838073224953,4315.72394901539,53000.0,1.90625,0.04375,0.0,0.0,178131998547.01202,0.0,0.14773492110035724,0.0,0.7088293650793651,0.5109964043700269,0.0,,0,1356825789.296556,4,,0,0.0,4,out_of_propellant,none,4,0.0,-67.2102465505506,2.9774132467263983,0.10504900874876519,4180.309466122429,53000.0,0.041666666666666664,0.025,0.0,0.0,180997106964.44962,0.0,0.5069444105029106,0.0,0.0,0.522561177611351,0.0,,0,1355980939.9252167,4,,0,0.0,4,out_of_propellant,none,,-0.03285031172708841,0.005811137949058321,5.877297186851502,0.029065930595970714,0.337890625,0.752694845199585,10.0,0.0,0.0,24.0,49152.0,-0.2563481628894806,,,,,,,,,
6bcaafe24e79,my_pilot_nuclear,ppo,ntp_nerva,mars_crew_fast,reference,2,ppo@ntp_nerva,nuclear,50000,4,ok,True,3,best,return,50000,44,50000,115.96426959299788,0.1023200980052934,116.00584610300211,0.13298075897910167,12.040665677221114,0.24079405002042065,0.0,152075,3,4,700020000,900020000,0,True,True,False,4,0.0,-67.04064196886668,3.952038220156056,0.10661966759526545,4161.04219897529,53000.0,0.041666666666666664,0.025,0.0,0.0,181509359342.85614,0.0,0.49935199320316315,0.0,0.0,0.4985431730747223,0.0,,0,1355980939.9252167,4,,0,0.0,4,out_of_propellant,none,4,0.0,-68.81521088451316,6.520175173285951,0.09045984337628521,4307.544808551393,53000.0,0.041666666666666664,0.025,0.0,0.0,181509971198.1565,0.0,0.554485633969307,0.0,0.0,0.6839900463819504,0.0,,0,1355980939.9252167,4,,0,0.0,4,out_of_propellant,none,4,0.0,-67.04064196886668,3.952038220156056,0.10661966759526545,4161.04219897529,53000.0,0.041666666666666664,0.025,0.0,0.0,181509359342.85614,0.0,0.49935199320316315,0.0,0.0,0.4985431730747223,0.0,,0,1355980939.9252167,4,,0,0.0,4,out_of_propellant,none,,-0.036059689678950235,0.006620719344209647,5.583736692368984,0.020231593752396294,0.25087890625,0.6828896999359131,10.0,0.0,0.0,24.0,49152.0,-0.31753796339035034,,,,,,,,,
fb9d9fa06ae0,my_pilot_nuclear,ppo,ntp_nerva,mars_crew_fast,reference,3,ppo@ntp_nerva,nuclear,50000,4,ok,True,3,best,return,50000,3726,50000,115.72679064499971,1.7361536779972084,117.384720389,0.12794069787560147,12.838567029175465,0.25675080051946775,0.0,152075,3,4,700030000,900030000,0,True,True,False,4,0.0,-64.5640556927633,5.504471825323904,0.12870543004491128,4161.076980293484,53000.0,0.041666666666666664,0.025,0.0,0.0,153640695711.51578,0.0,0.4993833750486374,0.0,0.0,0.49858640134334564,0.0,,0,1355980939.9252167,4,,0,0.0,4,out_of_propellant,none,4,0.0,-95.83545659073121,41.41695389477039,0.0828384115662481,4296.655390310409,53000.0,38.239583333333336,0.0375,0.0,0.0,109093404517.99673,0.0,0.24989367085306066,0.0,0.44699783501139134,0.7735942577882481,0.0,,0,1373838677.834085,4,,0,0.0,4,out_of_propellant,none,4,0.0,-64.5640556927633,5.504471825323904,0.12870543004491128,4161.076980293484,53000.0,0.041666666666666664,0.025,0.0,0.0,153640695711.51578,0.0,0.4993833750486374,0.0,0.0,0.49858640134334564,0.0,,0,1355980939.9252167,4,,0,0.0,4,out_of_propellant,none,,-0.023836942653724692,0.004835032908522408,5.892006407678127,0.024512616419815458,0.3123046875,0.7681402564048767,10.0,0.0,0.0,24.0,49152.0,-0.24906329810619354,,,,,,,,,
9fafb1b929e9,my_pilot_nuclear,sac,nep_brayton,mars_crew_fast,reference,5,sac@nep_brayton,nuclear,50000,4,ok,True,3,best,return,50000,232320,50000,497.56963454500146,94.60263780999958,521.3443165939971,401.22388385100567,7.346037275285198,0.14690899278628106,0.0,231437,3,4,700050000,900050000,0,True,True,False,4,0.0,-233.79407728130084,2.483113032573879,0.3852108370897539,4847.487321267291,16892.369099066513,220.0,0.8446184549533255,0.0,0.0,123229957782.92232,0.0,0.5006200109015811,0.0,0.0,0.5003964375817415,0.0,,0,1177455236.8402984,4,,0,0.0,4,timeout,none,4,0.0,-275.31904294180913,2.0344815813529533,0.0,1602.4930469239068,6477.907408409795,220.0,0.32389537042048977,0.0,0.0,173253844351.93158,0.0,0.403134800624949,0.13664772727272728,0.17291666666666666,0.38858529022386806,0.3534564393939394,,0,1122850247.373886,4,,0,0.0,4,timeout,perveance,4,0.0,-233.79407728130084,2.483113032573879,0.3852108370897539,4847.487321267291,16892.369099066513,220.0,0.8446184549533255,0.0,0.0,123229957782.92232,0.0,0.5006200109015811,0.0,0.0,0.5003964375817415,0.0,,0,1177455236.8402984,4,,0,0.0,4,timeout,none,,,,-4.955142974853516,,,,,,,50000.0,50000.0,,0.00432948675006628,-5.371284484863281,0.00018518921569921076,5.261817932128906,5.260935306549072,5.276442050933838,0.004128811880946159,50000.0,0.0
ad66ae862310,my_pilot_nuclear,sac,nep_brayton,mars_crew_fast,reference,6,sac@nep_brayton,nuclear,50000,4,ok,True,3,best,return,50000,232320,50000,498.9731480019982,92.23189054199975,522.1569924869982,404.5615194159982,7.232896327081107,0.14464635483323549,0.0,231437,3,4,700060000,900060000,0,True,True,False,4,0.0,-234.36643588010728,5.28644592860207,0.3805864213354614,4865.372808725894,16891.984647476853,220.0,0.8445992323738425,0.0,0.0,133948454651.31902,0.0,0.5006362297374642,0.0,0.0,0.5004581961329236,0.0,,0,1177453221.0880084,4,,0,0.0,4,timeout,none,4,0.0,-279.6023005272399,8.468639919489204,0.0,1871.6887342713503,6795.467630436776,220.0,0.3397733815218388,0.0,0.0,202370273126.995,0.0,0.3797861712914186,0.036268939393939395,0.014630681818181817,0.5206685190272489,0.2902935606060606,,0,1124515275.5907829,4,,0,0.0,4,timeout,perveance,4,0.0,-234.36643588010728,5.28644592860207,0.3805864213354614,4865.372808725894,16891.984647476853,220.0,0.8445992323738425,0.0,0.0,133948454651.31902,0.0,0.5006362297374642,0.0,0.0,0.5004581961329236,0.0,,0,1177453221.0880084,4,,0,0.0,4,timeout,none,,,,-4.9777302742004395,,,,,,,50000.0,50000.0,,0.006974898278713226,-4.888675212860107,0.0001398718450218439,4.763375282287598,4.741407871246338,4.752687931060791,0.006280352361500263,50000.0,0.0
ef9d33627470,my_pilot_nuclear,sac,nep_brayton,mars_crew_fast,reference,7,sac@nep_brayton,nuclear,50000,4,ok,True,3,best,return,50000,232102,50000,497.6673241159988,92.79493633299717,521.0924320769991,402.9595143280021,7.387351570996543,0.14773521260292263,0.0,231437,3,4,700070000,900070000,0,True,True,False,4,0.0,-229.54860326088402,2.730811142121164,0.41915759912410644,4819.449991337494,16898.893351472296,220.0,0.8449446675736147,0.0,0.0,62192837813.88426,0.0,0.5006768067536707,0.0,0.0,0.5001999027109846,0.0,,0,1177489444.7277994,4,,0,0.0,4,timeout,none,4,0.0,-317.3363376372521,1.804822965506965,0.0,4876.519185188634,15341.65869387428,220.0,0.767082934693714,22.25,0.1306023349163464,178451454617.34048,0.0,0.6453928640084059,0.0017992424242424243,0.02107007575757576,0.7707178768109192,0.19545454545454544,,0,1169324569.3265905,4,,0,0.0,4,timeout,perveance,4,0.0,-229.54860326088402,2.730811142121164,0.41915759912410644,4819.449991337494,16898.893351472296,220.0,0.8449446675736147,0.0,0.0,62192837813.88426,0.0,0.5006768067536707,0.0,0.0,0.5001999027109846,0.0,,0,1177489444.7277994,4,,0,0.0,4,timeout,none,,,,-5.104496955871582,,,,,,,50000.0,50000.0,,0.08623149991035461,-48.41655349731445,-0.003390075173228979,47.00322341918945,47.0269775390625,47.09449768066406,0.03244242072105408,50000.0,0.0
e2add9762ceb,my_pilot_nuclear,ppo,ntp_nerva,mars_crew_fast,reference,4,ppo@ntp_nerva,nuclear,50000,4,ok,True,3,best,return,50000,50,50000,115.55784157000016,0.10810928900536965,115.60441586300294,0.13189612752830726,12.321502863775095,0.24641034444794607,0.0,152075,3,4,700040000,900040000,0,True,True,False,4,0.0,-67.38554901869661,6.0686436795069465,0.10354374143935463,4161.059415298419,53000.0,0.041666666666666664,0.025,0.0,0.0,188762357531.3056,0.0,0.49937473237514496,0.0,0.0,0.49856456369161606,0.0,,0,1355980939.9252167,4,,0,0.0,4,out_of_propellant,none,4,0.0,-70.23874442156695,8.442569005790205,0.07824878032601196,4287.803657345619,53000.0,0.0625,0.027022415246177114,0.0,0.0,188736076557.03854,0.0,0.4972803331911564,0.0,0.0,0.6334256194531918,0.0,,0,1355990370.2060924,4,,0,0.0,4,out_of_propellant,none,4,0.0,-67.38554901869661,6.0686436795069465,0.10354374143935463,4161.059415298419,53000.0,0.041666666666666664,0.025,0.0,0.0,188762357531.3056,0.0,0.49937473237514496,0.0,0.0,0.49856456369161606,0.0,,0,1355980939.9252167,4,,0,0.0,4,out_of_propellant,none,,-0.02588745832181303,0.005371972049033502,5.810351459681987,0.019774290986242705,0.245361328125,0.6920372247695923,10.0,0.0,0.0,24.0,49152.0,-0.2706254720687866,,,,,,,,,
8b094fac2671,my_pilot_nuclear,ppo,ntp_nerva,mars_crew_fast,reference,5,ppo@ntp_nerva,nuclear,50000,4,ok,True,3,best,return,50000,48,50000,112.84688924099828,0.11252875799982576,112.89476281899988,0.12396473129410879,11.763864541280782,0.2352584701480038,0.0,152075,3,4,700050000,900050000,0,True,True,False,4,0.0,-65.34291391939702,2.1133568919173977,0.12175980682795942,4161.051828692147,53000.0,0.041666666666666664,0.025,0.0,0.0,157605978216.22278,0.0,0.499349020421505,0.0,0.0,0.49855513125658035,0.0,,0,1355980939.9252167,4,,0,0.0,4,out_of_propellant,none,4,0.0,-68.9136179088203,7.499129540168236,0.09082513786276017,4285.58609609675,53000.0,0.05208333333333333,0.025,0.0,0.0,157595211088.70673,0.0,0.3861977197229862,0.0,0.0,0.657024048268795,0.0,,0,1355985655.0656545,4,,0,0.0,4,out_of_propellant,none,4,0.0,-65.34291391939702,2.1133568919173977,0.12175980682795942,4161.051828692147,53000.0,0.041666666666666664,0.025,0.0,0.0,157605978216.22278,0.0,0.499349020421505,0.0,0.0,0.49855513125658035,0.0,,0,1355980939.9252167,4,,0,0.0,4,out_of_propellant,none,,-0.027018536574178142,0.007048486266285181,5.626751120388508,0.023775444633793087,0.270068359375,0.5843592286109924,10.0,0.0,0.0,24.0,49152.0,-0.311054527759552,,,,,,,,,
1bbb3774f0e0,my_pilot_nuclear,ppo,ntp_nerva,mars_crew_fast,reference,6,ppo@ntp_nerva,nuclear,50000,4,ok,True,3,best,return,50000,15885,50000,114.47735654999997,6.786703869995108,119.01044584600095,0.1281900557987683,12.770132202465902,0.25538221347224027,0.0,152075,3,4,700060000,900060000,0,True,True,False,4,0.0,-64.63175755855185,4.639618916973617,0.1281017086875674,4161.074136509564,53000.0,0.041666666666666664,0.025,0.0,0.0,151624181412.55157,0.0,0.4993755593895912,0.0,0.0,0.4985828697681427,0.0,,0,1355980939.9252167,4,,0,0.0,4,out_of_propellant,none,4,0.0,-119.97619661190569,100.62469893046624,0.09350313653266212,4095.610231525484,51588.98618276545,55.072916666666664,0.0375,0.0,0.0,154672000329.30817,0.0,0.23502375842636508,0.0,0.34995265151515154,0.5620999350607621,0.0,,0,1378857278.8369489,4,,0,0.0,4,out_of_propellant,none,4,0.0,-64.63175755855185,4.639618916973617,0.1281017086875674,4161.074136509564,53000.0,0.041666666666666664,0.025,0.0,0.0,151624181412.55157,0.0,0.4993755593895912,0.0,0.0,0.4985828697681427,0.0,,0,1355980939.9252167,4,,0,0.0,4,out_of_propellant,none,,-0.024255767784052296,0.0064294641539163425,5.734496268630028,0.01901234476827085,0.249609375,0.6542167663574219,10.0,0.0,0.0,24.0,49152.0,-0.2830195128917694,,,,,,,,,
fac88751ba81,my_pilot_nuclear,ppo,ntp_nerva,mars_crew_fast,reference,7,ppo@ntp_nerva,nuclear,50000,4,ok,True,3,best,return,50000,40,50000,113.68994335399839,0.0937176940133213,113.71468732699941,0.12301511403711629,12.172833659253229,0.24343719820920784,0.0,152075,3,4,700070000,900070000,50000,False,True,False,4,0.0,-78.95564141285948,0.23560607345196857,0.000808113765605939,4358.8574880825145,53000.0,0.041666666666666664,0.025,0.0,0.0,202691819046.86197,0.0,0.7206248641014099,0.0,0.0,0.7503049522638321,0.0,,0,1355980939.9252167,4,,0,0.0,4,out_of_propellant,none,4,0.0,-78.95564141285948,0.23560607345196857,0.000808113765605939,4358.8574880825145,53000.0,0.041666666666666664,0.025,0.0,0.0,202691819046.86197,0.0,0.7206248641014099,0.0,0.0,0.7503049522638321,0.0,,0,1355980939.9252167,4,,0,0.0,4,out_of_propellant,none,4,0.0,-78.95564141285948,0.23560607345196857,0.000808113765605939,4358.8574880825145,53000.0,0.041666666666666664,0.025,0.0,0.0,202691819046.86197,0.0,0.7206248641014099,0.0,0.0,0.7503049522638321,0.0,,0,1355980939.9252167,4,,0,0.0,4,out_of_propellant,none,,-0.024463697600003796,0.007262177202937892,5.828747269511223,0.024677708587842063,0.30048828125,0.7437000274658203,10.0,0.0,0.0,24.0,49152.0,-0.26733532547950745,,,,,,,,,
df6c971ddcd7,my_pilot_nuclear,sac,ntp_nerva,mars_crew_fast,reference,1,sac@ntp_nerva,nuclear,50000,4,ok,True,3,best,return,50000,113145,50000,469.97290566699667,39.006283375994826,482.74297539300096,389.320378958917,7.914133763897553,0.15827001367685692,0.0,231437,3,4,700010000,900010000,0,True,True,False,4,0.0,-67.24621518385942,2.726634354745251,0.10478202166902864,4162.67249831114,53000.0,0.041666666666666664,0.025,0.0,0.0,180997142143.38983,0.0,0.5019435584545135,0.0,0.0,0.5005699992179871,0.0,,0,1355980939.9252167,4,,0,0.0,4,out_of_propellant,none,4,0.0,-266.64568481647643,0.04901289783544827,0.0001936099214465692,0.0,0.0,220.0,0.0,0.0,0.0,170145179523.61566,0.0,0.0031848116368619786,0.0,0.9908617424242425,0.21936097680308825,0.0,,0,1295698395.114865,4,,0,0.0,4,timeout,none,4,0.0,-67.24621518385942,2.726634354745251,0.10478202166902864,4162.67249831114,53000.0,0.041666666666666664,0.025,0.0,0.0,180997142143.38983,0.0,0.5019435584545135,0.0,0.0,0.5005699992179871,0.0,,0,1355980939.9252167,4,,0,0.0,4,out_of_propellant,none,,,,-4.901727199554443,,,,,,,49001.0,50000.0,,0.0024270787835121155,2.4282801151275635,0.00024318665964528918,-2.4294567108154297,-2.4513132572174072,-2.4563307762145996,0.0024743485264480114,50000.0,0.0
fd1b46954a35,my_pilot_nuclear,sac,ntp_nerva,mars_crew_fast,reference,2,sac@ntp_nerva,nuclear,50000,4,ok,True,3,best,return,50000,123060,50000,457.8187968500024,41.757292795002286,470.4955488320011,383.56005095595174,7.531645400409616,0.15062085833952515,0.0,231437,3,4,700020000,900020000,0,True,True,False,4,0.0,-67.02710681360116,3.952999604168001,0.10673596216189996,4162.672149516743,53000.0,0.041666666666666664,0.025,0.0,0.0,181509335291.75436,0.0,0.5019347369670868,0.0,0.0,0.5005695521831512,0.0,,0,1355980939.9252167,4,,0,0.0,4,out_of_propellant,none,4,0.0,-266.65349622032574,0.015238655850038049,8.828215393724692e-05,0.0,0.0,220.0,0.0,0.0,0.0,171614507162.85696,0.0,0.0011865490356065106,0.0,1.0,0.27074942182128625,0.0,,0,1295698395.114865,4,,0,0.0,4,timeout,none,4,0.0,-67.02710681360116,3.952999604168001,0.10673596216189996,4162.672149516743,53000.0,0.041666666666666664,0.025,0.0,0.0,181509335291.75436,0.0,0.5019347369670868,0.0,0.0,0.5005695521831512,0.0,,0,1355980939.9252167,4,,0,0.0,4,out_of_propellant,none,,,,-4.972812175750732,,,,,,,49001.0,50000.0,,0.0014567779144272208,2.0249242782592773,0.00012686294212471694,-2.052338123321533,-2.0476741790771484,-2.051480531692505,0.004664992447942495,50000.0,0.0
88c76c66763a,my_pilot_nuclear,sac,ntp_nerva,mars_crew_fast,reference,3,sac@ntp_nerva,nuclear,50000,4,ok,True,3,best,return,50000,137519,50000,462.57868948300165,45.96141852400251,475.37155304000044,386.11320071906084,7.522254236992012,0.15043305009583258,0.0,231437,3,4,700030000,900030000,0,True,True,False,4,0.0,-64.55008802159894,5.505373904108278,0.1288250339156123,4162.617492365283,53000.0,0.041666666666666664,0.025,0.0,0.0,153640655332.37054,0.0,0.5019212067127228,0.0,0.0,0.5005015879869461,0.0,,0,1355980939.9252167,4,,0,0.0,4,out_of_propellant,none,4,0.0,-266.69531690167327,0.05730047013236117,2.55351295663786e-15,0.0,0.0,220.0,0.0,0.0,0.0,200431679528.37247,0.0,0.002209736951485728,0.0,1.0,0.34370432204679785,0.0,,0,1295698395.114865,4,,0,0.0,4,timeout,none,4,0.0,-64.55008802159894,5.505373904108278,0.1288250339156123,4162.617492365283,53000.0,0.041666666666666664,0.025,0.0,0.0,153640655332.37054,0.0,0.5019212067127228,0.0,0.0,0.5005015879869461,0.0,,0,1355980939.9252167,4,,0,0.0,4,out_of_propellant,none,,,,-5.001031875610352,,,,,,,49001.0,50000.0,,0.0021120302844792604,2.266846179962158,-4.618952516466379e-06,-2.2927260398864746,-2.3016374111175537,-2.2946934700012207,0.0044747935608029366,50000.0,0.0
365e78658cc2,my_pilot_nuclear,sac,ntp_nerva,mars_crew_fast,reference,4,sac@ntp_nerva,nuclear,50000,4,ok,True,3,best,return,50000,129800,50000,466.06186023600094,45.0210419899995,479.5254988500019,389.5688201889243,7.80966589120726,0.15618082335827654,0.0,231437,3,4,700040000,900040000,0,True,True,False,4,0.0,-67.37268706380992,6.070346029618043,0.10365423384043018,4162.70049477497,53000.0,0.041666666666666664,0.025,0.0,0.0,188762336496.19183,0.0,0.5019239783287048,0.0,0.0,0.5006048083305359,0.0,,0,1355980939.9252167,4,,0,0.0,4,out_of_propellant,none,4,0.0,-266.6752393527638,0.04766821806984321,7.271023801522225e-05,0.0,0.0,220.0,0.0,0.0,0.0,165558632473.4963,0.0,0.002036899185711236,0.0,1.0,0.6196169732900505,0.0,,0,1295698395.114865,4,,0,0.0,4,timeout,none,4,0.0,-67.37268706380992,6.070346029618043,0.10365423384043018,4162.70049477497,53000.0,0.041666666666666664,0.025,0.0,0.0,188762336496.19183,0.0,0.5019239783287048,0.0,0.0,0.5006048083305359,0.0,,0,1355980939.9252167,4,,0,0.0,4,out_of_propellant,none,,,,-5.187067985534668,,,,,,,49002.0,50000.0,,0.001312018372118473,2.033308982849121,-0.0008901862311176956,-2.0762672424316406,-2.0728065967559814,-2.0785765647888184,0.004758525639772415,50000.0,0.0
cd820532ed00,my_pilot_nuclear,random,ntp_pewee,mars_crew_fast,reference,1,random@ntp_pewee,nuclear,50000,4,ok,False,3,best,return,0,18,0,4.5499837142415345e-07,0.04076807999808807,0.0432704630002263,0.0,0.0007887229949119501,0.19718074872798752,0.0,0,3,4,700010000,900010000,0,False,True,False,4,0.0,-91.87732509607758,22.969648460252927,0.007415987325846779,4719.051362209521,58500.0,0.09374999999999999,0.04803800164390721,0.0,0.0,180942312926.3288,0.0,0.6362374437352021,0.0,0.0,0.3038939796388149,0.0,,0,751536443.9806571,4,,0,0.0,4,out_of_propellant,none,4,0.0,-91.87732509607758,22.969648460252927,0.007415987325846779,4719.051362209521,58500.0,0.09374999999999999,0.04803800164390721,0.0,0.0,180942312926.3288,0.0,0.6362374437352021,0.0,0.0,0.3038939796388149,0.0,,0,751536443.9806571,4,,0,0.0,4,out_of_propellant,none,4,0.0,-91.87732509607758,22.969648460252927,0.007415987325846779,4719.051362209521,58500.0,0.09374999999999999,0.04803800164390721,0.0,0.0,180942312926.3288,0.0,0.6362374437352021,0.0,0.0,0.3038939796388149,0.0,,0,751536443.9806571,4,,0,0.0,4,out_of_propellant,none,,,,,,,,,,,,,,,,,,,,,,
9bb03d443d25,my_pilot_nuclear,random,ntp_pewee,mars_crew_fast,reference,2,random@ntp_pewee,nuclear,50000,4,ok,False,3,best,return,0,21,0,2.409979060757905e-07,0.04423604300245643,0.04653574199983268,0.0,0.0005881629986106418,0.14704074965266045,0.0,0,3,4,700020000,900020000,0,False,True,False,4,0.0,-90.71766480661368,12.10052103598617,0.0,5034.23155532103,58500.0,0.13541666666666666,0.0498436501290102,0.0,0.0,181409612519.87915,0.0,0.4351707694431146,0.0,0.0,0.6363266127804916,0.0,,0,751551746.6836088,4,,0,0.0,4,out_of_propellant,none,4,0.0,-90.71766480661368,12.10052103598617,0.0,5034.23155532103,58500.0,0.13541666666666666,0.0498436501290102,0.0,0.0,181409612519.87915,0.0,0.4351707694431146,0.0,0.0,0.6363266127804916,0.0,,0,751551746.6836088,4,,0,0.0,4,out_of_propellant,none,4,0.0,-90.71766480661368,12.10052103598617,0.0,5034.23155532103,58500.0,0.13541666666666666,0.0498436501290102,0.0,0.0,181409612519.87915,0.0,0.4351707694431146,0.0,0.0,0.6363266127804916,0.0,,0,751551746.6836088,4,,0,0.0,4,out_of_propellant,none,,,,,,,,,,,,,,,,,,,,,,
2dce40227fa5,my_pilot_nuclear,random,ntp_pewee,mars_crew_fast,reference,3,random@ntp_pewee,nuclear,50000,4,ok,False,3,best,return,0,18,0,2.3300162865780294e-07,0.03436147500178777,0.036576613998477114,0.0,0.0004909510025754571,0.12273775064386427,0.0,0,3,4,700030000,900030000,0,False,True,False,4,0.0,-88.98549406354753,28.975279754054288,0.0438242844570807,5061.916959291664,58500.0,0.10416666666666666,0.050878534852516935,0.0,0.0,153584931040.49445,0.0,0.5721093105773132,0.0,0.0,0.4025235697627067,0.0,,0,751540269.5323468,4,,0,0.0,4,out_of_propellant,none,4,0.0,-88.98549406354753,28.975279754054288,0.0438242844570807,5061.916959291664,58500.0,0.10416666666666666,0.050878534852516935,0.0,0.0,153584931040.49445,0.0,0.5721093105773132,0.0,0.0,0.4025235697627067,0.0,,0,751540269.5323468,4,,0,0.0,4,out_of_propellant,none,4,0.0,-88.98549406354753,28.975279754054288,0.0438242844570807,5061.916959291664,58500.0,0.10416666666666666,0.050878534852516935,0.0,0.0,153584931040.49445,0.0,0.5721093105773132,0.0,0.0,0.4025235697627067,0.0,,0,751540269.5323468,4,,0,0.0,4,out_of_propellant,none,,,,,,,,,,,,,,,,,,,,,,
9740636c390c,my_pilot_nuclear,random,ntp_pewee,mars_crew_fast,reference,4,random@ntp_pewee,nuclear,50000,4,ok,False,3,best,return,0,17,0,1.8900027498602867e-07,0.031181734997517196,0.03336520500306506,0.0,0.0004082589948666282,0.10206474871665705,0.0,0,3,4,700040000,900040000,0,False,True,False,4,0.0,-99.1878650358563,22.755620823546547,0.0072798109196337,4910.318942780586,58500.0,0.10416666666666666,0.0567941364107222,0.0,0.0,188705052287.3745,0.0,0.6695488517483075,0.0,0.0,0.527786006530126,0.0,,0,751540269.5323468,4,,0,0.0,4,out_of_propellant,none,4,0.0,-99.1878650358563,22.755620823546547,0.0072798109196337,4910.318942780586,58500.0,0.10416666666666666,0.0567941364107222,0.0,0.0,188705052287.3745,0.0,0.6695488517483075,0.0,0.0,0.527786006530126,0.0,,0,751540269.5323468,4,,0,0.0,4,out_of_propellant,none,4,0.0,-99.1878650358563,22.755620823546547,0.0072798109196337,4910.318942780586,58500.0,0.10416666666666666,0.0567941364107222,0.0,0.0,188705052287.3745,0.0,0.6695488517483075,0.0,0.0,0.527786006530126,0.0,,0,751540269.5323468,4,,0,0.0,4,out_of_propellant,none,,,,,,,,,,,,,,,,,,,,,,
b69fa3ca2836,my_pilot_nuclear,random,ntp_pewee,mars_crew_fast,reference,5,random@ntp_pewee,nuclear,50000,4,ok,False,3,best,return,0,20,0,2.310007403139025e-07,0.040057964004518,0.042310121996706584,0.0,0.0006088660011300817,0.15221650028252043,0.0,0,3,4,700050000,900050000,0,False,True,False,4,0.0,-118.04162769604758,24.47282258923067,0.0,4886.353498767467,58500.0,0.14583333333333331,0.04959889493779147,0.0,0.0,157493313453.9622,0.0,0.4347994811832905,0.0,0.0,0.4405480772256851,0.0,,0,751555572.8969069,4,,0,0.0,4,out_of_propellant,none,4,0.0,-118.04162769604758,24.47282258923067,0.0,4886.353498767467,58500.0,0.14583333333333331,0.04959889493779147,0.0,0.0,157493313453.9622,0.0,0.4347994811832905,0.0,0.0,0.4405480772256851,0.0,,0,751555572.8969069,4,,0,0.0,4,out_of_propellant,none,4,0.0,-118.04162769604758,24.47282258923067,0.0,4886.353498767467,58500.0,0.14583333333333331,0.04959889493779147,0.0,0.0,157493313453.9622,0.0,0.4347994811832905,0.0,0.0,0.4405480772256851,0.0,,0,751555572.8969069,4,,0,0.0,4,out_of_propellant,none,,,,,,,,,,,,,,,,,,,,,,
c344f4b03148,my_pilot_nuclear,random,ntp_pewee,mars_crew_fast,reference,6,random@ntp_pewee,nuclear,50000,4,ok,False,3,best,return,0,17,0,2.0500010577961802e-07,0.03313728599823662,0.03536033700220287,0.0,0.00040778399488772266,0.10194599872193066,0.0,0,3,4,700060000,900060000,0,False,True,False,4,0.0,-82.03974855208828,14.500758166325086,0.04614865208816302,4809.134988030052,58500.0,0.10416666666666666,0.046288654433307076,0.0,0.0,151559896847.42276,0.0,0.5824663825333118,0.0,0.0,0.3968289755284786,0.0,,0,751540269.6977406,4,,0,0.0,4,out_of_propellant,none,4,0.0,-82.03974855208828,14.500758166325086,0.04614865208816302,4809.134988030052,58500.0,0.10416666666666666,0.046288654433307076,0.0,0.0,151559896847.42276,0.0,0.5824663825333118,0.0,0.0,0.3968289755284786,0.0,,0,751540269.6977406,4,,0,0.0,4,out_of_propellant,none,4,0.0,-82.03974855208828,14.500758166325086,0.04614865208816302,4809.134988030052,58500.0,0.10416666666666666,0.046288654433307076,0.0,0.0,151559896847.42276,0.0,0.5824663825333118,0.0,0.0,0.3968289755284786,0.0,,0,751540269.6977406,4,,0,0.0,4,out_of_propellant,none,,,,,,,,,,,,,,,,,,,,,,
24ee0a003b45,my_pilot_nuclear,random,ntp_pewee,mars_crew_fast,reference,7,random@ntp_pewee,nuclear,50000,4,ok,False,3,best,return,0,22,0,2.2099993657320738e-07,0.044469701999332756,0.04677933900165954,0.0,0.0007093839958542958,0.17734599896357395,0.0,0,3,4,700070000,900070000,0,False,True,False,4,0.0,-99.31933470643335,21.921247628453354,0.0,4902.3259866518165,58500.0,0.16666666666666666,0.058578993996679984,0.0,0.0,202544827178.74054,0.0,0.42618415703376133,0.0,0.0,0.49909950147072474,0.0,,0,751563223.6694658,4,,0,0.0,4,out_of_propellant,none,4,0.0,-99.31933470643335,21.921247628453354,0.0,4902.3259866518165,58500.0,0.16666666666666666,0.058578993996679984,0.0,0.0,202544827178.74054,0.0,0.42618415703376133,0.0,0.0,0.49909950147072474,0.0,,0,751563223.6694658,4,,0,0.0,4,out_of_propellant,none,4,0.0,-99.31933470643335,21.921247628453354,0.0,4902.3259866518165,58500.0,0.16666666666666666,0.058578993996679984,0.0,0.0,202544827178.74054,0.0,0.42618415703376133,0.0,0.0,0.49909950147072474,0.0,,0,751563223.6694658,4,,0,0.0,4,out_of_propellant,none,,,,,,,,,,,,,,,,,,,,,,
988826b8b1b9,my_pilot_nuclear,max_thrust,ntp_pewee,mars_crew_fast,reference,1,max_thrust@ntp_pewee,nuclear,50000,4,ok,False,3,best,return,0,14,0,2.1900268620811403e-07,0.02324871400196571,0.025429844001337187,0.0,0.00031947500247042626,0.07986875061760657,0.0,0,3,4,700010000,900010000,0,False,True,False,4,0.0,-82.02189522923385,3.3892957093174965,0.0010806447855370716,5224.458851002748,58500.0,0.08333333333333333,0.06803987275175276,0.0,0.0,180931451883.40582,0.0,1.0,1.0,0.0,0.0,0.0,,0,751532618.4289672,4,,0,0.0,4,out_of_propellant,none,4,0.0,-82.02189522923385,3.3892957093174965,0.0010806447855370716,5224.458851002748,58500.0,0.08333333333333333,0.06803987275175276,0.0,0.0,180931451883.40582,0.0,1.0,1.0,0.0,0.0,0.0,,0,751532618.4289672,4,,0,0.0,4,out_of_propellant,none,4,0.0,-82.02189522923385,3.3892957093174965,0.0010806447855370716,5224.458851002748,58500.0,0.08333333333333333,0.06803987275175276,0.0,0.0,180931451883.40582,0.0,1.0,1.0,0.0,0.0,0.0,,0,751532618.4289672,4,,0,0.0,4,out_of_propellant,none,,,,,,,,,,,,,,,,,,,,,,
9a0116487ca3,my_pilot_nuclear,max_thrust,ntp_pewee,mars_crew_fast,reference,2,max_thrust@ntp_pewee,nuclear,50000,4,ok,False,3,best,return,0,14,0,2.2399763111025095e-07,0.023532070001238026,0.025683624000521377,0.0,0.0003129170036118012,0.0782292509029503,0.0,0,3,4,700020000,900020000,0,False,True,False,4,0.0,-80.95282154496402,4.416282687896448,0.011022995199235969,5224.458203798057,58500.0,0.08333333333333333,0.06803987275175276,0.0,0.0,181446606075.63422,0.0,1.0,1.0,0.0,0.0,0.0,,0,751532618.4289672,4,,0,0.0,4,out_of_propellant,none,4,0.0,-80.95282154496402,4.416282687896448,0.011022995199235969,5224.458203798057,58500.0,0.08333333333333333,0.06803987275175276,0.0,0.0,181446606075.63422,0.0,1.0,1.0,0.0,0.0,0.0,,0,751532618.4289672,4,,0,0.0,4,out_of_propellant,none,4,0.0,-80.95282154496402,4.416282687896448,0.011022995199235969,5224.458203798057,58500.0,0.08333333333333333,0.06803987275175276,0.0,0.0,181446606075.63422,0.0,1.0,1.0,0.0,0.0,0.0,,0,751532618.4289672,4,,0,0.0,4,out_of_propellant,none,,,,,,,,,,,,,,,,,,,,,,
36fd88a1acab,my_pilot_nuclear,max_thrust,ntp_pewee,mars_crew_fast,reference,3,max_thrust@ntp_pewee,nuclear,50000,4,ok,False,3,best,return,0,14,0,2.4600012693554163e-07,0.02311519399518147,0.025414402000023983,0.0,0.0003261210076743737,0.08153025191859342,0.0,0,3,4,700030000,900030000,0,False,True,False,4,0.0,-78.56628265680632,4.680921346939778,0.022338066233736353,5224.452839045758,58500.0,0.08333333333333333,0.06803987275175276,0.0,0.0,153584297554.16028,0.0,1.0,1.0,0.0,0.0,0.0,,0,751532618.4289672,4,,0,0.0,4,out_of_propellant,none,4,0.0,-78.56628265680632,4.680921346939778,0.022338066233736353,5224.452839045758,58500.0,0.08333333333333333,0.06803987275175276,0.0,0.0,153584297554.16028,0.0,1.0,1.0,0.0,0.0,0.0,,0,751532618.4289672,4,,0,0.0,4,out_of_propellant,none,4,0.0,-78.56628265680632,4.680921346939778,0.022338066233736353,5224.452839045758,58500.0,0.08333333333333333,0.06803987275175276,0.0,0.0,153584297554.16028,0.0,1.0,1.0,0.0,0.0,0.0,,0,751532618.4289672,4,,0,0.0,4,out_of_propellant,none,,,,,,,,,,,,,,,,,,,,,,
c4d05c2ae111,my_pilot_nuclear,max_thrust,ntp_pewee,mars_crew_fast,reference,4,max_thrust@ntp_pewee,nuclear,50000,4,ok,False,3,best,return,0,14,0,1.9599974621087313e-07,0.022991856996668503,0.025105256998358527,0.0,0.0003021260017703753,0.07553150044259382,0.0,0,3,4,700040000,900040000,0,False,True,False,4,0.0,-81.42220069327787,5.5042070055631305,0.01380639854905813,5224.451242308076,58500.0,0.08333333333333333,0.06803987275175276,0.0,0.0,188706664732.68774,0.0,1.0,1.0,0.0,0.0,0.0,,0,751532618.4289672,4,,0,0.0,4,out_of_propellant,none,4,0.0,-81.42220069327787,5.5042070055631305,0.01380639854905813,5224.451242308076,58500.0,0.08333333333333333,0.06803987275175276,0.0,0.0,188706664732.68774,0.0,1.0,1.0,0.0,0.0,0.0,,0,751532618.4289672,4,,0,0.0,4,out_of_propellant,none,4,0.0,-81.42220069327787,5.5042070055631305,0.01380639854905813,5224.451242308076,58500.0,0.08333333333333333,0.06803987275175276,0.0,0.0,188706664732.68774,0.0,1.0,1.0,0.0,0.0,0.0,,0,751532618.4289672,4,,0,0.0,4,out_of_propellant,none,,,,,,,,,,,,,,,,,,,,,,
3b7a8610c079,my_pilot_nuclear,max_thrust,ntp_pewee,mars_crew_fast,reference,5,max_thrust@ntp_pewee,nuclear,50000,4,ok,False,3,best,return,0,14,0,2.2099993657320738e-07,0.023587896997923963,0.025666320998425363,0.0,0.0003112909944320563,0.07782274860801408,0.0,0,3,4,700050000,900050000,0,False,True,False,4,0.0,-79.01297631633172,2.8529179835769525,0.013854131562528432,5224.4541313508325,58500.0,0.08333333333333333,0.06803987275175276,0.0,0.0,157540372693.44742,0.0,1.0,1.0,0.0,0.0,0.0,,0,751532618.4289672,4,,0,0.0,4,out_of_propellant,none,4,0.0,-79.01297631633172,2.8529179835769525,0.013854131562528432,5224.4541313508325,58500.0,0.08333333333333333,0.06803987275175276,0.0,0.0,157540372693.44742,0.0,1.0,1.0,0.0,0.0,0.0,,0,751532618.4289672,4,,0,0.0,4,out_of_propellant,none,4,0.0,-79.01297631633172,2.8529179835769525,0.013854131562528432,5224.4541313508325,58500.0,0.08333333333333333,0.06803987275175276,0.0,0.0,157540372693.44742,0.0,1.0,1.0,0.0,0.0,0.0,,0,751532618.4289672,4,,0,0.0,4,out_of_propellant,none,,,,,,,,,,,,,,,,,,,,,,
11e02f79100b,my_pilot_nuclear,max_thrust,ntp_pewee,mars_crew_fast,reference,6,max_thrust@ntp_pewee,nuclear,50000,4,ok,False,3,best,return,0,14,0,2.1799860405735672e-07,0.02402573799918173,0.026231574000121327,0.0,0.0004224959993734956,0.1056239998433739,0.0,0,3,4,700060000,900060000,0,False,True,False,4,0.0,-78.18424481633566,5.544635223211487,0.02772671375725516,5224.456697435569,58500.0,0.08333333333333333,0.06803987275175276,0.0,0.0,151565489382.19342,0.0,1.0,1.0,0.0,0.0,0.0,,0,751532618.4289672,4,,0,0.0,4,out_of_propellant,none,4,0.0,-78.18424481633566,5.544635223211487,0.02772671375725516,5224.456697435569,58500.0,0.08333333333333333,0.06803987275175276,0.0,0.0,151565489382.19342,0.0,1.0,1.0,0.0,0.0,0.0,,0,751532618.4289672,4,,0,0.0,4,out_of_propellant,none,4,0.0,-78.18424481633566,5.544635223211487,0.02772671375725516,5224.456697435569,58500.0,0.08333333333333333,0.06803987275175276,0.0,0.0,151565489382.19342,0.0,1.0,1.0,0.0,0.0,0.0,,0,751532618.4289672,4,,0,0.0,4,out_of_propellant,none,,,,,,,,,,,,,,,,,,,,,,
77a139593aa8,my_pilot_nuclear,max_thrust,ntp_pewee,mars_crew_fast,reference,7,max_thrust@ntp_pewee,nuclear,50000,4,ok,False,3,best,return,0,14,0,2.0699735614471138e-07,0.023178399002063088,0.025258344001485966,0.0,0.00031652899997425266,0.07913224999356316,0.0,0,3,4,700070000,900070000,0,False,True,False,4,0.0,-82.17252917178996,1.6883516090391608,0.0,5224.454928764771,58500.0,0.08333333333333333,0.06803987275175276,0.0,0.0,202619189184.4917,0.0,1.0,1.0,0.0,0.0,0.0,,0,751532618.4289672,4,,0,0.0,4,out_of_propellant,none,4,0.0,-82.17252917178996,1.6883516090391608,0.0,5224.454928764771,58500.0,0.08333333333333333,0.06803987275175276,0.0,0.0,202619189184.4917,0.0,1.0,1.0,0.0,0.0,0.0,,0,751532618.4289672,4,,0,0.0,4,out_of_propellant,none,4,0.0,-82.17252917178996,1.6883516090391608,0.0,5224.454928764771,58500.0,0.08333333333333333,0.06803987275175276,0.0,0.0,202619189184.4917,0.0,1.0,1.0,0.0,0.0,0.0,,0,751532618.4289672,4,,0,0.0,4,out_of_propellant,none,,,,,,,,,,,,,,,,,,,,,,
4c71cd4ac61a,my_pilot_nuclear,prograde,ntp_pewee,mars_crew_fast,reference,1,prograde@ntp_pewee,nuclear,50000,4,ok,False,3,best,return,0,14,0,2.2799940779805183e-07,0.023247680001077242,0.025743197998963296,0.0,0.00028893299531773664,0.07223324882943416,0.0,0,3,4,700010000,900010000,0,False,True,False,4,0.0,-83.36112434424348,3.3425851868952363,0.0,5265.925024685562,58500.0,0.08333333333333333,0.06803987275175276,0.0,0.0,180931276915.57462,0.0,1.0,1.0,0.0,0.5,0.0,,0,751532618.4289672,4,,0,0.0,4,out_of_propellant,none,4,0.0,-83.36112434424348,3.3425851868952363,0.0,5265.925024685562,58500.0,0.08333333333333333,0.06803987275175276,0.0,0.0,180931276915.57462,0.0,1.0,1.0,0.0,0.5,0.0,,0,751532618.4289672,4,,0,0.0,4,out_of_propellant,none,4,0.0,-83.36112434424348,3.3425851868952363,0.0,5265.925024685562,58500.0,0.08333333333333333,0.06803987275175276,0.0,0.0,180931276915.57462,0.0,1.0,1.0,0.0,0.5,0.0,,0,751532618.4289672,4,,0,0.0,4,out_of_propellant,none,,,,,,,,,,,,,,,,,,,,,,
e951aa7ac4cf,my_pilot_nuclear,prograde,ntp_pewee,mars_crew_fast,reference,2,prograde@ntp_pewee,nuclear,50000,4,ok,False,3,best,return,0,14,0,2.259985194541514e-07,0.023159646996646188,0.02553076699769008,0.0,0.0002822239985107444,0.0705559996276861,0.0,0,3,4,700020000,900020000,0,False,True,False,4,0.0,-82.28890538851729,4.352088532449524,0.007313974825046088,5265.914600435031,58500.0,0.08333333333333333,0.06803987275175276,0.0,0.0,181446438902.20825,0.0,1.0,1.0,0.0,0.5,0.0,,0,751532618.4289672,4,,0,0.0,4,out_of_propellant,none,4,0.0,-82.28890538851729,4.352088532449524,0.007313974825046088,5265.914600435031,58500.0,0.08333333333333333,0.06803987275175276,0.0,0.0,181446438902.20825,0.0,1.0,1.0,0.0,0.5,0.0,,0,751532618.4289672,4,,0,0.0,4,out_of_propellant,none,4,0.0,-82.28890538851729,4.352088532449524,0.007313974825046088,5265.914600435031,58500.0,0.08333333333333333,0.06803987275175276,0.0,0.0,181446438902.20825,0.0,1.0,1.0,0.0,0.5,0.0,,0,751532618.4289672,4,,0,0.0,4,out_of_propellant,none,,,,,,,,,,,,,,,,,,,,,,
5e2b9220c037,my_pilot_nuclear,prograde,ntp_pewee,mars_crew_fast,reference,3,prograde@ntp_pewee,nuclear,50000,4,ok,False,3,best,return,0,14,0,2.3800021153874695e-07,0.02323028800310567,0.02544288399803918,0.0,0.00029322800037334673,0.07330700009333668,0.0,0,3,4,700030000,900030000,0,False,True,False,4,0.0,-79.93823769217806,4.5928062421319655,0.014871345354352222,5265.8277809807605,58500.0,0.08333333333333333,0.06803987275175276,0.0,0.0,153584147815.3258,0.0,1.0,1.0,0.0,0.5,0.0,,0,751532618.4289672,4,,0,0.0,4,out_of_propellant,none,4,0.0,-79.93823769217806,4.5928062421319655,0.014871345354352222,5265.8277809807605,58500.0,0.08333333333333333,0.06803987275175276,0.0,0.0,153584147815.3258,0.0,1.0,1.0,0.0,0.5,0.0,,0,751532618.4289672,4,,0,0.0,4,out_of_propellant,none,4,0.0,-79.93823769217806,4.5928062421319655,0.014871345354352222,5265.8277809807605,58500.0,0.08333333333333333,0.06803987275175276,0.0,0.0,153584147815.3258,0.0,1.0,1.0,0.0,0.5,0.0,,0,751532618.4289672,4,,0,0.0,4,out_of_propellant,none,,,,,,,,,,,,,,,,,,,,,,
e675e6364a5d,my_pilot_nuclear,prograde,ntp_pewee,mars_crew_fast,reference,4,prograde@ntp_pewee,nuclear,50000,4,ok,False,3,best,return,0,14,0,2.0500010577961802e-07,0.02336825000020326,0.02555967599982978,0.0,0.0003015320071426686,0.07538300178566715,0.0,0,3,4,700040000,900040000,0,False,True,False,4,0.0,-82.74897253326537,5.406826663148207,0.009999188138757692,5265.801795527765,58500.0,0.08333333333333333,0.06803987275175276,0.0,0.0,188706516920.58527,0.0,1.0,1.0,0.0,0.5,0.0,,0,751532618.4289672,4,,0,0.0,4,out_of_propellant,none,4,0.0,-82.74897253326537,5.406826663148207,0.009999188138757692,5265.801795527765,58500.0,0.08333333333333333,0.06803987275175276,0.0,0.0,188706516920.58527,0.0,1.0,1.0,0.0,0.5,0.0,,0,751532618.4289672,4,,0,0.0,4,out_of_propellant,none,4,0.0,-82.74897253326537,5.406826663148207,0.009999188138757692,5265.801795527765,58500.0,0.08333333333333333,0.06803987275175276,0.0,0.0,188706516920.58527,0.0,1.0,1.0,0.0,0.5,0.0,,0,751532618.4289672,4,,0,0.0,4,out_of_propellant,none,,,,,,,,,,,,,,,,,,,,,,
d3aa0cd069dd,my_pilot_nuclear,prograde,ntp_pewee,mars_crew_fast,reference,5,prograde@ntp_pewee,nuclear,50000,4,ok,False,3,best,return,0,14,0,2.1399682736955583e-07,0.023353884000243852,0.02549291700051981,0.0,0.00034678499650908634,0.08669624912727159,0.0,0,3,4,700050000,900050000,0,False,True,False,4,0.0,-80.37821965074153,2.8239505944346592,0.006759744736561768,5265.84888642176,58500.0,0.08333333333333333,0.06803987275175276,0.0,0.0,157540198210.99597,0.0,1.0,1.0,0.0,0.5,0.0,,0,751532618.4289672,4,,0,0.0,4,out_of_propellant,none,4,0.0,-80.37821965074153,2.8239505944346592,0.006759744736561768,5265.84888642176,58500.0,0.08333333333333333,0.06803987275175276,0.0,0.0,157540198210.99597,0.0,1.0,1.0,0.0,0.5,0.0,,0,751532618.4289672,4,,0,0.0,4,out_of_propellant,none,4,0.0,-80.37821965074153,2.8239505944346592,0.006759744736561768,5265.84888642176,58500.0,0.08333333333333333,0.06803987275175276,0.0,0.0,157540198210.99597,0.0,1.0,1.0,0.0,0.5,0.0,,0,751532618.4289672,4,,0,0.0,4,out_of_propellant,none,,,,,,,,,,,,,,,,,,,,,,
b855ef6138ca,my_pilot_nuclear,prograde,ntp_pewee,mars_crew_fast,reference,6,prograde@ntp_pewee,nuclear,50000,4,ok,False,3,best,return,0,14,0,2.2900348994880915e-07,0.023929864997626282,0.026209122999716783,0.0,0.0002999579955940135,0.07498949889850337,0.0,0,3,4,700060000,900060000,0,False,True,False,4,0.0,-79.55975186950921,5.468531402977905,0.01688985386046199,5265.889929633077,58500.0,0.08333333333333333,0.06803987275175276,0.0,0.0,151565333042.51523,0.0,1.0,1.0,0.0,0.5,0.0,,0,751532618.4289672,4,,0,0.0,4,out_of_propellant,none,4,0.0,-79.55975186950921,5.468531402977905,0.01688985386046199,5265.889929633077,58500.0,0.08333333333333333,0.06803987275175276,0.0,0.0,151565333042.51523,0.0,1.0,1.0,0.0,0.5,0.0,,0,751532618.4289672,4,,0,0.0,4,out_of_propellant,none,4,0.0,-79.55975186950921,5.468531402977905,0.01688985386046199,5265.889929633077,58500.0,0.08333333333333333,0.06803987275175276,0.0,0.0,151565333042.51523,0.0,1.0,1.0,0.0,0.5,0.0,,0,751532618.4289672,4,,0,0.0,4,out_of_propellant,none,,,,,,,,,,,,,,,,,,,,,,
d600a7311ff5,my_pilot_nuclear,prograde,ntp_pewee,mars_crew_fast,reference,7,prograde@ntp_pewee,nuclear,50000,4,ok,False,3,best,return,0,14,0,2.8399881557561457e-07,0.023010462999081938,0.025613789999624714,0.0,0.00032037699565989897,0.08009424891497474,0.0,0,3,4,700070000,900070000,0,False,True,False,4,0.0,-83.47499160486635,1.6793004324287975,0.0,5265.86094742686,58500.0,0.08333333333333333,0.06803987275175276,0.0,0.0,202619015675.83722,0.0,1.0,1.0,0.0,0.5,0.0,,0,751532618.4289672,4,,0,0.0,4,out_of_propellant,none,4,0.0,-83.47499160486635,1.6793004324287975,0.0,5265.86094742686,58500.0,0.08333333333333333,0.06803987275175276,0.0,0.0,202619015675.83722,0.0,1.0,1.0,0.0,0.5,0.0,,0,751532618.4289672,4,,0,0.0,4,out_of_propellant,none,4,0.0,-83.47499160486635,1.6793004324287975,0.0,5265.86094742686,58500.0,0.08333333333333333,0.06803987275175276,0.0,0.0,202619015675.83722,0.0,1.0,1.0,0.0,0.5,0.0,,0,751532618.4289672,4,,0,0.0,4,out_of_propellant,none,,,,,,,,,,,,,,,,,,,,,,
8817d4a2b3ff,my_pilot_nuclear,ppo,ntp_pewee,mars_crew_fast,reference,1,ppo@ntp_pewee,nuclear,50000,4,ok,True,3,best,return,50000,180,50000,115.88410606099933,0.3195859030056454,115.99913955199736,0.08551294085555128,12.04701138757082,0.24092095407509037,0.0,152075,3,4,700010000,900010000,10001,True,True,False,4,0.0,-66.58011789431664,4.4886379981491675,0.1304180348060018,4889.2672244279,58500.0,0.09374999999999999,0.0425032989649229,0.0,0.0,180924944902.9887,0.0,0.5328610713283221,0.0,0.0,0.5323322899639606,0.0,,0,751536443.9806571,4,,0,0.0,4,out_of_propellant,none,4,0.0,-69.30206137804913,3.6693010106116857,0.10644876360705646,4988.231935942012,58500.0,0.34375,0.05972222222222222,0.0,0.0,180539638963.51373,0.0,0.1327819573027747,0.025,0.44910714285714287,0.4053201241418719,0.0,,0,751628268.4691586,4,,0,0.0,4,out_of_propellant,none,4,0.0,-66.58011789431664,4.4886379981491675,0.1304180348060018,4889.2672244279,58500.0,0.09374999999999999,0.0425032989649229,0.0,0.0,180924944902.9887,0.0,0.5328610713283221,0.0,0.0,0.5323322899639606,0.0,,0,751536443.9806571,4,,0,0.0,4,out_of_propellant,none,,-0.021562797224032693,0.004969530037487857,5.6524659678339955,0.02373535376100335,0.303564453125,0.7791542410850525,10.0,0.0,0.0,24.0,49152.0,-0.3016441762447357,,,,,,,,,
26f686349468,my_pilot_nuclear,ppo,ntp_pewee,mars_crew_fast,reference,2,ppo@ntp_pewee,nuclear,50000,4,ok,True,3,best,return,50000,358,50000,109.56247674100086,0.573028784001508,109.76148562099843,0.07661886323694489,11.600353378791624,0.23198850849515287,0.0,152075,3,4,700020000,900020000,20001,True,True,False,4,0.0,-64.76883934843468,5.047824290930031,0.14685219874977884,4960.189465506514,58500.0,0.125,0.04090429597507483,0.0,0.0,181394015653.57047,0.0,0.374366062382857,0.0,0.0,0.6255772064129511,0.0,,0,751547920.6357265,4,,0,0.0,4,out_of_propellant,none,4,0.0,-71.29433775793248,9.253357796277474,0.09732676270263763,5000.2260999890495,58500.0,0.6875,0.09722222222222222,0.0,0.0,180633856558.92743,0.0,0.06705729803618263,0.0,0.47745098039215683,0.7042275025564081,0.0,,0,751754565.4448969,4,,0,0.0,4,out_of_propellant,none,4,0.0,-64.76883934843468,5.047824290930031,0.14685219874977884,4960.189465506514,58500.0,0.125,0.04090429597507483,0.0,0.0,181394015653.57047,0.0,0.374366062382857,0.0,0.0,0.6255772064129511,0.0,,0,751547920.6357265,4,,0,0.0,4,out_of_propellant,none,,-0.024635795725043864,0.005468726296021487,5.779019279778003,0.02374747541907709,0.31044921875,0.7428385019302368,10.0,0.0,0.0,24.0,49152.0,-0.27209243178367615,,,,,,,,,
3e3864244987,my_pilot_nuclear,ppo,ntp_pewee,mars_crew_fast,reference,3,ppo@ntp_pewee,nuclear,50000,4,ok,True,3,best,return,50000,18758,50000,112.2506744989987,8.20708079400356,115.72455906499818,0.0760082931155921,12.200712021935033,0.24399472086103177,0.0,152075,3,4,700030000,900030000,10001,True,True,False,4,0.0,-62.5808194308574,5.543140292186048,0.16691404408699567,4859.563552397163,58500.0,0.125,0.04234501972307117,0.0,0.0,153538146160.66904,0.0,0.3980795318881671,0.0,0.0,0.486417589088281,0.0,,0,751547920.6357265,4,,0,0.0,4,out_of_propellant,none,4,0.0,-88.62768718598389,5.33106483207153,0.21823378111709374,4961.876407254506,58500.0,47.197916666666664,0.03930294497076704,0.0,0.0,105821570188.0792,0.0,0.0010910070169354883,0.0,0.9865923485050979,0.6971931048225036,0.0,,0,769269481.7268254,4,,0,0.0,4,out_of_propellant,none,4,0.0,-62.5808194308574,5.543140292186048,0.16691404408699567,4859.563552397163,58500.0,0.125,0.04234501972307117,0.0,0.0,153538146160.66904,0.0,0.3980795318881671,0.0,0.0,0.486417589088281,0.0,,0,751547920.6357265,4,,0,0.0,4,out_of_propellant,none,,-0.028729243054112886,0.005186178036456113,5.64237284809351,0.02431733131816145,0.3251953125,0.7537344098091125,10.0,0.0,0.0,24.0,49152.0,-0.29813727736473083,,,,,,,,,
05c2be897b3f,my_pilot_nuclear,sac,ntp_nerva,mars_crew_fast,reference,6,sac@ntp_nerva,nuclear,50000,4,ok,True,3,best,return,50000,45751,50000,450.9162241000013,16.040420804994937,453.1891021420015,389.50760935095605,6.010880143901886,0.12020798623913859,0.0,231437,3,4,700060000,900060000,0,True,True,False,4,0.0,-64.61772989588273,4.640996206952611,0.12822180152154258,4162.614246255382,53000.0,0.041666666666666664,0.025,0.0,0.0,151624141002.308,0.0,0.5019280016422272,0.0,0.0,0.5004975497722626,0.0,,0,1355980939.9252167,4,,0,0.0,4,out_of_propellant,none,4,0.0,-96.56900007282135,34.26849867148675,0.0016407374049287604,4136.504656489635,53000.0,8.78125,0.055,0.0,0.0,149064531543.33347,0.0,0.3436804300035481,0.0,0.24433523409363744,0.48330308793231147,0.0,,0,1359992933.6914184,4,,0,0.0,4,out_of_propellant,none,4,0.0,-64.61772989588273,4.640996206952611,0.12822180152154258,4162.614246255382,53000.0,0.041666666666666664,0.025,0.0,0.0,151624141002.308,0.0,0.5019280016422272,0.0,0.0,0.5004975497722626,0.0,,0,1355980939.9252167,4,,0,0.0,4,out_of_propellant,none,,,,-5.241394996643066,,,,,,,49001.0,50000.0,,4883.67431640625,-343.83984375,-0.4648635685443878,207.03631591796875,206.16348266601562,212.48670959472656,1.9261119365692139,50000.0,0.0
925202bfd79b,my_pilot_nuclear,sac,ntp_nerva,mars_crew_fast,reference,5,sac@ntp_nerva,nuclear,50000,4,ok,True,3,best,return,50000,192,50000,464.1394845979994,0.30357706299764686,464.1795652799992,389.0492616578995,7.165772466443741,0.14330398501007402,0.0,231437,3,4,700050000,900050000,50000,False,True,False,4,0.0,-61.618349397058516,2.4128837512857877,0.1537150898421206,4539.552714145806,53000.0,0.08333333333333333,0.025,0.0,0.0,157555331092.62854,0.0,0.3953249230980873,0.0,0.5,0.6306774988770485,0.0,,0,1355999800.4869683,4,,0,0.0,4,out_of_propellant,none,4,0.0,-61.618349397058516,2.4128837512857877,0.1537150898421206,4539.552714145806,53000.0,0.08333333333333333,0.025,0.0,0.0,157555331092.62854,0.0,0.3953249230980873,0.0,0.5,0.6306774988770485,0.0,,0,1355999800.4869683,4,,0,0.0,4,out_of_propellant,none,4,0.0,-61.618349397058516,2.4128837512857877,0.1537150898421206,4539.552714145806,53000.0,0.08333333333333333,0.025,0.0,0.0,157555331092.62854,0.0,0.3953249230980873,0.0,0.5,0.6306774988770485,0.0,,0,1355999800.4869683,4,,0,0.0,4,out_of_propellant,none,,,,-4.9393110275268555,,,,,,,49001.0,50000.0,,0.002104947343468666,2.034348964691162,0.0002643260813783854,-2.0506300926208496,-2.049931049346924,-2.050433397293091,0.00435575470328331,50000.0,0.0
a75b60c9664f,my_pilot_nuclear,sac,ntp_nerva,mars_crew_fast,reference,7,sac@ntp_nerva,nuclear,50000,4,ok,True,3,best,return,50000,6450,50000,446.3004579640001,2.6104907920162077,446.52543764200163,389.7212039699334,6.142531683031848,0.12284080639612527,0.0,231437,3,4,700070000,900070000,0,True,True,False,4,0.0,-68.48377345961939,1.9310845030081487,0.09374595437740735,4162.719292528554,53000.0,0.041666666666666664,0.025,0.0,0.0,202684391109.7884,0.0,0.5019430369138718,0.0,0.0,0.500628188252449,0.0,,0,1355980939.9252167,4,,0,0.0,4,out_of_propellant,none,4,0.0,-70.15195247109153,3.2500861586204497,0.09767040601403454,4318.346854880502,53000.0,1.90625,0.125,0.0,0.0,200462233223.53186,0.0,0.012155980266647567,0.0,0.8470219073248675,0.3896457659637178,0.0,,0,1356825574.1501167,4,,0,0.0,4,out_of_propellant,none,4,0.0,-68.48377345961939,1.9310845030081487,0.09374595437740735,4162.719292528554,53000.0,0.041666666666666664,0.025,0.0,0.0,202684391109.7884,0.0,0.5019430369138718,0.0,0.0,0.500628188252449,0.0,,0,1355980939.9252167,4,,0,0.0,4,out_of_propellant,none,,,,-4.695188522338867,,,,,,,49002.0,50000.0,,0.0022917003370821476,2.38639497756958,0.0008202307508327067,-2.4170539379119873,-2.424671173095703,-2.43725848197937,0.0026905895210802555,50000.0,0.0
5f7914af55fb,my_pilot_nuclear,ppo,ntp_pewee,mars_crew_fast,reference,4,ppo@ntp_pewee,nuclear,50000,4,ok,True,3,best,return,50000,188,50000,117.48447492800187,0.3858292109980539,117.61738353200053,0.08280092514542048,11.931798943238391,0.23861688951360674,0.0,152075,3,4,700040000,900040000,10000,True,True,False,4,0.0,-65.24451179739111,6.787973318835903,0.14303652220271224,4872.067858496246,58500.0,0.10416666666666666,0.04384529900148487,0.0,0.0,188691841098.80902,0.0,0.482912595073382,0.0,0.0,0.5173698837558429,0.0,,0,751540269.532347,4,,0,0.0,4,out_of_propellant,none,4,0.0,-69.80168958802972,1.8748692958356437,0.10381691737102963,4986.048441693811,58500.0,0.3958333333333333,0.08372367323523656,0.0,0.0,188291570495.6413,0.0,0.30472367182374,0.125,0.2181818181818182,0.6074478280589436,0.0,,0,751647408.470268,4,,0,0.0,4,out_of_propellant,none,4,0.0,-65.24451179739111,6.787973318835903,0.14303652220271224,4872.067858496246,58500.0,0.10416666666666666,0.04384529900148487,0.0,0.0,188691841098.80902,0.0,0.482912595073382,0.0,0.0,0.5173698837558429,0.0,,0,751540269.532347,4,,0,0.0,4,out_of_propellant,none,,-0.028055489571124782,0.005856932882306864,5.500058825314045,0.02700874793808907,0.322021484375,0.7561293840408325,10.0,0.0,0.0,24.0,49152.0,-0.329014390707016,,,,,,,,,
79109c1e9295,my_pilot_nuclear,ppo,ntp_pewee,mars_crew_fast,reference,5,ppo@ntp_pewee,nuclear,50000,4,ok,True,3,best,return,50000,2763,50000,109.89441486500073,1.462991973010503,110.61176443300064,0.07607953591286787,11.717657578403305,0.23433440481568085,0.0,152075,3,4,700050000,900050000,10000,True,True,False,4,0.0,-63.90841581638115,2.155393667907497,0.15639210151452232,4868.913288048003,58500.0,0.125,0.05637017668013222,0.0,0.0,157487263055.1686,0.0,0.5140683948993683,0.0,0.0,0.4919282421469689,0.0,,0,751547920.6357265,4,,0,0.0,4,out_of_propellant,none,4,0.0,-68.25264356349017,2.310619148974319,0.17018051383813707,4827.950457542336,58500.0,8.96875,0.05592761740501179,0.0,0.0,144734032970.40683,0.0,0.005289879673811237,0.0,0.9643779749146784,0.7436497746609174,0.0,,0,754811865.2174222,4,,0,0.0,4,out_of_propellant,none,4,0.0,-63.90841581638115,2.155393667907497,0.15639210151452232,4868.913288048003,58500.0,0.125,0.05637017668013222,0.0,0.0,157487263055.1686,0.0,0.5140683948993683,0.0,0.0,0.4919282421469689,0.0,,0,751547920.6357265,4,,0,0.0,4,out_of_propellant,none,,-0.02632039620366413,0.006372946530609625,5.527746647596359,0.022844491951400415,0.29609375,0.7255966663360596,10.0,0.0,0.0,24.0,49152.0,-0.323489248752594,,,,,,,,,
db48f445d8a4,my_pilot_nuclear,ppo,ntp_pewee,mars_crew_fast,reference,7,ppo@ntp_pewee,nuclear,50000,4,ok,True,3,best,return,50000,12817,50000,110.85895556600008,5.668759811007476,114.10578808699938,0.07656383806170197,12.414391875976435,0.2482679760814422,0.0,152075,3,4,700070000,900070000,5001,True,True,False,4,0.0,-66.3531671861266,2.016833425460947,0.13451103278529672,4858.014426035471,58500.0,0.125,0.05526480913907274,0.0,0.0,202564475830.95816,0.0,0.5215896988908449,0.0,0.0,0.5051427558064461,0.0,,0,751547920.6357265,4,,0,0.0,4,out_of_propellant,none,4,0.0,-96.41593015699726,10.388752787243119,0.17211479339800914,4758.799647582224,58500.0,49.78125,0.1,0.0,0.0,136250522339.86433,0.0,0.00307174463829869,0.0,0.871821191877753,0.7341370176088373,0.0,,0,770284829.8284842,4,,0,0.0,4,out_of_propellant,none,4,0.0,-66.3531671861266,2.016833425460947,0.13451103278529672,4858.014426035471,58500.0,0.125,0.05526480913907274,0.0,0.0,202564475830.95816,0.0,0.5215896988908449,0.0,0.0,0.5051427558064461,0.0,,0,751547920.6357265,4,,0,0.0,4,out_of_propellant,none,,-0.02909793907747371,0.005653976809117012,5.451922616362571,0.02503726647410076,0.32158203125,0.7247948050498962,10.0,0.0,0.0,24.0,49152.0,-0.3373737037181854,,,,,,,,,
74b2fbee1df8,my_pilot_nuclear,ppo,ntp_pewee,mars_crew_fast,reference,6,ppo@ntp_pewee,nuclear,50000,4,ok,True,3,best,return,50000,37018,50000,123.29166412199993,15.924165263004397,128.60966665600063,0.08238413022627356,12.768650703386811,0.25535258586086734,0.0,152075,3,4,700060000,900060000,5000,True,True,False,4,0.0,-61.737804926784065,5.492668380132835,0.17488272923287185,4817.958815096103,58500.0,0.11458333333333333,0.046656108784766955,0.0,0.0,151525043179.8662,0.0,0.471764724701643,0.0,0.0,0.43388014535109204,0.0,,0,751544095.0840367,4,,0,0.0,4,out_of_propellant,none,4,0.0,-115.85740857245622,25.518147198878946,0.20555694623365844,4150.2242355676735,58499.99999999999,80.07291666666666,0.32083333333333336,0.0,0.0,80516199137.66031,0.0,0.001930595697261904,0.0,0.9211079062423422,0.863301934086802,0.0,,0,782352729.9432371,4,,0,0.0,4,out_of_propellant,none,4,0.0,-61.737804926784065,5.492668380132835,0.17488272923287185,4817.958815096103,58500.0,0.11458333333333333,0.046656108784766955,0.0,0.0,151525043179.8662,0.0,0.471764724701643,0.0,0.0,0.43388014535109204,0.0,,0,751544095.0840367,4,,0,0.0,4,out_of_propellant,none,,-0.02563911854813341,0.008776237655547447,5.428483988344669,0.02536669770197477,0.314453125,0.7299305200576782,10.0,0.0,0.0,24.0,49152.0,-0.34597110748291016,,,,,,,,,
361a9c9574ca,my_pilot_nuclear,sac,ntp_pewee,mars_crew_fast,reference,1,sac@ntp_pewee,nuclear,50000,4,ok,True,3,best,return,50000,129079,50000,448.736201443,43.071524963008414,461.12086656500105,383.08104141104195,7.270507532910415,0.14539851877670615,0.0,231437,3,4,700010000,900010000,0,True,True,False,4,0.0,-69.84093243741299,3.9158274707586562,0.10108663157689105,4859.615050595237,58500.0,0.125,0.05440600772034092,0.0,0.0,180874328222.10706,0.0,0.5012076795101165,0.0,0.0,0.49967261652151745,0.0,,0,751547920.6357265,4,,0,0.0,4,out_of_propellant,none,4,0.0,-268.2884786231891,3.310944833132687,0.0001936099214465692,170.7745969229046,3151.231966990957,220.0,0.025,0.0,0.0,168489845651.04938,0.0,0.0039590040560473095,0.0,0.9753787878787878,0.5170585499568419,0.0,,0,665373778.7276758,4,,0,0.0,4,timeout,none,4,0.0,-69.84093243741299,3.9158274707586562,0.10108663157689105,4859.615050595237,58500.0,0.125,0.05440600772034092,0.0,0.0,180874328222.10706,0.0,0.5012076795101165,0.0,0.0,0.49967261652151745,0.0,,0,751547920.6357265,4,,0,0.0,4,out_of_propellant,none,,,,-4.875323295593262,,,,,,,49002.0,50000.0,,0.001959929009899497,1.9671826362609863,0.00041237962432205677,-1.9939630031585693,-1.9927228689193726,-1.993412971496582,0.003307957435026765,50000.0,0.0
2abada1551ec,my_pilot_nuclear,sac,ntp_pewee,mars_crew_fast,reference,2,sac@ntp_pewee,nuclear,50000,4,ok,True,3,best,return,50000,185773,50000,465.29662638300215,61.67909156400492,477.6020415740022,382.04501699699904,7.068029681184271,0.14134928568083094,0.0,231437,3,4,700020000,900020000,0,True,True,False,4,0.0,-68.70286755781653,5.08973509282774,0.11124962774266534,4859.625744385159,58500.0,0.125,0.05440498795732377,0.0,0.0,181392058970.34027,0.0,0.501198356350263,0.0,0.0,0.4996851111451785,0.0,,0,751547920.6357265,4,,0,0.0,4,out_of_propellant,none,4,0.0,-266.65349622032574,0.015238655850038049,8.828215393724692e-05,0.0,0.0,220.0,0.0,0.0,0.0,171614507162.85696,0.0,0.0028938949122234727,0.0,1.0,0.4738953476560048,0.0,,0,655278295.7047616,4,,0,0.0,4,timeout,none,4,0.0,-68.70286755781653,5.08973509282774,0.11124962774266534,4859.625744385159,58500.0,0.125,0.05440498795732377,0.0,0.0,181392058970.34027,0.0,0.501198356350263,0.0,0.0,0.4996851111451785,0.0,,0,751547920.6357265,4,,0,0.0,4,out_of_propellant,none,,,,-5.1341328620910645,,,,,,,49003.0,50000.0,,0.0027582431212067604,2.4131269454956055,-0.0005468191811814904,-2.4310834407806396,-2.435269355773926,-2.441927433013916,0.004076535813510418,50000.0,0.0
03fee1a0c085,my_pilot_nuclear,sac,ntp_pewee,mars_crew_fast,reference,3,sac@ntp_pewee,nuclear,50000,4,ok,True,3,best,return,50000,152686,50000,467.42480759799946,51.54077578299621,478.78185768299954,390.47862975110183,7.252660212026967,0.14504160091246635,0.0,231437,3,4,700030000,900030000,0,True,True,False,4,0.0,-65.97744415163184,5.420047784776071,0.1355004792409021,4859.606918161214,58500.0,0.125,0.05440361509258708,0.0,0.0,153535231071.2324,0.0,0.5011878261963526,0.0,0.0,0.49967000881830853,0.0,,0,751547920.6357265,4,,0,0.0,4,out_of_propellant,none,4,0.0,-266.69531690167327,0.05730047013236117,2.55351295663786e-15,0.0,0.0,220.0,0.0,0.0,0.0,200431679528.37247,0.0,0.004296534426623221,0.0,0.9834753787878788,0.3869098133986082,0.0,,0,655278295.7047616,4,,0,0.0,4,timeout,none,4,0.0,-65.97744415163184,5.420047784776071,0.1355004792409021,4859.606918161214,58500.0,0.125,0.05440361509258708,0.0,0.0,153535231071.2324,0.0,0.5011878261963526,0.0,0.0,0.49967000881830853,0.0,,0,751547920.6357265,4,,0,0.0,4,out_of_propellant,none,,,,-4.918920040130615,,,,,,,49002.0,50000.0,,0.026601724326610565,1.8235163688659668,0.0007731425575911999,-2.0608365535736084,-2.0603370666503906,-2.0472660064697266,0.009533652104437351,50000.0,0.0
39427f9fd2ee,my_pilot_nuclear,sac,ntp_pewee,mars_crew_fast,reference,4,sac@ntp_pewee,nuclear,50000,4,ok,True,3,best,return,50000,162257,50000,466.7951070980016,55.890548536994174,475.91583593299947,386.378521296956,6.854651970079431,0.13708207283576176,0.0,231437,3,4,700040000,900040000,0,True,True,False,4,0.0,-69.23160827704669,6.3366710170202545,0.10642504949187123,4859.660934465814,58500.0,0.125,0.054404332969104685,0.0,0.0,188658252996.09482,0.0,0.5011918743451436,0.0,0.0,0.4997214103738467,0.0,,0,751547920.6357265,4,,0,0.0,4,out_of_propellant,none,4,0.0,-202.30699967844308,62.29286564540379,0.0,3707.1349402061696,52748.6557603024,145.8125,0.26666666666666666,0.0,0.0,144453477833.1768,0.0,0.008837967427923475,0.0,0.6468345594460286,0.3428362929375385,0.0,,0,791515879.8574226,4,,0,0.0,4,out_of_propellant,none,4,0.0,-69.23160827704669,6.3366710170202545,0.10642504949187123,4859.660934465814,58500.0,0.125,0.054404332969104685,0.0,0.0,188658252996.09482,0.0,0.5011918743451436,0.0,0.0,0.4997214103738467,0.0,,0,751547920.6357265,4,,0,0.0,4,out_of_propellant,none,,,,-5.079691410064697,,,,,,,49003.0,50000.0,,0.005052287597209215,1.331871747970581,-0.000548645737580955,-1.3805427551269531,-1.3717483282089233,-1.369436502456665,0.006884605158120394,50000.0,0.0
5e7777aef49d,my_pilot_nuclear,sac,ntp_pewee,mars_crew_fast,reference,5,sac@ntp_pewee,nuclear,50000,4,ok,True,3,best,return,50000,175543,50000,465.2539336020018,58.26491559198621,477.5091456459995,385.5835417299859,7.125232502534345,0.14249325059063966,0.0,231437,3,4,700050000,900050000,0,True,True,False,4,0.0,-66.44857434908612,3.2169161633712973,0.1313336593499341,4859.577285966617,58500.0,0.125,0.05440581185374931,0.0,0.0,157483328349.5908,0.0,0.5012083450953165,0.0,0.0,0.49963564922412235,0.0,,0,751547920.6357265,4,,0,0.0,4,out_of_propellant,none,4,0.0,-268.2051454220341,3.08167487908099,1.2229989066636637e-05,107.3271846287504,2800.008895037015,220.0,0.04583333333333333,0.0,0.0,194877444523.69742,0.0,0.006166324626202836,0.0,0.7723958333333333,0.7584594059255765,0.0,,0,664248578.6163198,4,,0,0.0,4,timeout,none,4,0.0,-66.44857434908612,3.2169161633712973,0.1313336593499341,4859.577285966617,58500.0,0.125,0.05440581185374931,0.0,0.0,157483328349.5908,0.0,0.5012083450953165,0.0,0.0,0.49963564922412235,0.0,,0,751547920.6357265,4,,0,0.0,4,out_of_propellant,none,,,,-4.893835067749023,,,,,,,49002.0,50000.0,,0.0012310835300013423,2.0428812503814697,0.0003285406855866313,-2.0469045639038086,-2.046095848083496,-2.049670934677124,0.003094359301030636,50000.0,0.0
12d0f0c9d6e2,my_pilot_nuclear,sac,ntp_pewee,mars_crew_fast,reference,6,sac@ntp_pewee,nuclear,50000,4,ok,True,3,best,return,50000,171124,50000,459.39638387800005,56.334016266991966,471.42321946299853,381.24814141388924,6.962657248041069,0.13924200560037334,0.0,231437,3,4,700060000,900060000,0,True,True,False,4,0.0,-65.51838827138097,6.318273007285398,0.13954068824778668,4859.593587129599,58500.0,0.125,0.054404571785263055,0.0,0.0,151514444929.6253,0.0,0.501197303334872,0.0,0.0,0.4996551995476087,0.0,,0,751547920.6357265,4,,0,0.0,4,out_of_propellant,none,4,0.0,-269.17128038197455,5.009227430759087,4.0245584642661925e-15,248.99379383051547,5056.253697081515,220.0,0.05,0.0,0.0,201021116277.24985,0.0,0.002395605335407185,0.0,0.9705018939393939,0.514888595284499,0.0,,0,671476825.0079458,4,,0,0.0,4,timeout,none,4,0.0,-65.51838827138097,6.318273007285398,0.13954068824778668,4859.593587129599,58500.0,0.125,0.054404571785263055,0.0,0.0,151514444929.6253,0.0,0.501197303334872,0.0,0.0,0.4996551995476087,0.0,,0,751547920.6357265,4,,0,0.0,4,out_of_propellant,none,,,,-5.230198860168457,,,,,,,49001.0,50000.0,,0.0017523493152111769,1.822899580001831,-0.0010087905684486032,-1.864700436592102,-1.8682661056518555,-1.8687653541564941,0.0043829502537846565,50000.0,0.0
f67f57766176,my_pilot_nuclear,sac,ntp_pewee,mars_crew_fast,reference,7,sac@ntp_pewee,nuclear,50000,4,ok,True,3,best,return,50000,184583,50000,461.6937371040003,61.28445645000102,474.04195241600246,380.1403818248873,6.974584163795953,0.13948052483393233,0.0,231437,3,4,700070000,900070000,0,True,True,False,4,0.0,-70.20178615019468,1.8552297501392894,0.0979991964955518,4859.649628579571,58500.0,0.125,0.05440550789721589,0.0,0.0,202562533116.3183,0.0,0.5012014259894688,0.0,0.0,0.4997068494558335,0.0,,0,751547920.6357265,4,,0,0.0,4,out_of_propellant,none,4,0.0,-276.5661291961451,1.717007399011278,0.002305693165268685,1112.1584320104375,19553.38588356376,220.0,0.1111111111111111,0.0,0.0,146021477611.33765,0.0,0.004715047432391933,0.0,0.8287878787878789,0.4953208431700301,0.0,,0,717920740.7217504,4,,0,0.0,4,timeout,none,4,0.0,-70.20178615019468,1.8552297501392894,0.0979991964955518,4859.649628579571,58500.0,0.125,0.05440550789721589,0.0,0.0,202562533116.3183,0.0,0.5012014259894688,0.0,0.0,0.4997068494558335,0.0,,0,751547920.6357265,4,,0,0.0,4,out_of_propellant,none,,,,-4.9440999031066895,,,,,,,49001.0,50000.0,,0.0018039648421108723,1.4904913902282715,0.00021866268070880324,-1.5467376708984375,-1.5660138130187988,-1.5436190366744995,0.003911912906914949,50000.0,0.0
