run_id,sweep,agent,propulsion,mission,cost_model,seed,pairing,family,train_steps_requested,eval_episodes,status,learns,protocol_version,report_policy,selection_metric,train_env_steps,eval_env_steps,n_updates,wall_train_s,wall_eval_s,wall_total_s,wall_update_s,act_seconds,act_ms_per_step,planning_sim_steps,num_parameters,n_val_seeds,n_test_seeds,val_seed_lo,test_seed_lo,best_at_step,best_reloaded,norm_frozen,uses_constraints,n_episodes,success_rate,return,return_std,progress,delta_v_m_s,propellant_kg,trip_time_days,wear_fraction,constraint_violations,constraint_cost,terminal_error,payload_delivered_kg,throttle_mean,throttle_saturated_frac,throttle_off_frac,operating_point_mean,throttled_frac,cost_per_kg_delivered,cost_per_kg_delivered_n_finite,cost_total,cost_total_n_finite,cost_per_delta_v,cost_per_delta_v_n_finite,figure_of_merit,figure_of_merit_n_finite,termination_reason_mode,throttled_by_mode,final_n_episodes,final_success_rate,final_return,final_return_std,final_progress,final_delta_v_m_s,final_propellant_kg,final_trip_time_days,final_wear_fraction,final_constraint_violations,final_constraint_cost,final_terminal_error,final_payload_delivered_kg,final_throttle_mean,final_throttle_saturated_frac,final_throttle_off_frac,final_operating_point_mean,final_throttled_frac,final_cost_per_kg_delivered,final_cost_per_kg_delivered_n_finite,final_cost_total,final_cost_total_n_finite,final_cost_per_delta_v,final_cost_per_delta_v_n_finite,final_figure_of_merit,final_figure_of_merit_n_finite,final_termination_reason_mode,final_throttled_by_mode,best_n_episodes,best_success_rate,best_return,best_return_std,best_progress,best_delta_v_m_s,best_propellant_kg,best_trip_time_days,best_wear_fraction,best_constraint_violations,best_constraint_cost,best_terminal_error,best_payload_delivered_kg,best_throttle_mean,best_throttle_saturated_frac,best_throttle_off_frac,best_operating_point_mean,best_throttled_frac,best_cost_per_kg_delivered,best_cost_per_kg_delivered_n_finite,best_cost_total,best_cost_total_n_finite,best_cost_per_delta_v,best_cost_per_delta_v_n_finite,best_figure_of_merit,best_figure_of_merit_n_finite,best_termination_reason_mode,best_throttled_by_mode,cached,train_policy_loss,train_value_loss,train_entropy,train_approx_kl,train_clip_fraction,train_explained_variance,train_epochs_run,train_early_stopped,train_skipped_minibatches,train_n_updates,train_total_steps,train_log_std,train_critic_loss,train_actor_loss,train_alpha_loss,train_q1_mean,train_q2_mean,train_target_q_mean,train_alpha,train_buffer_size,train_skipped_updates
9ea095457811,my_pilot,random,hall_hermes,leo_geo_transfer,reference,0,random@hall_hermes,electric,50000,4,ok,False,3,best,return,0,61320,0,4.780004019266926e-07,31.768720692000898,31.775236837999728,0.0,1.189610863053531,297.40271576338273,0.0,0,3,4,700000000,900000000,0,False,True,False,4,0.0,-18.325936116698486,0.28528051618810846,0.000988784253685454,1293.1754554361398,290.5527970467984,365.0,0.14527639852339921,1.0,0.008828340559144995,5901.92153084492,0.0,0.499147529564968,0.010017123287671233,0.010302511415525115,0.499219095310596,0.00011415525114155251,,0,23126878.960847728,4,,0,0.0,4,timeout,none,4,0.0,-18.325936116698486,0.28528051618810846,0.000988784253685454,1293.1754554361398,290.5527970467984,365.0,0.14527639852339921,1.0,0.008828340559144995,5901.92153084492,0.0,0.499147529564968,0.010017123287671233,0.010302511415525115,0.499219095310596,0.00011415525114155251,,0,23126878.960847728,4,,0,0.0,4,timeout,none,4,0.0,-18.325936116698486,0.28528051618810846,0.000988784253685454,1293.1754554361398,290.5527970467984,365.0,0.14527639852339921,1.0,0.008828340559144995,5901.92153084492,0.0,0.499147529564968,0.010017123287671233,0.010302511415525115,0.499219095310596,0.00011415525114155251,,0,23126878.960847728,4,,0,0.0,4,timeout,none,True,,,,,,,,,,,,,,,,,,,,,
e80b763a9981,my_pilot,random,hall_hermes,leo_geo_transfer,reference,1,random@hall_hermes,electric,50000,4,ok,False,3,best,return,0,61320,0,4.640005499823019e-07,31.152056206000452,31.155180561000634,0.0,1.1677135350155368,291.9283837538842,0.0,0,3,4,700010000,900010000,0,False,True,False,4,0.0,-18.294774730836995,0.24333239588192762,0.0005052616735659599,1305.6639496903892,287.46739473647926,365.0,0.14373369736823965,1.0,0.026289790866717972,5904.940302178036,0.0,0.4990950878420377,0.009817351598173516,0.010445205479452055,0.4964454814408944,8.561643835616438e-05,,0,23110526.634368636,4,,0,0.0,4,timeout,none,4,0.0,-18.294774730836995,0.24333239588192762,0.0005052616735659599,1305.6639496903892,287.46739473647926,365.0,0.14373369736823965,1.0,0.026289790866717972,5904.940302178036,0.0,0.4990950878420377,0.009817351598173516,0.010445205479452055,0.4964454814408944,8.561643835616438e-05,,0,23110526.634368636,4,,0,0.0,4,timeout,none,4,0.0,-18.294774730836995,0.24333239588192762,0.0005052616735659599,1305.6639496903892,287.46739473647926,365.0,0.14373369736823965,1.0,0.026289790866717972,5904.940302178036,0.0,0.4990950878420377,0.009817351598173516,0.010445205479452055,0.4964454814408944,8.561643835616438e-05,,0,23110526.634368636,4,,0,0.0,4,timeout,none,True,,,,,,,,,,,,,,,,,,,,,
a906f6c62838,my_pilot,random,hall_hermes,leo_geo_transfer,reference,2,random@hall_hermes,electric,50000,4,ok,False,3,best,return,0,61320,0,3.530003596097231e-07,31.237443752000218,31.24055130099987,0.0,1.167616332999387,291.90408324984674,0.0,0,3,4,700020000,900020000,0,False,True,False,4,0.0,-18.76332149068443,0.1999487116550753,0.0,1308.074779479115,292.92633901552017,365.0,0.14646316950776012,2.75,0.051658634246226215,5921.302771005581,0.0,0.5017198248643037,0.009589041095890411,0.01113013698630137,0.5007209251605008,0.00019977168949771688,,0,23139458.498062234,4,,0,0.0,4,timeout,thermal,4,0.0,-18.76332149068443,0.1999487116550753,0.0,1308.074779479115,292.92633901552017,365.0,0.14646316950776012,2.75,0.051658634246226215,5921.302771005581,0.0,0.5017198248643037,0.009589041095890411,0.01113013698630137,0.5007209251605008,0.00019977168949771688,,0,23139458.498062234,4,,0,0.0,4,timeout,thermal,4,0.0,-18.76332149068443,0.1999487116550753,0.0,1308.074779479115,292.92633901552017,365.0,0.14646316950776012,2.75,0.051658634246226215,5921.302771005581,0.0,0.5017198248643037,0.009589041095890411,0.01113013698630137,0.5007209251605008,0.00019977168949771688,,0,23139458.498062234,4,,0,0.0,4,timeout,thermal,True,,,,,,,,,,,,,,,,,,,,,
3c183d60f39c,my_pilot,max_thrust,hall_hermes,leo_geo_transfer,reference,0,max_thrust@hall_hermes,electric,50000,4,ok,False,3,best,return,0,61320,0,3.7199970392975956e-07,20.93577897600062,20.938883302999784,0.0,1.0642159620174425,266.0539905043606,0.0,0,3,4,700000000,900000000,0,False,True,False,4,0.0,22.281264751845924,1.3196576092365495,0.5603074344714729,4204.596545108475,1169.4881428900048,365.0,0.5847440714450024,874.5,14.726660182031372,2595.151558855502,0.0,1.0,1.0,0.0,0.0,0.13958333333333334,,0,27785149.190689147,4,,0,0.0,4,timeout,thermal,4,0.0,22.281264751845924,1.3196576092365495,0.5603074344714729,4204.596545108475,1169.4881428900048,365.0,0.5847440714450024,874.5,14.726660182031372,2595.151558855502,0.0,1.0,1.0,0.0,0.0,0.13958333333333334,,0,27785149.190689147,4,,0,0.0,4,timeout,thermal,4,0.0,22.281264751845924,1.3196576092365495,0.5603074344714729,4204.596545108475,1169.4881428900048,365.0,0.5847440714450024,874.5,14.726660182031372,2595.151558855502,0.0,1.0,1.0,0.0,0.0,0.13958333333333334,,0,27785149.190689147,4,,0,0.0,4,timeout,thermal,True,,,,,,,,,,,,,,,,,,,,,
369c4793cfdd,my_pilot,max_thrust,hall_hermes,leo_geo_transfer,reference,1,max_thrust@hall_hermes,electric,50000,4,ok,False,3,best,return,0,61320,0,4.0699978853808716e-07,21.01668697399964,21.019897748000403,0.0,1.0943781850310188,273.5945462577547,0.0,0,3,4,700010000,900010000,0,False,True,False,4,0.0,22.912923012174044,3.242768444952245,0.5694234291316524,4385.608579072868,1196.7644482745648,365.0,0.5983822241372824,609.5,9.262625544478386,2541.38958582347,0.0,1.0,1.0,0.0,0.0,0.10271118721461187,,0,27929710.906125747,4,,0,0.0,4,timeout,thermal,4,0.0,22.912923012174044,3.242768444952245,0.5694234291316524,4385.608579072868,1196.7644482745648,365.0,0.5983822241372824,609.5,9.262625544478386,2541.38958582347,0.0,1.0,1.0,0.0,0.0,0.10271118721461187,,0,27929710.906125747,4,,0,0.0,4,timeout,thermal,4,0.0,22.912923012174044,3.242768444952245,0.5694234291316524,4385.608579072868,1196.7644482745648,365.0,0.5983822241372824,609.5,9.262625544478386,2541.38958582347,0.0,1.0,1.0,0.0,0.0,0.10271118721461187,,0,27929710.906125747,4,,0,0.0,4,timeout,thermal,True,,,,,,,,,,,,,,,,,,,,,
6713c7168767,my_pilot,max_thrust,hall_hermes,leo_geo_transfer,reference,2,max_thrust@hall_hermes,electric,50000,4,ok,False,3,best,return,0,61320,0,6.749996828148142e-07,23.029879310999604,23.033395020999706,0.0,1.1736195889907322,293.40489724768304,0.0,0,3,4,700020000,900020000,0,False,True,False,4,0.0,21.94818145591941,3.0125852154691053,0.5559826207107639,4191.584752050582,1164.700536082741,365.0,0.5823502680413706,828.25,13.699074348269228,2620.3283467767983,0.0,1.0,1.0,0.0,0.0,0.14066780821917807,,0,27759775.34906594,4,,0,0.0,4,timeout,thermal,4,0.0,21.94818145591941,3.0125852154691053,0.5559826207107639,4191.584752050582,1164.700536082741,365.0,0.5823502680413706,828.25,13.699074348269228,2620.3283467767983,0.0,1.0,1.0,0.0,0.0,0.14066780821917807,,0,27759775.34906594,4,,0,0.0,4,timeout,thermal,4,0.0,21.94818145591941,3.0125852154691053,0.5559826207107639,4191.584752050582,1164.700536082741,365.0,0.5823502680413706,828.25,13.699074348269228,2620.3283467767983,0.0,1.0,1.0,0.0,0.0,0.14066780821917807,,0,27759775.34906594,4,,0,0.0,4,timeout,thermal,True,,,,,,,,,,,,,,,,,,,,,
2fcf606b0728,my_pilot,prograde,hall_hermes,leo_geo_transfer,reference,0,prograde@hall_hermes,electric,50000,4,ok,False,3,best,return,0,61320,0,3.410004865145311e-07,23.254963624000084,23.257928910999908,0.0,1.0464999059695401,261.62497649238503,0.0,0,3,4,700000000,900000000,0,False,True,False,4,0.0,23.276983865502384,2.4046959995650474,0.4330246107252481,3065.5773035435727,645.9309249566882,365.0,0.32296546247834407,551.25,8.54467189290553,3346.4134041018965,0.0,1.0,1.0,0.0,0.5,0.08787100456621005,,0,25010347.820541,4,,0,0.0,4,timeout,thermal,4,0.0,23.276983865502384,2.4046959995650474,0.4330246107252481,3065.5773035435727,645.9309249566882,365.0,0.32296546247834407,551.25,8.54467189290553,3346.4134041018965,0.0,1.0,1.0,0.0,0.5,0.08787100456621005,,0,25010347.820541,4,,0,0.0,4,timeout,thermal,4,0.0,23.276983865502384,2.4046959995650474,0.4330246107252481,3065.5773035435727,645.9309249566882,365.0,0.32296546247834407,551.25,8.54467189290553,3346.4134041018965,0.0,1.0,1.0,0.0,0.5,0.08787100456621005,,0,25010347.820541,4,,0,0.0,4,timeout,thermal,True,,,,,,,,,,,,,,,,,,,,,
ea0261558b51,my_pilot,prograde,hall_hermes,leo_geo_transfer,reference,1,prograde@hall_hermes,electric,50000,4,ok,False,3,best,return,0,61320,0,3.9800033846404403e-07,22.31724118099919,22.320183873000133,0.0,1.003678269043121,250.91956726078024,0.0,0,3,4,700010000,900010000,0,False,True,False,4,0.0,25.906715434778462,5.560854250373929,0.458585344968653,3274.9889015234285,674.2002185243574,365.0,0.3371001092621787,213.75,3.1149091800071638,3195.5987452493055,0.0,1.0,1.0,0.0,0.5,0.03573059360730593,,0,25160172.274942238,4,,0,0.0,4,timeout,thermal,4,0.0,25.906715434778462,5.560854250373929,0.458585344968653,3274.9889015234285,674.2002185243574,365.0,0.3371001092621787,213.75,3.1149091800071638,3195.5987452493055,0.0,1.0,1.0,0.0,0.5,0.03573059360730593,,0,25160172.274942238,4,,0,0.0,4,timeout,thermal,4,0.0,25.906715434778462,5.560854250373929,0.458585344968653,3274.9889015234285,674.2002185243574,365.0,0.3371001092621787,213.75,3.1149091800071638,3195.5987452493055,0.0,1.0,1.0,0.0,0.5,0.03573059360730593,,0,25160172.274942238,4,,0,0.0,4,timeout,thermal,True,,,,,,,,,,,,,,,,,,,,,
36e830b5cd96,my_pilot,prograde,hall_hermes,leo_geo_transfer,reference,2,prograde@hall_hermes,electric,50000,4,ok,False,3,best,return,0,61320,0,3.6900019040331244e-07,22.509385651999764,22.51239054599955,0.0,0.9912798480736456,247.8199620184114,0.0,0,3,4,700020000,900020000,0,False,True,False,4,0.0,24.00252723428803,4.162327833517566,0.4407256471347609,3116.095259862786,655.2610682307768,365.0,0.32763053411538845,507.25,7.322971475935063,3300.5038421457793,0.0,1.0,1.0,0.0,0.5,0.08347602739726027,,0,25059796.655269735,4,,0,0.0,4,timeout,thermal,4,0.0,24.00252723428803,4.162327833517566,0.4407256471347609,3116.095259862786,655.2610682307768,365.0,0.32763053411538845,507.25,7.322971475935063,3300.5038421457793,0.0,1.0,1.0,0.0,0.5,0.08347602739726027,,0,25059796.655269735,4,,0,0.0,4,timeout,thermal,4,0.0,24.00252723428803,4.162327833517566,0.4407256471347609,3116.095259862786,655.2610682307768,365.0,0.32763053411538845,507.25,7.322971475935063,3300.5038421457793,0.0,1.0,1.0,0.0,0.5,0.08347602739726027,,0,25059796.655269735,4,,0,0.0,4,timeout,thermal,True,,,,,,,,,,,,,,,,,,,,,
8c0007de6988,my_pilot,edelbaum,hall_hermes,leo_geo_transfer,reference,0,edelbaum@hall_hermes,electric,50000,4,ok,False,3,best,return,0,61320,0,3.839995770249516e-07,23.73554944100033,23.73848598600034,0.0,1.159603859006893,289.9009647517232,0.0,0,3,4,700000000,900000000,0,False,True,False,4,0.0,21.997622812275814,2.7363740652755983,0.4033609305655346,2866.094958257099,568.4421951472016,365.0,0.2842210975736008,860.0,5.926025993447178,3521.4873385266956,0.0,1.0,1.0,0.0,0.6499999761581421,0.06638127853881279,,0,24599665.23173981,4,,0,0.0,4,timeout,thermal,4,0.0,21.997622812275814,2.7363740652755983,0.4033609305655346,2866.094958257099,568.4421951472016,365.0,0.2842210975736008,860.0,5.926025993447178,3521.4873385266956,0.0,1.0,1.0,0.0,0.6499999761581421,0.06638127853881279,,0,24599665.23173981,4,,0,0.0,4,timeout,thermal,4,0.0,21.997622812275814,2.7363740652755983,0.4033609305655346,2866.094958257099,568.4421951472016,365.0,0.2842210975736008,860.0,5.926025993447178,3521.4873385266956,0.0,1.0,1.0,0.0,0.6499999761581421,0.06638127853881279,,0,24599665.23173981,4,,0,0.0,4,timeout,thermal,True,,,,,,,,,,,,,,,,,,,,,
7756101db750,my_pilot,edelbaum,hall_hermes,leo_geo_transfer,reference,1,edelbaum@hall_hermes,electric,50000,4,ok,False,3,best,return,0,61320,0,4.1300063458038494e-07,23.640729971999463,23.64370395700007,0.0,1.1519853450190567,287.9963362547642,0.0,0,3,4,700010000,900010000,0,False,True,False,4,0.0,25.122131889334863,6.313991658537564,0.4325630679649212,3027.0432984391323,587.0858824054396,365.0,0.2935429412027198,471.5,1.3495141600195828,3349.102761692393,0.0,1.0,1.0,0.0,0.6499999761581421,0.015753424657534244,,0,24698474.926605597,4,,0,0.0,4,timeout,thermal,4,0.0,25.122131889334863,6.313991658537564,0.4325630679649212,3027.0432984391323,587.0858824054396,365.0,0.2935429412027198,471.5,1.3495141600195828,3349.102761692393,0.0,1.0,1.0,0.0,0.6499999761581421,0.015753424657534244,,0,24698474.926605597,4,,0,0.0,4,timeout,thermal,4,0.0,25.122131889334863,6.313991658537564,0.4325630679649212,3027.0432984391323,587.0858824054396,365.0,0.2935429412027198,471.5,1.3495141600195828,3349.102761692393,0.0,1.0,1.0,0.0,0.6499999761581421,0.015753424657534244,,0,24698474.926605597,4,,0,0.0,4,timeout,thermal,True,,,,,,,,,,,,,,,,,,,,,
7b92b43c38d5,my_pilot,edelbaum,hall_hermes,leo_geo_transfer,reference,2,edelbaum@hall_hermes,electric,50000,4,ok,False,3,best,return,0,61320,0,4.439998519956134e-07,25.36633059199994,25.369415023999863,0.0,1.2670803340579369,316.7700835144842,0.0,0,3,4,700020000,900020000,0,False,True,False,4,0.0,23.34393590636121,5.498723321111809,0.41985113590166356,2960.645328237307,585.7532514804325,365.0,0.2928766257402162,700.75,4.716886836243842,3423.6735806658953,0.0,1.0,1.0,0.0,0.6499999761581421,0.052454337899543374,,0,24691412.11476775,4,,0,0.0,4,timeout,thermal,4,0.0,23.34393590636121,5.498723321111809,0.41985113590166356,2960.645328237307,585.7532514804325,365.0,0.2928766257402162,700.75,4.716886836243842,3423.6735806658953,0.0,1.0,1.0,0.0,0.6499999761581421,0.052454337899543374,,0,24691412.11476775,4,,0,0.0,4,timeout,thermal,4,0.0,23.34393590636121,5.498723321111809,0.41985113590166356,2960.645328237307,585.7532514804325,365.0,0.2928766257402162,700.75,4.716886836243842,3423.6735806658953,0.0,1.0,1.0,0.0,0.6499999761581421,0.052454337899543374,,0,24691412.11476775,4,,0,0.0,4,timeout,thermal,True,,,,,,,,,,,,,,,,,,,,,
013b2d2c2f79,my_pilot,ppo,hall_hermes,leo_geo_transfer,reference,0,ppo@hall_hermes,electric,50000,4,ok,True,3,best,return,50000,280320,50000,159.48781587099984,157.50918000100137,213.38436203699985,0.023939554000207863,15.092704120085727,0.301829936006834,0.0,152075,3,4,700000000,900000000,0,True,True,False,4,0.0,3.864503286564523,0.845070671362417,0.22467597793918764,1508.8789884031387,322.00359832723336,365.0,0.16100179916361668,1336.0,0.0,4576.063367338582,0.0,0.49706079984704654,0.0,0.0,0.502651474487938,0.0,,0,23293565.090836912,4,,0,0.0,4,timeout,none,4,0.0,-12.289881221342133,0.2561870960309475,0.0033036808510499838,89.15115750975531,17.832135651345382,365.0,0.044885,0.0,0.0,5882.674873369105,0.0,0.27797618212186853,0.0032534246575342462,0.39803082191780825,0.6433113225391263,0.0,,0,21681486.482266344,4,,0,0.0,4,timeout,none,4,0.0,3.864503286564523,0.845070671362417,0.22467597793918764,1508.8789884031387,322.00359832723336,365.0,0.16100179916361668,1336.0,0.0,4576.063367338582,0.0,0.49706079984704654,0.0,0.0,0.502651474487938,0.0,,0,23293565.090836912,4,,0,0.0,4,timeout,none,True,-0.020660086217685603,0.004626717075370834,6.268478029966355,0.015256156798568555,0.2216796875,0.8799562454223633,10.0,0.0,0.0,24.0,49152.0,-0.16900403797626495,,,,,,,,,
19cd04950f9c,my_pilot,ppo,hall_hermes,leo_geo_transfer,reference,1,ppo@hall_hermes,electric,50000,4,ok,True,3,best,return,50000,280320,50000,153.09899001699978,151.06892773900108,204.31366864199936,0.022604475000662205,13.594393154796307,0.27186611380682163,0.0,152075,3,4,700010000,900010000,0,True,True,False,4,0.0,4.02110757100734,1.2886542204394196,0.22381249805438622,1500.2360269333826,313.5637581527291,365.0,0.1567818790763646,1346.5,0.0,4581.083363623092,0.0,0.49713769701636956,0.0,0.0,0.5027553957287375,0.0,,0,23248834.774306297,4,,0,0.0,4,timeout,none,4,0.0,-11.87376547876328,0.10518559081297449,0.006391330108088206,65.58519300999075,13.051049542645849,365.0,0.04958,0.0,0.0,5864.321010211117,0.0,0.1347099064198667,0.0,0.3776826484018265,0.6358052014683684,0.0,,0,21656147.19969932,4,,0,0.0,4,timeout,none,4,0.0,4.02110757100734,1.2886542204394196,0.22381249805438622,1500.2360269333826,313.5637581527291,365.0,0.1567818790763646,1346.5,0.0,4581.083363623092,0.0,0.49713769701636956,0.0,0.0,0.5027553957287375,0.0,,0,23248834.774306297,4,,0,0.0,4,timeout,none,True,-0.028411010540730787,0.0049032162129151406,6.475852389633656,0.02163741823460441,0.281640625,0.7827013731002808,10.0,0.0,0.0,24.0,49152.0,-0.12653407454490662,,,,,,,,,
27164bc3837c,my_pilot,ppo,hall_hermes,leo_geo_transfer,reference,2,ppo@hall_hermes,electric,50000,4,ok,True,3,best,return,50000,280320,50000,157.12894975400013,156.91432301999976,209.38310422299946,0.023678308000853576,13.259977365871237,0.26517833305078065,0.0,152075,3,4,700020000,900020000,0,True,True,False,4,0.0,4.081533894705343,1.3737798418326883,0.22837118046446414,1533.491126286382,326.592413522486,365.0,0.16329620676124307,1365.0,0.0,4553.552270489636,0.0,0.49704780107083385,0.0,0.0,0.5026356811197177,0.0,,0,23317885.35661685,4,,0,0.0,4,timeout,none,4,0.0,-11.930946292591251,0.16838406084088847,0.004662870209058728,49.98073986399136,10.398443819383331,365.0,0.039175,0.0,0.0,5873.5830696730545,0.0,0.25612001639607973,0.0002568493150684931,0.43027968036529685,0.5254909659212788,0.0,,0,21642088.652241174,4,,0,0.0,4,timeout,none,4,0.0,4.081533894705343,1.3737798418326883,0.22837118046446414,1533.491126286382,326.592413522486,365.0,0.16329620676124307,1365.0,0.0,4553.552270489636,0.0,0.49704780107083385,0.0,0.0,0.5026356811197177,0.0,,0,23317885.35661685,4,,0,0.0,4,timeout,none,True,-0.018986174045858208,0.008298044884577393,6.348781299591065,0.01651889960630797,0.237744140625,0.4064810276031494,10.0,0.0,0.0,24.0,49152.0,-0.15360142290592194,,,,,,,,,
85a9db304d06,my_pilot,sac,hall_hermes,leo_geo_transfer,reference,0,sac@hall_hermes,electric,50000,4,ok,True,3,best,return,50000,280320,50000,419.3448258640001,149.21141884200006,469.4806522400004,288.53956895599913,7.952651794173107,0.15904031265844948,0.0,231437,3,4,700000000,900000000,0,True,True,False,4,0.0,3.915226376086226,0.925951988635694,0.22649898360249263,1522.9175620226417,325.24201050493684,365.0,0.16262100525246842,1356.5,0.0,4565.3100885227495,0.0,0.5009036031402818,0.0,0.0,0.5013927140379469,0.0,,0,23310728.354449756,4,,0,0.0,4,timeout,none,4,0.0,-11.652642677600861,1.046951930786515,0.04548720393035402,1091.1027176776834,208.9965917270486,365.0,0.1266566375853465,0.0,0.0,5633.603964200852,0.0,0.507681865993564,0.033789954337899546,0.027511415525114158,0.7638516979326055,0.005850456621004566,,0,22694639.154931903,4,,0,0.0,4,timeout,none,4,0.0,3.915226376086226,0.925951988635694,0.22649898360249263,1522.9175620226417,325.24201050493684,365.0,0.16262100525246842,1356.5,0.0,4565.3100885227495,0.0,0.5009036031402818,0.0,0.0,0.5013927140379469,0.0,,0,23310728.354449756,4,,0,0.0,4,timeout,none,True,,,-4.999505043029785,,,,,,,50000.0,50000.0,,7.648764585610479e-05,-0.7327979803085327,2.733650035224855e-07,0.7231204509735107,0.7217435240745544,0.7205830812454224,0.0005518986145034432,50000.0,0.0
6040920fa21e,my_pilot,sac,hall_hermes,leo_geo_transfer,reference,1,sac@hall_hermes,electric,50000,4,ok,True,3,best,return,50000,259546,50000,414.3957830720001,137.48840745600137,459.3240034949995,290.8267734580013,7.4459427869796855,0.14890694318413897,0.0,231437,3,4,700010000,900010000,0,True,True,False,4,0.0,4.154528103491559,1.3971578526920025,0.22713855350453221,1526.457596774581,319.2656763512313,365.0,0.15963283817561566,1376.5,0.0,4561.457188237782,0.0,0.5009771006113795,0.0,0.0,0.501439983799169,0.0,,0,23279054.37569415,4,,0,0.0,4,timeout,none,4,0.0,-36.969775421037696,33.036238514062724,0.0,1154.8774701767543,240.5283752770061,322.8333333333333,0.12026418763850305,0.25,0.0,6021.605156479507,0.0,0.5168295614267306,0.04412773953221543,0.06528469040475691,0.5718106082931087,0.0,,0,20960307.43686854,4,,0,0.0,4,timeout,none,4,0.0,4.154528103491559,1.3971578526920025,0.22713855350453221,1526.457596774581,319.2656763512313,365.0,0.15963283817561566,1376.5,0.0,4561.457188237782,0.0,0.5009771006113795,0.0,0.0,0.501439983799169,0.0,,0,23279054.37569415,4,,0,0.0,4,timeout,none,True,,,-5.029118537902832,,,,,,,50000.0,50000.0,,2.1860289573669434,-478.9700012207031,-0.004487533122301102,476.9096374511719,476.6802062988281,476.7265625,0.15411128103733063,50000.0,0.0
8d3e53bc07c4,my_pilot,max_thrust,hall_spt100,leo_geo_transfer,reference,1,max_thrust@hall_spt100,electric,50000,4,ok,False,3,best,return,0,61320,0,3.839995770249516e-07,30.559564979999777,30.562632018999466,0.0,1.0057170057807525,251.42925144518813,0.0,0,3,4,700010000,900010000,0,False,True,False,4,0.0,-18.258954923628437,0.20557292808021646,0.0542232300078504,350.4148730744082,142.33490464321397,365.0,0.9488993642880931,0.0,0.0,5582.009122469777,0.0,1.0,1.0,0.0,0.0,0.20413812785388127,,0,17776035.534542575,4,,0,0.0,4,timeout,power,4,0.0,-18.258954923628437,0.20557292808021646,0.0542232300078504,350.4148730744082,142.33490464321397,365.0,0.9488993642880931,0.0,0.0,5582.009122469777,0.0,1.0,1.0,0.0,0.0,0.20413812785388127,,0,17776035.534542575,4,,0,0.0,4,timeout,power,4,0.0,-18.258954923628437,0.20557292808021646,0.0542232300078504,350.4148730744082,142.33490464321397,365.0,0.9488993642880931,0.0,0.0,5582.009122469777,0.0,1.0,1.0,0.0,0.0,0.20413812785388127,,0,17776035.534542575,4,,0,0.0,4,timeout,power,True,,,,,,,,,,,,,,,,,,,,,
0a4276e93a16,my_pilot,prograde,hall_spt100,leo_geo_transfer,reference,0,prograde@hall_spt100,electric,50000,4,ok,False,3,best,return,0,61320,0,3.6300025385571644e-07,31.028455248000682,31.031391669000186,0.0,1.001958003069376,250.489500767344,0.0,0,3,4,700000000,900000000,0,False,True,False,4,0.0,-17.377073600221312,0.15324465328269768,0.04550793704609399,294.42859525297575,101.51380484578884,365.0,0.8550277777777778,0.0,0.0,5633.574784367407,0.0,1.0,1.0,0.0,0.5,0.2198915525114155,,0,17559687.75101669,4,,0,0.0,4,timeout,power,4,0.0,-17.377073600221312,0.15324465328269768,0.04550793704609399,294.42859525297575,101.51380484578884,365.0,0.8550277777777778,0.0,0.0,5633.574784367407,0.0,1.0,1.0,0.0,0.5,0.2198915525114155,,0,17559687.75101669,4,,0,0.0,4,timeout,power,4,0.0,-17.377073600221312,0.15324465328269768,0.04550793704609399,294.42859525297575,101.51380484578884,365.0,0.8550277777777778,0.0,0.0,5633.574784367407,0.0,1.0,1.0,0.0,0.5,0.2198915525114155,,0,17559687.75101669,4,,0,0.0,4,timeout,power,True,,,,,,,,,,,,,,,,,,,,,
7945bc04b95c,my_pilot,prograde,hall_spt100,leo_geo_transfer,reference,1,prograde@hall_spt100,electric,50000,4,ok,False,3,best,return,0,61320,0,4.7599951358279213e-07,30.877450570999827,30.880391659999987,0.0,0.9827244390135093,245.6811097533773,0.0,0,3,4,700010000,900010000,0,False,True,False,4,0.0,-17.18032844026404,0.1673738194087067,0.04600909535777195,296.83863076554366,100.11307339571385,365.0,0.8449722222222222,0.0,0.0,5630.487276505297,0.0,1.0,1.0,0.0,0.5,0.2186643835616438,,0,17552264.01314479,4,,0,0.0,4,timeout,power,4,0.0,-17.18032844026404,0.1673738194087067,0.04600909535777195,296.83863076554366,100.11307339571385,365.0,0.8449722222222222,0.0,0.0,5630.487276505297,0.0,1.0,1.0,0.0,0.5,0.2186643835616438,,0,17552264.01314479,4,,0,0.0,4,timeout,power,4,0.0,-17.18032844026404,0.1673738194087067,0.04600909535777195,296.83863076554366,100.11307339571385,365.0,0.8449722222222222,0.0,0.0,5630.487276505297,0.0,1.0,1.0,0.0,0.5,0.2186643835616438,,0,17552264.01314479,4,,0,0.0,4,timeout,power,True,,,,,,,,,,,,,,,,,,,,,
7031f3a21830,my_pilot,prograde,hall_spt100,leo_geo_transfer,reference,2,prograde@hall_spt100,electric,50000,4,ok,False,3,best,return,0,61320,0,6.789996405132115e-07,31.00104046800061,31.00403243799974,0.0,0.9915574509668659,247.88936274171647,0.0,0,3,4,700020000,900020000,0,False,True,False,4,0.0,-17.417324508551474,0.0779427890921663,0.0455203650785439,296.68131589335576,102.19583476970169,365.0,0.8579444444444444,0.0,0.0,5632.499815671501,0.0,1.0,1.0,0.0,0.5,0.21843607305936072,,0,17563302.44202377,4,,0,0.0,4,timeout,power,4,0.0,-17.417324508551474,0.0779427890921663,0.0455203650785439,296.68131589335576,102.19583476970169,365.0,0.8579444444444444,0.0,0.0,5632.499815671501,0.0,1.0,1.0,0.0,0.5,0.21843607305936072,,0,17563302.44202377,4,,0,0.0,4,timeout,power,4,0.0,-17.417324508551474,0.0779427890921663,0.0455203650785439,296.68131589335576,102.19583476970169,365.0,0.8579444444444444,0.0,0.0,5632.499815671501,0.0,1.0,1.0,0.0,0.5,0.21843607305936072,,0,17563302.44202377,4,,0,0.0,4,timeout,power,True,,,,,,,,,,,,,,,,,,,,,
0e1f55ca9dc6,my_pilot,edelbaum,hall_spt100,leo_geo_transfer,reference,0,edelbaum@hall_spt100,electric,50000,4,ok,False,3,best,return,0,61320,0,3.80000528821256e-07,31.34470193799916,31.347650421000253,0.0,1.1427275350597483,285.6818837649371,0.0,0,3,4,700000000,900000000,0,False,True,False,4,0.0,-17.953441485041868,0.14323640105722016,0.038646885859826535,278.3657092336525,91.58635303086113,365.0,0.8579166666666667,0.0,0.0,5674.070634309979,0.0,1.0,1.0,0.0,0.6499999761581421,0.22793949771689498,,0,17507073.24021522,4,,0,0.0,4,timeout,power,4,0.0,-17.953441485041868,0.14323640105722016,0.038646885859826535,278.3657092336525,91.58635303086113,365.0,0.8579166666666667,0.0,0.0,5674.070634309979,0.0,1.0,1.0,0.0,0.6499999761581421,0.22793949771689498,,0,17507073.24021522,4,,0,0.0,4,timeout,power,4,0.0,-17.953441485041868,0.14323640105722016,0.038646885859826535,278.3657092336525,91.58635303086113,365.0,0.8579166666666667,0.0,0.0,5674.070634309979,0.0,1.0,1.0,0.0,0.6499999761581421,0.22793949771689498,,0,17507073.24021522,4,,0,0.0,4,timeout,power,True,,,,,,,,,,,,,,,,,,,,,
72013aa0070b,my_pilot,random,hall_hermes,leo_geo_transfer,reference,5,random@hall_hermes,electric,50000,4,ok,False,3,best,return,0,61320,0,3.530003596097231e-07,31.040335144999517,31.050495268000304,0.0,1.1262237720029589,281.5559430007397,0.0,0,3,4,700050000,900050000,0,False,True,False,4,0.0,-18.593418162043758,0.11145646368374697,0.0,1309.9220650827456,294.22174247967894,365.0,0.14711087123983946,3.5,0.04127392935421239,5914.2440873669475,0.0,0.5013585251615676,0.011586757990867579,0.009389269406392694,0.49840402516651233,0.0003710045662100457,,0,23146324.008046854,4,,0,0.0,4,timeout,thermal,4,0.0,-18.593418162043758,0.11145646368374697,0.0,1309.9220650827456,294.22174247967894,365.0,0.14711087123983946,3.5,0.04127392935421239,5914.2440873669475,0.0,0.5013585251615676,0.011586757990867579,0.009389269406392694,0.49840402516651233,0.0003710045662100457,,0,23146324.008046854,4,,0,0.0,4,timeout,thermal,4,0.0,-18.593418162043758,0.11145646368374697,0.0,1309.9220650827456,294.22174247967894,365.0,0.14711087123983946,3.5,0.04127392935421239,5914.2440873669475,0.0,0.5013585251615676,0.011586757990867579,0.009389269406392694,0.49840402516651233,0.0003710045662100457,,0,23146324.008046854,4,,0,0.0,4,timeout,thermal,,,,,,,,,,,,,,,,,,,,,,
c60dddb2a2fd,my_pilot,random,hall_hermes,leo_geo_transfer,reference,6,random@hall_hermes,electric,50000,4,ok,False,3,best,return,0,61320,0,4.0899976738728583e-07,31.07752280800014,31.088426210000762,0.0,1.1212278390248684,280.3069597562171,0.0,0,3,4,700060000,900060000,0,False,True,False,4,0.0,-18.242238222203987,0.1548910385480546,0.0005300519606641629,1282.753665086252,287.15327956808625,365.0,0.14357663978404311,1.75,0.03833080647997854,5898.343137863465,0.0,0.49622829319849676,0.010045662100456623,0.010702054794520549,0.499947913309993,0.00011415525114155251,,0,23108861.85510519,4,,0,0.0,4,timeout,none,4,0.0,-18.242238222203987,0.1548910385480546,0.0005300519606641629,1282.753665086252,287.15327956808625,365.0,0.14357663978404311,1.75,0.03833080647997854,5898.343137863465,0.0,0.49622829319849676,0.010045662100456623,0.010702054794520549,0.499947913309993,0.00011415525114155251,,0,23108861.85510519,4,,0,0.0,4,timeout,none,4,0.0,-18.242238222203987,0.1548910385480546,0.0005300519606641629,1282.753665086252,287.15327956808625,365.0,0.14357663978404311,1.75,0.03833080647997854,5898.343137863465,0.0,0.49622829319849676,0.010045662100456623,0.010702054794520549,0.499947913309993,0.00011415525114155251,,0,23108861.85510519,4,,0,0.0,4,timeout,none,,,,,,,,,,,,,,,,,,,,,,
f793a751d839,my_pilot,random,hall_hermes,leo_geo_transfer,reference,4,random@hall_hermes,electric,50000,4,ok,False,3,best,return,0,61320,0,3.9999940781854093e-07,31.434823623999364,31.446019375000105,0.0,1.1535159720406227,288.3789930101557,0.0,0,3,4,700040000,900040000,0,False,True,False,4,0.0,-18.419809386711552,0.34577376724151837,0.0003013752451924423,1302.8244445228681,289.3648174227094,365.0,0.1446824087113547,1.5,0.05221328572568118,5911.938416745292,0.0,0.5005669257956553,0.010702054794520549,0.009275114155251143,0.5009435134791007,0.00011415525114155251,,0,23120582.7865697,4,,0,0.0,4,timeout,none,4,0.0,-18.419809386711552,0.34577376724151837,0.0003013752451924423,1302.8244445228681,289.3648174227094,365.0,0.1446824087113547,1.5,0.05221328572568118,5911.938416745292,0.0,0.5005669257956553,0.010702054794520549,0.009275114155251143,0.5009435134791007,0.00011415525114155251,,0,23120582.7865697,4,,0,0.0,4,timeout,none,4,0.0,-18.419809386711552,0.34577376724151837,0.0003013752451924423,1302.8244445228681,289.3648174227094,365.0,0.1446824087113547,1.5,0.05221328572568118,5911.938416745292,0.0,0.5005669257956553,0.010702054794520549,0.009275114155251143,0.5009435134791007,0.00011415525114155251,,0,23120582.7865697,4,,0,0.0,4,timeout,none,,,,,,,,,,,,,,,,,,,,,,
a959a5c05388,my_pilot,random,hall_hermes,leo_geo_transfer,reference,3,random@hall_hermes,electric,50000,4,ok,False,3,best,return,0,61320,0,3.4000004234258085e-07,31.460521426000014,31.47192239099968,0.0,1.098036396925636,274.509099231409,0.0,0,3,4,700030000,900030000,0,False,True,False,4,0.0,-18.596684765607066,0.06371215481984233,0.00013193177170556236,1308.2554377640704,294.9595488538279,365.0,0.14747977442691398,6.25,0.10817494696130231,5907.149115776374,0.0,0.5033633658560376,0.009389269406392694,0.00976027397260274,0.49686286766082044,0.0005707762557077625,,0,23150234.3087127,4,,0,0.0,4,timeout,none,4,0.0,-18.596684765607066,0.06371215481984233,0.00013193177170556236,1308.2554377640704,294.9595488538279,365.0,0.14747977442691398,6.25,0.10817494696130231,5907.149115776374,0.0,0.5033633658560376,0.009389269406392694,0.00976027397260274,0.49686286766082044,0.0005707762557077625,,0,23150234.3087127,4,,0,0.0,4,timeout,none,4,0.0,-18.596684765607066,0.06371215481984233,0.00013193177170556236,1308.2554377640704,294.9595488538279,365.0,0.14747977442691398,6.25,0.10817494696130231,5907.149115776374,0.0,0.5033633658560376,0.009389269406392694,0.00976027397260274,0.49686286766082044,0.0005707762557077625,,0,23150234.3087127,4,,0,0.0,4,timeout,none,,,,,,,,,,,,,,,,,,,,,,
a8307c1703d5,my_pilot,max_thrust,hall_hermes,leo_geo_transfer,reference,3,max_thrust@hall_hermes,electric,50000,4,ok,False,3,best,return,0,61320,0,3.6400069802766666e-07,20.701939042999584,20.705061807000675,0.0,1.0211766490310765,255.29416225776913,0.0,0,3,4,700030000,900030000,0,False,True,False,4,0.0,21.720181930071607,2.5523413034028097,0.5521656390090446,4135.342004156865,1153.1224394057285,365.0,0.5765612197028642,950.25,16.145182781205186,2641.7035828765456,0.0,1.0,1.0,0.0,0.0,0.15114155251141553,,0,27698412.584075514,4,,0,0.0,4,timeout,thermal,4,0.0,21.720181930071607,2.5523413034028097,0.5521656390090446,4135.342004156865,1153.1224394057285,365.0,0.5765612197028642,950.25,16.145182781205186,2641.7035828765456,0.0,1.0,1.0,0.0,0.0,0.15114155251141553,,0,27698412.584075514,4,,0,0.0,4,timeout,thermal,4,0.0,21.720181930071607,2.5523413034028097,0.5521656390090446,4135.342004156865,1153.1224394057285,365.0,0.5765612197028642,950.25,16.145182781205186,2641.7035828765456,0.0,1.0,1.0,0.0,0.0,0.15114155251141553,,0,27698412.584075514,4,,0,0.0,4,timeout,thermal,,,,,,,,,,,,,,,,,,,,,,
e035d0d241c5,my_pilot,max_thrust,hall_hermes,leo_geo_transfer,reference,4,max_thrust@hall_hermes,electric,50000,4,ok,False,3,best,return,0,61320,0,3.499999365885742e-07,20.688385599000867,20.691486613999587,0.0,1.0397655778742774,259.94139446856934,0.0,0,3,4,700040000,900040000,0,False,True,False,4,0.0,22.249681733308893,2.4313579397125458,0.5598964594800002,4258.121991880022,1174.8840788465382,365.0,0.5874420394232691,696.75,11.152722622539919,2597.9638167783855,0.0,1.0,1.0,0.0,0.0,0.1153824200913242,,0,27813747.116517622,4,,0,0.0,4,timeout,thermal,4,0.0,22.249681733308893,2.4313579397125458,0.5598964594800002,4258.121991880022,1174.8840788465382,365.0,0.5874420394232691,696.75,11.152722622539919,2597.9638167783855,0.0,1.0,1.0,0.0,0.0,0.1153824200913242,,0,27813747.116517622,4,,0,0.0,4,timeout,thermal,4,0.0,22.249681733308893,2.4313579397125458,0.5598964594800002,4258.121991880022,1174.8840788465382,365.0,0.5874420394232691,696.75,11.152722622539919,2597.9638167783855,0.0,1.0,1.0,0.0,0.0,0.1153824200913242,,0,27813747.116517622,4,,0,0.0,4,timeout,thermal,,,,,,,,,,,,,,,,,,,,,,
e2a79f40b42f,my_pilot,max_thrust,hall_hermes,leo_geo_transfer,reference,5,max_thrust@hall_hermes,electric,50000,4,ok,False,3,best,return,0,61320,0,3.8400048651965335e-07,20.766379066998525,20.769572531999984,0.0,1.0490928119525051,262.2732029881263,0.0,0,3,4,700050000,900050000,0,False,True,False,4,0.0,22.366273606612637,1.654196858944213,0.559975667455895,4185.903435647826,1164.7637208323029,365.0,0.5823818604161515,946.25,14.784385218131904,2598.486946314333,0.0,1.0,1.0,0.0,0.0,0.16098744292237444,,0,27760110.221976962,4,,0,0.0,4,timeout,thermal,4,0.0,22.366273606612637,1.654196858944213,0.559975667455895,4185.903435647826,1164.7637208323029,365.0,0.5823818604161515,946.25,14.784385218131904,2598.486946314333,0.0,1.0,1.0,0.0,0.0,0.16098744292237444,,0,27760110.221976962,4,,0,0.0,4,timeout,thermal,4,0.0,22.366273606612637,1.654196858944213,0.559975667455895,4185.903435647826,1164.7637208323029,365.0,0.5823818604161515,946.25,14.784385218131904,2598.486946314333,0.0,1.0,1.0,0.0,0.0,0.16098744292237444,,0,27760110.221976962,4,,0,0.0,4,timeout,thermal,,,,,,,,,,,,,,,,,,,,,,
961c08f7c311,my_pilot,random,hall_hermes,leo_geo_transfer,reference,7,random@hall_hermes,electric,50000,4,ok,False,3,best,return,0,61320,0,4.4799980969401076e-07,30.24919753100039,30.25628622899967,0.0,1.091716301998531,272.92907549963275,0.0,0,3,4,700070000,900070000,0,False,True,False,4,0.0,-18.62321147417211,0.24320157549699115,0.0,1289.0445826606356,291.5361882154993,365.0,0.14576809410774966,4.0,0.0781426406163674,5914.601934277787,0.0,0.5031291752092574,0.009874429223744291,0.01021689497716895,0.4985897331264669,0.00022831050228310502,,0,23132090.83658707,4,,0,0.0,4,timeout,thermal,4,0.0,-18.62321147417211,0.24320157549699115,0.0,1289.0445826606356,291.5361882154993,365.0,0.14576809410774966,4.0,0.0781426406163674,5914.601934277787,0.0,0.5031291752092574,0.009874429223744291,0.01021689497716895,0.4985897331264669,0.00022831050228310502,,0,23132090.83658707,4,,0,0.0,4,timeout,thermal,4,0.0,-18.62321147417211,0.24320157549699115,0.0,1289.0445826606356,291.5361882154993,365.0,0.14576809410774966,4.0,0.0781426406163674,5914.601934277787,0.0,0.5031291752092574,0.009874429223744291,0.01021689497716895,0.4985897331264669,0.00022831050228310502,,0,23132090.83658707,4,,0,0.0,4,timeout,thermal,,,,,,,,,,,,,,,,,,,,,,
6f547d5a802e,my_pilot,max_thrust,hall_hermes,leo_geo_transfer,reference,6,max_thrust@hall_hermes,electric,50000,4,ok,False,3,best,return,0,61320,0,2.909991962951608e-07,20.75433498700022,20.75736758899984,0.0,1.0690678790670063,267.2669697667516,0.0,0,3,4,700060000,900060000,0,False,True,False,4,0.0,21.87548353681428,1.4873521631929585,0.5527420252576851,4148.330774839166,1153.0852476945247,365.0,0.5765426238472624,773.0,12.532184804576131,2638.426314738098,0.0,1.0,1.0,0.0,0.0,0.1312785388127854,,0,27698215.47169186,4,,0,0.0,4,timeout,thermal,4,0.0,21.87548353681428,1.4873521631929585,0.5527420252576851,4148.330774839166,1153.0852476945247,365.0,0.5765426238472624,773.0,12.532184804576131,2638.426314738098,0.0,1.0,1.0,0.0,0.0,0.1312785388127854,,0,27698215.47169186,4,,0,0.0,4,timeout,thermal,4,0.0,21.87548353681428,1.4873521631929585,0.5527420252576851,4148.330774839166,1153.0852476945247,365.0,0.5765426238472624,773.0,12.532184804576131,2638.426314738098,0.0,1.0,1.0,0.0,0.0,0.1312785388127854,,0,27698215.47169186,4,,0,0.0,4,timeout,thermal,,,,,,,,,,,,,,,,,,,,,,
410eb09368f0,my_pilot,max_thrust,hall_hermes,leo_geo_transfer,reference,7,max_thrust@hall_hermes,electric,50000,4,ok,False,3,best,return,0,61320,0,3.3699961932143196e-07,21.069410152000273,21.07279957299943,0.0,1.0523078899905158,263.07697249762896,0.0,0,3,4,700070000,900070000,0,False,True,False,4,0.0,20.7827458955218,2.4940897323450764,0.5385919614864785,4028.3491547502117,1128.2886727556008,365.0,0.5641443363778004,867.75,13.654303012958605,2722.9905147661,0.0,1.0,1.0,0.0,0.0,0.14529109589041098,,0,27566796.08187405,4,,0,0.0,4,timeout,thermal,4,0.0,20.7827458955218,2.4940897323450764,0.5385919614864785,4028.3491547502117,1128.2886727556008,365.0,0.5641443363778004,867.75,13.654303012958605,2722.9905147661,0.0,1.0,1.0,0.0,0.0,0.14529109589041098,,0,27566796.08187405,4,,0,0.0,4,timeout,thermal,4,0.0,20.7827458955218,2.4940897323450764,0.5385919614864785,4028.3491547502117,1128.2886727556008,365.0,0.5641443363778004,867.75,13.654303012958605,2722.9905147661,0.0,1.0,1.0,0.0,0.0,0.14529109589041098,,0,27566796.08187405,4,,0,0.0,4,timeout,thermal,,,,,,,,,,,,,,,,,,,,,,
362b50314381,my_pilot,prograde,hall_hermes,leo_geo_transfer,reference,3,prograde@hall_hermes,electric,50000,4,ok,False,3,best,return,0,61320,0,2.879996827687137e-07,23.257935794999867,23.26081320999947,0.0,1.0436928809940582,260.92322024851455,0.0,0,3,4,700030000,900030000,0,False,True,False,4,0.0,22.97176502990737,4.373766645425338,0.4296025910870641,3023.9894053021753,638.9438439486873,365.0,0.31947192197434365,671.75,11.186297093777846,3364.7090670382568,0.0,1.0,1.0,0.0,0.5,0.11318493150684932,,0,24973316.98362337,4,,0,0.0,4,timeout,thermal,4,0.0,22.97176502990737,4.373766645425338,0.4296025910870641,3023.9894053021753,638.9438439486873,365.0,0.31947192197434365,671.75,11.186297093777846,3364.7090670382568,0.0,1.0,1.0,0.0,0.5,0.11318493150684932,,0,24973316.98362337,4,,0,0.0,4,timeout,thermal,4,0.0,22.97176502990737,4.373766645425338,0.4296025910870641,3023.9894053021753,638.9438439486873,365.0,0.31947192197434365,671.75,11.186297093777846,3364.7090670382568,0.0,1.0,1.0,0.0,0.5,0.11318493150684932,,0,24973316.98362337,4,,0,0.0,4,timeout,thermal,,,,,,,,,,,,,,,,,,,,,,
95444aa61c18,my_pilot,prograde,hall_hermes,leo_geo_transfer,reference,4,prograde@hall_hermes,electric,50000,4,ok,False,3,best,return,0,61320,0,5.519996193470433e-07,22.578985842998918,22.58200060499985,0.0,1.0204730429604751,255.11826074011879,0.0,0,3,4,700040000,900040000,0,False,True,False,4,0.0,23.903264226049664,3.4402065171213168,0.43763189620400966,3117.9608963785045,649.9708173693831,365.0,0.32498540868469156,330.0,4.85207744637203,3319.640160488631,0.0,1.0,1.0,0.0,0.5,0.05542237442922374,,0,25031758.849972025,4,,0,0.0,4,timeout,thermal,4,0.0,23.903264226049664,3.4402065171213168,0.43763189620400966,3117.9608963785045,649.9708173693831,365.0,0.32498540868469156,330.0,4.85207744637203,3319.640160488631,0.0,1.0,1.0,0.0,0.5,0.05542237442922374,,0,25031758.849972025,4,,0,0.0,4,timeout,thermal,4,0.0,23.903264226049664,3.4402065171213168,0.43763189620400966,3117.9608963785045,649.9708173693831,365.0,0.32498540868469156,330.0,4.85207744637203,3319.640160488631,0.0,1.0,1.0,0.0,0.5,0.05542237442922374,,0,25031758.849972025,4,,0,0.0,4,timeout,thermal,,,,,,,,,,,,,,,,,,,,,,
20058da4e2b1,my_pilot,prograde,hall_hermes,leo_geo_transfer,reference,5,prograde@hall_hermes,electric,50000,4,ok,False,3,best,return,0,61320,0,2.890001269406639e-07,22.98286968299999,22.985957095999765,0.0,1.0359067228782806,258.97668071957014,0.0,0,3,4,700050000,900050000,0,False,True,False,4,0.0,24.26883096335589,3.0339094615348405,0.4432849183371921,3104.2367728682852,653.9634496669298,365.0,0.326981724833465,654.25,10.117425248066397,3287.5853069798595,0.0,1.0,1.0,0.0,0.5,0.10368150684931506,,0,25052919.40547628,4,,0,0.0,4,timeout,thermal,4,0.0,24.26883096335589,3.0339094615348405,0.4432849183371921,3104.2367728682852,653.9634496669298,365.0,0.326981724833465,654.25,10.117425248066397,3287.5853069798595,0.0,1.0,1.0,0.0,0.5,0.10368150684931506,,0,25052919.40547628,4,,0,0.0,4,timeout,thermal,4,0.0,24.26883096335589,3.0339094615348405,0.4432849183371921,3104.2367728682852,653.9634496669298,365.0,0.326981724833465,654.25,10.117425248066397,3287.5853069798595,0.0,1.0,1.0,0.0,0.5,0.10368150684931506,,0,25052919.40547628,4,,0,0.0,4,timeout,thermal,,,,,,,,,,,,,,,,,,,,,,
ecea5c53978a,my_pilot,prograde,hall_hermes,leo_geo_transfer,reference,6,prograde@hall_hermes,electric,50000,4,ok,False,3,best,return,0,61320,0,3.7799964047735557e-07,23.32723317700038,23.33021711800029,0.0,1.0462340691146892,261.5585172786723,0.0,0,3,4,700060000,900060000,0,False,True,False,4,0.0,23.376456744134657,1.8712576032552146,0.4329599066112465,3063.300606166988,643.6732090058752,365.0,0.32183660450293755,460.25,7.332466990538489,3345.033008701381,0.0,1.0,1.0,0.0,0.5,0.06934931506849315,,0,24998382.14974297,4,,0,0.0,4,timeout,thermal,4,0.0,23.376456744134657,1.8712576032552146,0.4329599066112465,3063.300606166988,643.6732090058752,365.0,0.32183660450293755,460.25,7.332466990538489,3345.033008701381,0.0,1.0,1.0,0.0,0.5,0.06934931506849315,,0,24998382.14974297,4,,0,0.0,4,timeout,thermal,4,0.0,23.376456744134657,1.8712576032552146,0.4329599066112465,3063.300606166988,643.6732090058752,365.0,0.32183660450293755,460.25,7.332466990538489,3345.033008701381,0.0,1.0,1.0,0.0,0.5,0.06934931506849315,,0,24998382.14974297,4,,0,0.0,4,timeout,thermal,,,,,,,,,,,,,,,,,,,,,,
115ff9bc442c,my_pilot,prograde,hall_hermes,leo_geo_transfer,reference,7,prograde@hall_hermes,electric,50000,4,ok,False,3,best,return,0,61320,0,3.4000004234258085e-07,23.078231518999928,23.08118805199956,0.0,1.0315902080446904,257.8975520111726,0.0,0,3,4,700070000,900070000,0,False,True,False,4,0.0,22.046541818537975,3.8893587006358423,0.4197961762510658,2961.3985663637095,628.2576800061759,365.0,0.31412884000308794,609.5,10.128008290289218,3424.056345111553,0.0,1.0,1.0,0.0,0.5,0.09286529680365298,,0,24916681.373734623,4,,0,0.0,4,timeout,thermal,4,0.0,22.046541818537975,3.8893587006358423,0.4197961762510658,2961.3985663637095,628.2576800061759,365.0,0.31412884000308794,609.5,10.128008290289218,3424.056345111553,0.0,1.0,1.0,0.0,0.5,0.09286529680365298,,0,24916681.373734623,4,,0,0.0,4,timeout,thermal,4,0.0,22.046541818537975,3.8893587006358423,0.4197961762510658,2961.3985663637095,628.2576800061759,365.0,0.31412884000308794,609.5,10.128008290289218,3424.056345111553,0.0,1.0,1.0,0.0,0.5,0.09286529680365298,,0,24916681.373734623,4,,0,0.0,4,timeout,thermal,,,,,,,,,,,,,,,,,,,,,,
be76796acb12,my_pilot,edelbaum,hall_hermes,leo_geo_transfer,reference,3,edelbaum@hall_hermes,electric,50000,4,ok,False,3,best,return,0,61320,0,4.410003384691663e-07,24.076742702000047,24.079719495999598,0.0,1.1862877040148305,296.57192600370763,0.0,0,3,4,700030000,900030000,0,False,True,False,4,0.0,21.671911914112385,6.94605684518738,0.40719644170792924,2867.410083586009,570.026056363022,365.0,0.285013028181511,1141.25,8.073014537471161,3496.8247599513134,0.0,1.0,1.0,0.0,0.6499999761581421,0.07893835616438356,,0,24608059.539221868,4,,0,0.0,4,timeout,thermal,4,0.0,21.671911914112385,6.94605684518738,0.40719644170792924,2867.410083586009,570.026056363022,365.0,0.285013028181511,1141.25,8.073014537471161,3496.8247599513134,0.0,1.0,1.0,0.0,0.6499999761581421,0.07893835616438356,,0,24608059.539221868,4,,0,0.0,4,timeout,thermal,4,0.0,21.671911914112385,6.94605684518738,0.40719644170792924,2867.410083586009,570.026056363022,365.0,0.285013028181511,1141.25,8.073014537471161,3496.8247599513134,0.0,1.0,1.0,0.0,0.6499999761581421,0.07893835616438356,,0,24608059.539221868,4,,0,0.0,4,timeout,thermal,,,,,,,,,,,,,,,,,,,,,,
a0bc503b2aed,my_pilot,edelbaum,hall_hermes,leo_geo_transfer,reference,4,edelbaum@hall_hermes,electric,50000,4,ok,False,3,best,return,0,61320,0,3.5199991543777287e-07,24.175836064000578,24.179312729999765,0.0,1.1962668869782647,299.06672174456617,0.0,0,3,4,700040000,900040000,0,False,True,False,4,0.0,23.73156891677724,4.448390871200675,0.4186563084226378,2954.2774780301434,579.5122987194368,365.0,0.2897561493597184,650.75,2.2651820756568286,3431.7102542572034,0.0,1.0,1.0,0.0,0.6499999761581421,0.026284246575342465,,0,24658335.683617394,4,,0,0.0,4,timeout,thermal,4,0.0,23.73156891677724,4.448390871200675,0.4186563084226378,2954.2774780301434,579.5122987194368,365.0,0.2897561493597184,650.75,2.2651820756568286,3431.7102542572034,0.0,1.0,1.0,0.0,0.6499999761581421,0.026284246575342465,,0,24658335.683617394,4,,0,0.0,4,timeout,thermal,4,0.0,23.73156891677724,4.448390871200675,0.4186563084226378,2954.2774780301434,579.5122987194368,365.0,0.2897561493597184,650.75,2.2651820756568286,3431.7102542572034,0.0,1.0,1.0,0.0,0.6499999761581421,0.026284246575342465,,0,24658335.683617394,4,,0,0.0,4,timeout,thermal,,,,,,,,,,,,,,,,,,,,,,
c03101e65218,my_pilot,edelbaum,hall_hermes,leo_geo_transfer,reference,5,edelbaum@hall_hermes,electric,50000,4,ok,False,3,best,return,0,61320,0,4.599996827892028e-07,24.354416046999177,24.363411755000016,0.0,1.2036626090866775,300.9156522716694,0.0,0,3,4,700050000,900050000,0,False,True,False,4,0.0,23.829422240612452,4.496271640312611,0.4196540494558625,2939.0047774134173,582.6027688336727,365.0,0.29130138441683634,616.75,6.57533294465977,3427.138002973149,0.0,1.0,1.0,0.0,0.6499999761581421,0.08287671232876712,,0,24674714.868955027,4,,0,0.0,4,timeout,thermal,4,0.0,23.829422240612452,4.496271640312611,0.4196540494558625,2939.0047774134173,582.6027688336727,365.0,0.29130138441683634,616.75,6.57533294465977,3427.138002973149,0.0,1.0,1.0,0.0,0.6499999761581421,0.08287671232876712,,0,24674714.868955027,4,,0,0.0,4,timeout,thermal,4,0.0,23.829422240612452,4.496271640312611,0.4196540494558625,2939.0047774134173,582.6027688336727,365.0,0.29130138441683634,616.75,6.57533294465977,3427.138002973149,0.0,1.0,1.0,0.0,0.6499999761581421,0.08287671232876712,,0,24674714.868955027,4,,0,0.0,4,timeout,thermal,,,,,,,,,,,,,,,,,,,,,,
259490c39fdb,my_pilot,edelbaum,hall_hermes,leo_geo_transfer,reference,6,edelbaum@hall_hermes,electric,50000,4,ok,False,3,best,return,0,61320,0,3.0699993658345193e-07,24.233594816999357,24.236828078000144,0.0,1.1993392050108014,299.83480125270034,0.0,0,3,4,700060000,900060000,0,False,True,False,4,0.0,23.052120309986158,2.5558881309290946,0.4115793868752555,2896.074080321749,572.6085406988882,365.0,0.2863042703494441,570.25,4.030074849432308,3471.1785367766483,0.0,1.0,1.0,0.0,0.6499999761581421,0.0464041095890411,,0,24621746.450275898,4,,0,0.0,4,timeout,thermal,4,0.0,23.052120309986158,2.5558881309290946,0.4115793868752555,2896.074080321749,572.6085406988882,365.0,0.2863042703494441,570.25,4.030074849432308,3471.1785367766483,0.0,1.0,1.0,0.0,0.6499999761581421,0.0464041095890411,,0,24621746.450275898,4,,0,0.0,4,timeout,thermal,4,0.0,23.052120309986158,2.5558881309290946,0.4115793868752555,2896.074080321749,572.6085406988882,365.0,0.2863042703494441,570.25,4.030074849432308,3471.1785367766483,0.0,1.0,1.0,0.0,0.6499999761581421,0.0464041095890411,,0,24621746.450275898,4,,0,0.0,4,timeout,thermal,,,,,,,,,,,,,,,,,,,,,,
430b62fa47e2,my_pilot,edelbaum,hall_hermes,leo_geo_transfer,reference,7,edelbaum@hall_hermes,electric,50000,4,ok,False,3,best,return,0,61320,0,3.390005076653324e-07,24.672469297001044,24.67570850700031,0.0,1.2434330728883651,310.8582682220913,0.0,0,3,4,700070000,900070000,0,False,True,False,4,0.0,20.57182571915349,5.372931866059266,0.393886333108452,2797.874839162393,558.5341065027312,365.0,0.27926705325136564,994.75,7.270563760005264,3576.9690588810417,0.0,1.0,1.0,0.0,0.6499999761581421,0.07331621004566209,,0,24547153.34382286,4,,0,0.0,4,timeout,thermal,4,0.0,20.57182571915349,5.372931866059266,0.393886333108452,2797.874839162393,558.5341065027312,365.0,0.27926705325136564,994.75,7.270563760005264,3576.9690588810417,0.0,1.0,1.0,0.0,0.6499999761581421,0.07331621004566209,,0,24547153.34382286,4,,0,0.0,4,timeout,thermal,4,0.0,20.57182571915349,5.372931866059266,0.393886333108452,2797.874839162393,558.5341065027312,365.0,0.27926705325136564,994.75,7.270563760005264,3576.9690588810417,0.0,1.0,1.0,0.0,0.6499999761581421,0.07331621004566209,,0,24547153.34382286,4,,0,0.0,4,timeout,thermal,,,,,,,,,,,,,,,,,,,,,,
c9d2d55627b6,my_pilot,ppo,hall_hermes,leo_geo_transfer,reference,3,ppo@hall_hermes,electric,50000,4,ok,True,3,best,return,50000,280320,50000,161.59072736300004,160.17197232000035,215.42962585500027,0.022668481999971846,14.18931299174892,0.28376355875027837,0.0,152075,3,4,700030000,900030000,0,True,True,False,4,0.0,4.082172779643681,1.0275420370571364,0.22896155014398356,1533.0458748183248,328.31593569743677,365.0,0.1641579678487184,1364.5,0.0,4548.456957619476,0.0,0.4970630167536948,0.0,0.0,0.5026737404502418,0.0,,0,23327019.8533418,4,,0,0.0,4,timeout,none,4,0.0,-11.859992832869075,0.2359316325519166,0.011986437255469273,208.41349110921115,41.91114587492065,365.0,0.056935,0.0,0.0,5828.3846345108805,0.0,0.21652261225089908,0.005622146118721461,0.3342751141552512,0.7143734745196487,0.0,,0,21809102.850203987,4,,0,0.0,4,timeout,none,4,0.0,4.082172779643681,1.0275420370571364,0.22896155014398356,1533.0458748183248,328.31593569743677,365.0,0.1641579678487184,1364.5,0.0,4548.456957619476,0.0,0.4970630167536948,0.0,0.0,0.5026737404502418,0.0,,0,23327019.8533418,4,,0,0.0,4,timeout,none,,-0.019039511159644463,0.002490487388058682,6.282359175384045,0.014935720930225216,0.21708984375,0.9142175912857056,10.0,0.0,0.0,24.0,49152.0,-0.16768422722816467,,,,,,,,,
89c7b6eac98a,my_pilot,ppo,hall_hermes,leo_geo_transfer,reference,4,ppo@hall_hermes,electric,50000,4,ok,True,3,best,return,50000,280320,50000,162.9925904369993,161.99236313999882,218.0968045540003,0.023450041999240057,14.552171416116835,0.29102014671059984,0.0,152075,3,4,700040000,900040000,0,True,True,False,4,0.0,3.8633101893413686,1.136171223754794,0.2228799789674782,1490.9611385024884,314.91487127755136,365.0,0.15745743563877568,1342.0,0.0,4587.414109998457,0.0,0.4970810636333679,0.0,0.0,0.5026542503369726,0.0,,0,23255995.539971568,4,,0,0.0,4,timeout,none,4,0.0,-11.75471249185243,0.2959281414154208,0.008996799983525067,95.85404457630821,19.342217138012558,365.0,0.05876500000000001,0.0,0.0,5849.804800109701,0.0,0.21364867086330913,0.0014269406392694063,0.31609589041095887,0.664136116356338,0.0,,0,21689489.76449551,4,,0,0.0,4,timeout,none,4,0.0,3.8633101893413686,1.136171223754794,0.2228799789674782,1490.9611385024884,314.91487127755136,365.0,0.15745743563877568,1342.0,0.0,4587.414109998457,0.0,0.4970810636333679,0.0,0.0,0.5026542503369726,0.0,,0,23255995.539971568,4,,0,0.0,4,timeout,none,,-0.016203796879563016,0.004346409990466782,6.1767864808440205,0.016508092955336905,0.2349609375,0.38432323932647705,10.0,0.0,0.0,24.0,49152.0,-0.19272282719612122,,,,,,,,,
22379d2b46d8,my_pilot,ppo,hall_hermes,leo_geo_transfer,reference,5,ppo@hall_hermes,electric,50000,4,ok,True,3,best,return,50000,280320,50000,165.49078213400026,167.5210512649992,223.3434226899999,0.023313530002269545,14.14879269177709,0.2829532175781355,0.0,152075,3,4,700050000,900050000,0,True,True,False,4,0.0,4.293658683334811,0.7757692000396607,0.23156656251405514,1561.492108814549,333.18487042004125,365.0,0.1665924352100206,1363.25,0.0,4537.842608019739,0.0,0.4969826849254027,0.0,0.0,0.5025633851295873,0.0,,0,23352824.724856652,4,,0,0.0,4,timeout,none,4,0.0,-10.835634902749234,1.0654312259598258,0.02998413504025285,324.24259411115963,70.3563077160902,365.0,0.1112,0.0,0.0,5728.277865287404,0.0,0.22799617159244132,0.0,0.040924657534246574,0.44412351640953457,0.0,,0,21959859.3890261,4,,0,0.0,4,timeout,none,4,0.0,4.293658683334811,0.7757692000396607,0.23156656251405514,1561.492108814549,333.18487042004125,365.0,0.1665924352100206,1363.25,0.0,4537.842608019739,0.0,0.4969826849254027,0.0,0.0,0.5025633851295873,0.0,,0,23352824.724856652,4,,0,0.0,4,timeout,none,,-0.018645879306131975,0.0001753828222717857,6.491496957838535,0.015244857151992619,0.222705078125,0.9140263795852661,10.0,0.0,0.0,24.0,49152.0,-0.11894525587558746,,,,,,,,,
2c90fd515ea7,my_pilot,ppo,hall_hermes,leo_geo_transfer,reference,6,ppo@hall_hermes,electric,50000,4,ok,True,3,best,return,50000,280320,50000,164.50404377999985,164.63833669599808,221.1880154720002,0.023836452999603353,14.70556088003741,0.2940876905855014,0.0,152075,3,4,700060000,900060000,0,True,True,False,4,0.0,3.627971205069604,0.854983347536573,0.22038239839713936,1478.0178695138873,314.60749083581373,365.0,0.15730374541790687,1316.25,0.0,4598.865112801417,0.0,0.49712489293845685,0.0,0.0,0.5027397608784235,0.0,,0,23254366.45409198,4,,0,0.0,4,timeout,none,4,0.0,-4.326944115084653,1.561247242268917,0.11203962492748193,1144.927403817141,234.39983730206598,365.0,0.12280972145731436,0.0,0.0,5237.988482905031,0.0,0.46247987348977565,0.0,0.0,0.5696691016994042,0.0,,0,22829273.838999514,4,,0,0.0,4,timeout,none,4,0.0,3.627971205069604,0.854983347536573,0.22038239839713936,1478.0178695138873,314.60749083581373,365.0,0.15730374541790687,1316.25,0.0,4598.865112801417,0.0,0.49712489293845685,0.0,0.0,0.5027397608784235,0.0,,0,23254366.45409198,4,,0,0.0,4,timeout,none,,-0.016466472094180062,0.010853479392972076,6.646120634675026,0.017530970365623944,0.245361328125,0.6973919868469238,10.0,0.0,0.0,24.0,49152.0,-0.08801531046628952,,,,,,,,,
23fb6ebb4e62,my_pilot,ppo,hall_hermes,leo_geo_transfer,reference,7,ppo@hall_hermes,electric,50000,4,ok,True,3,best,return,50000,280320,50000,160.5445358219995,162.04114725199906,216.93602222200025,0.02375950500027102,14.59795004501757,0.2919356460486675,0.0,152075,3,4,700070000,900070000,0,True,True,False,4,0.0,3.587897741616212,1.2233419481791623,0.22347505397783599,1501.0241612684863,322.44057687573127,365.0,0.16122028843786562,1347.25,0.0,4582.68896015367,0.0,0.4970864265357659,0.0,0.0,0.502711622782698,0.0,,0,23295881.03383906,4,,0,0.0,4,timeout,none,4,0.0,-10.906524559481383,1.013374137725775,0.021464033438067714,186.38382856305753,41.34679019624399,365.0,0.070865,0.0,0.0,5774.94719326559,0.0,0.17161885914924346,0.0,0.25368150684931506,0.40718530414872656,0.0,,0,21806111.821035057,4,,0,0.0,4,timeout,none,4,0.0,3.587897741616212,1.2233419481791623,0.22347505397783599,1501.0241612684863,322.44057687573127,365.0,0.16122028843786562,1347.25,0.0,4582.68896015367,0.0,0.4970864265357659,0.0,0.0,0.502711622782698,0.0,,0,23295881.03383906,4,,0,0.0,4,timeout,none,,-0.016041623352793976,0.0021061028392068692,6.206496061384678,0.016018144917325117,0.2244140625,0.8596758842468262,10.0,0.0,0.0,24.0,49152.0,-0.1821805238723755,,,,,,,,,
d3b3d06d8624,my_pilot,sac,hall_hermes,leo_geo_transfer,reference,4,sac@hall_hermes,electric,50000,4,ok,True,3,best,return,50000,234251,50000,522.4414331500002,125.09045671699823,566.8731581000002,409.2807774040002,7.766544684082874,0.15531846820420114,0.0,231437,3,4,700040000,900040000,0,True,True,False,4,0.0,3.8469711256945907,1.107268783669075,0.2235190835814252,1499.6265674481792,317.02613660149996,365.0,0.15851306830074996,1351.25,0.0,4583.63174689625,0.0,0.5009317177403123,0.0,0.0,0.5014006128254003,0.0,,0,23267185.03696058,4,,0,0.0,4,timeout,none,4,0.0,-75.81702291444827,36.82830916430721,0.0,1322.1493268078243,285.22267364219437,305.6041666666667,0.14261133682109717,78.25,1.457661038591334,6079.7264450017,0.0,0.5476704967974634,0.07282568731123916,0.04773225206281263,0.5330205269342609,0.0007404367947093697,,0,20417181.26001083,4,,0,0.0,4,safety_violation,thermal,4,0.0,3.8469711256945907,1.107268783669075,0.2235190835814252,1499.6265674481792,317.02613660149996,365.0,0.15851306830074996,1351.25,0.0,4583.63174689625,0.0,0.5009317177403123,0.0,0.0,0.5014006128254003,0.0,,0,23267185.03696058,4,,0,0.0,4,timeout,none,,,,-5.453085422515869,,,,,,,50000.0,50000.0,,3.530182361602783,-432.2731628417969,-0.0957593247294426,428.52996826171875,428.56951904296875,429.0084228515625,0.21135979890823364,50000.0,0.0
ad6242bf0ed5,my_pilot,sac,hall_hermes,leo_geo_transfer,reference,3,sac@hall_hermes,electric,50000,4,ok,True,3,best,return,50000,267562,50000,525.6186013500001,143.81966723300047,576.7356374780002,400.94805891800024,8.134685818902653,0.16268070192189932,0.0,231437,3,4,700030000,900030000,0,True,True,False,4,0.0,4.085899237737318,0.9134591407739705,0.2299140092346215,1543.1328416575068,330.77306817779976,365.0,0.16538653408889986,1375.25,0.0,4542.827601601194,0.0,0.5009137189449513,0.0,0.0,0.5014285509138618,0.0,,0,23340042.411984116,4,,0,0.0,4,timeout,none,4,0.0,-11.472578878017206,2.185095689846366,0.049789817645173845,915.8366687826956,214.4915986826093,365.0,0.12195061373857777,54.25,1.3976278565062028,5605.428874450563,0.0,0.37668049223210714,0.01840753424657534,0.09192351598173515,0.507882241402927,0.0045947488584474885,,0,22723762.14723722,4,,0,0.0,4,timeout,thermal,4,0.0,4.085899237737318,0.9134591407739705,0.2299140092346215,1543.1328416575068,330.77306817779976,365.0,0.16538653408889986,1375.25,0.0,4542.827601601194,0.0,0.5009137189449513,0.0,0.0,0.5014285509138618,0.0,,0,23340042.411984116,4,,0,0.0,4,timeout,none,,,,-5.189988613128662,,,,,,,50000.0,50000.0,,0.00013075448805466294,-1.5524078607559204,-0.00010420074977446347,1.5280147790908813,1.5262798070907593,1.5272561311721802,0.0005484532448463142,50000.0,0.0
55d0cadb1d75,my_pilot,sac,hall_hermes,leo_geo_transfer,reference,2,sac@hall_hermes,electric,50000,4,ok,True,3,best,return,50000,275510,50000,537.8829854579999,148.51510712299932,590.3882302960001,410.2984521239987,7.998564677992363,0.15995849688009683,0.0,231437,3,4,700020000,900020000,0,True,True,False,4,0.0,4.142872001315683,1.2401968278221445,0.2301490695253257,1547.2367961104492,329.83490812856155,365.0,0.16491745406428077,1381.5,0.0,4543.056378761514,0.0,0.5008817594566438,0.0,0.0,0.5013873295135558,0.0,,0,23335070.256695494,4,,0,0.0,4,timeout,none,4,0.0,-15.19301258955981,0.8844961822195246,0.0,424.97425444845777,88.69621905206144,365.0,0.110305,0.0,0.0,5934.374380710325,0.0,0.2369323224518193,0.015039954337899543,0.14937214611872146,0.600358661052401,0.0,,0,22057059.10160829,4,,0,0.0,4,timeout,none,4,0.0,4.142872001315683,1.2401968278221445,0.2301490695253257,1547.2367961104492,329.83490812856155,365.0,0.16491745406428077,1381.5,0.0,4543.056378761514,0.0,0.5008817594566438,0.0,0.0,0.5013873295135558,0.0,,0,23335070.256695494,4,,0,0.0,4,timeout,none,,,,-4.952352523803711,,,,,,,50000.0,50000.0,,0.5367253422737122,-134.00233459472656,0.0031329907942563295,133.20663452148438,133.06813049316406,132.97557067871094,0.06575654447078705,50000.0,0.0
0d9914eea7f2,my_pilot,random,hall_spt100,leo_geo_transfer,reference,0,random@hall_spt100,electric,50000,4,ok,False,3,best,return,0,61320,0,3.2799925975268707e-07,35.00084708900067,35.003820642999926,0.0,1.1078521128838474,276.96302822096186,0.0,0,3,4,700000000,900000000,0,False,True,False,4,0.0,-22.030788292697295,0.20949081417701393,0.0,139.89833757644126,49.49452386663079,365.0,0.9105833333333333,0.0,0.0,5907.061332742856,0.0,0.4990510921576592,0.009845890410958905,0.010331050228310502,0.5026056818442938,0.3094178082191781,,0,17283990.716975465,4,,0,0.0,4,timeout,power,4,0.0,-22.030788292697295,0.20949081417701393,0.0,139.89833757644126,49.49452386663079,365.0,0.9105833333333333,0.0,0.0,5907.061332742856,0.0,0.4990510921576592,0.009845890410958905,0.010331050228310502,0.5026056818442938,0.3094178082191781,,0,17283990.716975465,4,,0,0.0,4,timeout,power,4,0.0,-22.030788292697295,0.20949081417701393,0.0,139.89833757644126,49.49452386663079,365.0,0.9105833333333333,0.0,0.0,5907.061332742856,0.0,0.4990510921576592,0.009845890410958905,0.010331050228310502,0.5026056818442938,0.3094178082191781,,0,17283990.716975465,4,,0,0.0,4,timeout,power,,,,,,,,,,,,,,,,,,,,,,
c45bd3a88e8a,my_pilot,random,hall_spt100,leo_geo_transfer,reference,1,random@hall_spt100,electric,50000,4,ok,False,3,best,return,0,61320,0,3.5199991543777287e-07,34.33362551200025,34.33657656399919,0.0,1.1184337419163057,279.60843547907643,0.0,0,3,4,700010000,900010000,0,False,True,False,4,0.0,-21.96402642159704,0.1753840420167493,0.0,140.90286351955532,48.96885339806372,365.0,0.9056388888888889,0.0,0.0,5906.595896319881,0.0,0.49702141743204364,0.009018264840182647,0.009646118721461186,0.5003883061930537,0.3089326484018265,,0,17281204.715586387,4,,0,0.0,4,timeout,power,4,0.0,-21.96402642159704,0.1753840420167493,0.0,140.90286351955532,48.96885339806372,365.0,0.9056388888888889,0.0,0.0,5906.595896319881,0.0,0.49702141743204364,0.009018264840182647,0.009646118721461186,0.5003883061930537,0.3089326484018265,,0,17281204.715586387,4,,0,0.0,4,timeout,power,4,0.0,-21.96402642159704,0.1753840420167493,0.0,140.90286351955532,48.96885339806372,365.0,0.9056388888888889,0.0,0.0,5906.595896319881,0.0,0.49702141743204364,0.009018264840182647,0.009646118721461186,0.5003883061930537,0.3089326484018265,,0,17281204.715586387,4,,0,0.0,4,timeout,power,,,,,,,,,,,,,,,,,,,,,,
546ee02a73f4,my_pilot,random,hall_spt100,leo_geo_transfer,reference,2,random@hall_spt100,electric,50000,4,ok,False,3,best,return,0,61320,0,3.049990482395515e-07,33.83465874099784,33.8374334529999,0.0,1.1202199079834827,280.0549769958707,0.0,0,3,4,700020000,900020000,0,False,True,False,4,0.0,-22.111346447536864,0.2535590009968086,0.0,140.78100840523763,49.839539067532414,365.0,0.9168888888888889,0.0,0.0,5906.6366501985485,0.0,0.5008933161330074,0.010302511415525115,0.009474885844748857,0.5028410139370318,0.31058789954337895,,0,17285819.26334899,4,,0,0.0,4,timeout,power,4,0.0,-22.111346447536864,0.2535590009968086,0.0,140.78100840523763,49.839539067532414,365.0,0.9168888888888889,0.0,0.0,5906.6366501985485,0.0,0.5008933161330074,0.010302511415525115,0.009474885844748857,0.5028410139370318,0.31058789954337895,,0,17285819.26334899,4,,0,0.0,4,timeout,power,4,0.0,-22.111346447536864,0.2535590009968086,0.0,140.78100840523763,49.839539067532414,365.0,0.9168888888888889,0.0,0.0,5906.6366501985485,0.0,0.5008933161330074,0.010302511415525115,0.009474885844748857,0.5028410139370318,0.31058789954337895,,0,17285819.26334899,4,,0,0.0,4,timeout,power,,,,,,,,,,,,,,,,,,,,,,
5b6c60042044,my_pilot,random,hall_spt100,leo_geo_transfer,reference,3,random@hall_spt100,electric,50000,4,ok,False,3,best,return,0,61320,0,4.83998519484885e-07,34.3632675129993,34.366171828000006,0.0,1.106528735906977,276.6321839767443,0.0,0,3,4,700030000,900030000,0,False,True,False,4,0.0,-22.14508867898418,0.21147510498641345,0.0,140.0420562572083,49.89414548382118,365.0,0.9206388888888889,0.0,0.0,5903.708973110285,0.0,0.49886282033980167,0.009389269406392694,0.00990296803652968,0.4987573388521666,0.3129566210045662,,0,17286108.671943787,4,,0,0.0,4,timeout,power,4,0.0,-22.14508867898418,0.21147510498641345,0.0,140.0420562572083,49.89414548382118,365.0,0.9206388888888889,0.0,0.0,5903.708973110285,0.0,0.49886282033980167,0.009389269406392694,0.00990296803652968,0.4987573388521666,0.3129566210045662,,0,17286108.671943787,4,,0,0.0,4,timeout,power,4,0.0,-22.14508867898418,0.21147510498641345,0.0,140.0420562572083,49.89414548382118,365.0,0.9206388888888889,0.0,0.0,5903.708973110285,0.0,0.49886282033980167,0.009389269406392694,0.00990296803652968,0.4987573388521666,0.3129566210045662,,0,17286108.671943787,4,,0,0.0,4,timeout,power,,,,,,,,,,,,,,,,,,,,,,
1cb2fabd943e,my_pilot,random,hall_spt100,leo_geo_transfer,reference,4,random@hall_spt100,electric,50000,4,ok,False,3,best,return,0,61320,0,5.470010364660993e-07,34.57216258199878,34.57512335899992,0.0,1.0961052071270387,274.0263017817597,0.0,0,3,4,700040000,900040000,0,False,True,False,4,0.0,-21.95238260007484,0.19048106405440726,0.0,140.52432949296343,49.30881075399547,365.0,0.9024166666666666,0.0,0.0,5909.414359809293,0.0,0.5025645898119226,0.011101598173515984,0.009674657534246575,0.5008252472842121,0.3064497716894977,,0,17283006.455882806,4,,0,0.0,4,timeout,power,4,0.0,-21.95238260007484,0.19048106405440726,0.0,140.52432949296343,49.30881075399547,365.0,0.9024166666666666,0.0,0.0,5909.414359809293,0.0,0.5025645898119226,0.011101598173515984,0.009674657534246575,0.5008252472842121,0.3064497716894977,,0,17283006.455882806,4,,0,0.0,4,timeout,power,4,0.0,-21.95238260007484,0.19048106405440726,0.0,140.52432949296343,49.30881075399547,365.0,0.9024166666666666,0.0,0.0,5909.414359809293,0.0,0.5025645898119226,0.011101598173515984,0.009674657534246575,0.5008252472842121,0.3064497716894977,,0,17283006.455882806,4,,0,0.0,4,timeout,power,,,,,,,,,,,,,,,,,,,,,,
b2dd3fd9ede7,my_pilot,sac,hall_hermes,leo_geo_transfer,reference,5,sac@hall_hermes,electric,50000,4,ok,True,3,best,return,50000,225338,50000,517.3403444199994,119.30002368499754,558.8692811170004,408.3897908100025,6.952993951065764,0.13904875512090561,0.0,231437,3,4,700050000,900050000,0,True,True,False,4,0.0,4.409748792445292,0.7749928084826152,0.23413238916514992,1579.2051484800577,337.2204932295566,365.0,0.1686102466147783,1384.75,0.0,4522.686899295747,0.0,0.50083917354544,0.0,0.0,0.5013627185277878,0.0,,0,23374213.12581395,4,,0,0.0,4,timeout,none,4,0.0,-50.25627196680174,38.83119438013415,0.0,692.9248892979523,154.0620436158453,236.83333333333331,0.08297479602992915,59.25,1.5851895965311655,5990.600352491562,0.0,0.5220285186630731,0.058370247113250784,0.03798799926078218,0.559682462677773,0.00017580872011251758,,0,16625659.712205753,4,,0,0.0,4,timeout,none,4,0.0,4.409748792445292,0.7749928084826152,0.23413238916514992,1579.2051484800577,337.2204932295566,365.0,0.1686102466147783,1384.75,0.0,4522.686899295747,0.0,0.50083917354544,0.0,0.0,0.5013627185277878,0.0,,0,23374213.12581395,4,,0,0.0,4,timeout,none,,,,-4.811661243438721,,,,,,,50000.0,50000.0,,0.08732390403747559,-61.41172790527344,0.0056143710389733315,61.04512023925781,61.06123352050781,61.03194046020508,0.02980506233870983,50000.0,0.0
d5a6ae6b7d9b,my_pilot,random,hall_spt100,leo_geo_transfer,reference,5,random@hall_spt100,electric,50000,4,ok,False,3,best,return,0,61320,0,3.770001058001071e-07,34.769733958999495,34.77263708999999,0.0,1.124322195060813,281.0805487652033,0.0,0,3,4,700050000,900050000,0,False,True,False,4,0.0,-22.155111390409868,0.11607603777645957,0.0,141.28514668266655,50.09434599664948,365.0,0.9220833333333334,0.0,0.0,5909.763765537308,0.0,0.50064015265248,0.01004566210045662,0.009817351598173518,0.5037924016906654,0.31352739726027395,,0,17287169.714821763,4,,0,0.0,4,timeout,power,4,0.0,-22.155111390409868,0.11607603777645957,0.0,141.28514668266655,50.09434599664948,365.0,0.9220833333333334,0.0,0.0,5909.763765537308,0.0,0.50064015265248,0.01004566210045662,0.009817351598173518,0.5037924016906654,0.31352739726027395,,0,17287169.714821763,4,,0,0.0,4,timeout,power,4,0.0,-22.155111390409868,0.11607603777645957,0.0,141.28514668266655,50.09434599664948,365.0,0.9220833333333334,0.0,0.0,5909.763765537308,0.0,0.50064015265248,0.01004566210045662,0.009817351598173518,0.5037924016906654,0.31352739726027395,,0,17287169.714821763,4,,0,0.0,4,timeout,power,,,,,,,,,,,,,,,,,,,,,,
bdecebba5c9e,my_pilot,random,hall_spt100,leo_geo_transfer,reference,6,random@hall_spt100,electric,50000,4,ok,False,3,best,return,0,61320,0,4.55000190413557e-07,33.74069586600126,33.743504647998634,0.0,1.093045543269909,273.2613858174773,0.0,0,3,4,700060000,900060000,0,False,True,False,4,0.0,-22.00055583158125,0.18286473675022388,0.0,139.22523721045573,49.23403207417446,365.0,0.9078888888888889,0.0,0.0,5904.17808822909,0.0,0.4993012969964716,0.010730593607305937,0.01021689497716895,0.5002355197580641,0.30781963470319634,,0,17282610.13629037,4,,0,0.0,4,timeout,power,4,0.0,-22.00055583158125,0.18286473675022388,0.0,139.22523721045573,49.23403207417446,365.0,0.9078888888888889,0.0,0.0,5904.17808822909,0.0,0.4993012969964716,0.010730593607305937,0.01021689497716895,0.5002355197580641,0.30781963470319634,,0,17282610.13629037,4,,0,0.0,4,timeout,power,4,0.0,-22.00055583158125,0.18286473675022388,0.0,139.22523721045573,49.23403207417446,365.0,0.9078888888888889,0.0,0.0,5904.17808822909,0.0,0.4993012969964716,0.010730593607305937,0.01021689497716895,0.5002355197580641,0.30781963470319634,,0,17282610.13629037,4,,0,0.0,4,timeout,power,,,,,,,,,,,,,,,,,,,,,,
78c6df192ea4,my_pilot,random,hall_spt100,leo_geo_transfer,reference,7,random@hall_spt100,electric,50000,4,ok,False,3,best,return,0,61320,0,3.6100027500651777e-07,33.76204660299845,33.764893145000315,0.0,1.1128275590199337,278.2068897549834,0.0,0,3,4,700070000,900070000,0,False,True,False,4,0.0,-22.04505615997891,0.2836355516952106,0.0,139.11829931322515,49.58605515139449,365.0,0.9126111111111112,0.0,0.0,5904.316518046457,0.0,0.5012964754437679,0.009531963470319635,0.009503424657534247,0.5013929559615309,0.30953196347031964,,0,17284475.823713902,4,,0,0.0,4,timeout,power,4,0.0,-22.04505615997891,0.2836355516952106,0.0,139.11829931322515,49.58605515139449,365.0,0.9126111111111112,0.0,0.0,5904.316518046457,0.0,0.5012964754437679,0.009531963470319635,0.009503424657534247,0.5013929559615309,0.30953196347031964,,0,17284475.823713902,4,,0,0.0,4,timeout,power,4,0.0,-22.04505615997891,0.2836355516952106,0.0,139.11829931322515,49.58605515139449,365.0,0.9126111111111112,0.0,0.0,5904.316518046457,0.0,0.5012964754437679,0.009531963470319635,0.009503424657534247,0.5013929559615309,0.30953196347031964,,0,17284475.823713902,4,,0,0.0,4,timeout,power,,,,,,,,,,,,,,,,,,,,,,
183cc7eff771,my_pilot,max_thrust,hall_spt100,leo_geo_transfer,reference,0,max_thrust@hall_spt100,electric,50000,4,ok,False,3,best,return,0,61320,0,2.679989847820252e-07,30.713634490000914,30.716829339999094,0.0,1.0152638321214909,253.8159580303727,0.0,0,3,4,700000000,900000000,0,False,True,False,4,0.0,-18.276894410609167,0.09585688113201175,0.053037233371657166,343.4093796085771,140.97381019169242,365.0,0.9398254012779496,0.0,0.0,5589.135755711344,0.0,1.0,1.0,0.0,0.0,0.205736301369863,,0,17768821.868834954,4,,0,0.0,4,timeout,power,4,0.0,-18.276894410609167,0.09585688113201175,0.053037233371657166,343.4093796085771,140.97381019169242,365.0,0.9398254012779496,0.0,0.0,5589.135755711344,0.0,1.0,1.0,0.0,0.0,0.205736301369863,,0,17768821.868834954,4,,0,0.0,4,timeout,power,4,0.0,-18.276894410609167,0.09585688113201175,0.053037233371657166,343.4093796085771,140.97381019169242,365.0,0.9398254012779496,0.0,0.0,5589.135755711344,0.0,1.0,1.0,0.0,0.0,0.205736301369863,,0,17768821.868834954,4,,0,0.0,4,timeout,power,,,,,,,,,,,,,,,,,,,,,,
3da5c2d87ce4,my_pilot,max_thrust,hall_spt100,leo_geo_transfer,reference,2,max_thrust@hall_spt100,electric,50000,4,ok,False,3,best,return,0,61320,0,5.100009730085731e-07,31.97496750800201,31.977875406999374,0.0,1.027971232044365,256.99280801109126,0.0,0,3,4,700020000,900020000,0,False,True,False,4,0.0,-18.382563459479368,0.21710387095367026,0.052862403493137866,346.09905231489796,141.9923786475221,365.0,0.9466158576501473,0.0,0.0,5589.175697618935,0.0,1.0,1.0,0.0,0.0,0.20465182648401825,,0,17774220.180709977,4,,0,0.0,4,timeout,power,4,0.0,-18.382563459479368,0.21710387095367026,0.052862403493137866,346.09905231489796,141.9923786475221,365.0,0.9466158576501473,0.0,0.0,5589.175697618935,0.0,1.0,1.0,0.0,0.0,0.20465182648401825,,0,17774220.180709977,4,,0,0.0,4,timeout,power,4,0.0,-18.382563459479368,0.21710387095367026,0.052862403493137866,346.09905231489796,141.9923786475221,365.0,0.9466158576501473,0.0,0.0,5589.175697618935,0.0,1.0,1.0,0.0,0.0,0.20465182648401825,,0,17774220.180709977,4,,0,0.0,4,timeout,power,,,,,,,,,,,,,,,,,,,,,,
881b22a0f1d9,my_pilot,max_thrust,hall_spt100,leo_geo_transfer,reference,3,max_thrust@hall_spt100,electric,50000,4,ok,False,3,best,return,0,61320,0,2.6999987312592566e-07,31.78046831100073,31.783484100998976,0.0,1.0495449648951762,262.38624122379406,0.0,0,3,4,700030000,900030000,0,False,True,False,4,0.0,-18.32636450157429,0.24121872482058454,0.05335345462294577,345.04927627155394,141.80958388518846,365.0,0.9453972259012563,0.0,0.0,5584.363116580231,0.0,1.0,1.0,0.0,0.0,0.20530821917808217,,0,17773251.386584703,4,,0,0.0,4,timeout,power,4,0.0,-18.32636450157429,0.24121872482058454,0.05335345462294577,345.04927627155394,141.80958388518846,365.0,0.9453972259012563,0.0,0.0,5584.363116580231,0.0,1.0,1.0,0.0,0.0,0.20530821917808217,,0,17773251.386584703,4,,0,0.0,4,timeout,power,4,0.0,-18.32636450157429,0.24121872482058454,0.05335345462294577,345.04927627155394,141.80958388518846,365.0,0.9453972259012563,0.0,0.0,5584.363116580231,0.0,1.0,1.0,0.0,0.0,0.20530821917808217,,0,17773251.386584703,4,,0,0.0,4,timeout,power,,,,,,,,,,,,,,,,,,,,,,
6d983be80dcb,my_pilot,max_thrust,hall_spt100,leo_geo_transfer,reference,4,max_thrust@hall_spt100,electric,50000,4,ok,False,3,best,return,0,61320,0,2.9299917514435947e-07,31.587905942998987,31.59096438100096,0.0,1.0348903228532436,258.7225807133109,0.0,0,3,4,700040000,900040000,0,False,True,False,4,0.0,-18.2574420223021,0.19165027614454885,0.05310066290446738,345.44566043077896,141.1155254606616,365.0,0.940770169737744,0.0,0.0,5589.508589844112,0.0,1.0,1.0,0.0,0.0,0.20545091324200915,,0,17769572.945716403,4,,0,0.0,4,timeout,power,4,0.0,-18.2574420223021,0.19165027614454885,0.05310066290446738,345.44566043077896,141.1155254606616,365.0,0.940770169737744,0.0,0.0,5589.508589844112,0.0,1.0,1.0,0.0,0.0,0.20545091324200915,,0,17769572.945716403,4,,0,0.0,4,timeout,power,4,0.0,-18.2574420223021,0.19165027614454885,0.05310066290446738,345.44566043077896,141.1155254606616,365.0,0.940770169737744,0.0,0.0,5589.508589844112,0.0,1.0,1.0,0.0,0.0,0.20545091324200915,,0,17769572.945716403,4,,0,0.0,4,timeout,power,,,,,,,,,,,,,,,,,,,,,,
ee2b4be84772,my_pilot,max_thrust,hall_spt100,leo_geo_transfer,reference,5,max_thrust@hall_spt100,electric,50000,4,ok,False,3,best,return,0,61320,0,5.280016921460629e-07,31.171564091999244,31.174401406999095,0.0,1.0223723780691216,255.5930945172804,0.0,0,3,4,700050000,900050000,0,False,True,False,4,0.0,-18.416927760558753,0.12828326187486055,0.05350815397694031,348.52127414554036,143.11572771309238,365.0,0.9541048514206157,0.0,0.0,5589.346141142153,0.0,1.0,1.0,0.0,0.0,0.20876141552511418,,0,17780173.8194328,4,,0,0.0,4,timeout,power,4,0.0,-18.416927760558753,0.12828326187486055,0.05350815397694031,348.52127414554036,143.11572771309238,365.0,0.9541048514206157,0.0,0.0,5589.346141142153,0.0,1.0,1.0,0.0,0.0,0.20876141552511418,,0,17780173.8194328,4,,0,0.0,4,timeout,power,4,0.0,-18.416927760558753,0.12828326187486055,0.05350815397694031,348.52127414554036,143.11572771309238,365.0,0.9541048514206157,0.0,0.0,5589.346141142153,0.0,1.0,1.0,0.0,0.0,0.20876141552511418,,0,17780173.8194328,4,,0,0.0,4,timeout,power,,,,,,,,,,,,,,,,,,,,,,
c7c034ebae47,my_pilot,max_thrust,hall_spt100,leo_geo_transfer,reference,6,max_thrust@hall_spt100,electric,50000,4,ok,False,3,best,return,0,61320,0,3.5500124795362353e-07,31.56248053300078,31.56561922199944,0.0,1.0587605610780884,264.6901402695221,0.0,0,3,4,700060000,900060000,0,False,True,False,4,0.0,-18.241323366332907,0.13848999338817009,0.05302691817287991,343.045881811433,140.62108292813548,365.0,0.9374738861875698,0.0,0.0,5586.136092506851,0.0,1.0,1.0,0.0,0.0,0.20587899543378996,,0,17766952.449293625,4,,0,0.0,4,timeout,power,4,0.0,-18.241323366332907,0.13848999338817009,0.05302691817287991,343.045881811433,140.62108292813548,365.0,0.9374738861875698,0.0,0.0,5586.136092506851,0.0,1.0,1.0,0.0,0.0,0.20587899543378996,,0,17766952.449293625,4,,0,0.0,4,timeout,power,4,0.0,-18.241323366332907,0.13848999338817009,0.05302691817287991,343.045881811433,140.62108292813548,365.0,0.9374738861875698,0.0,0.0,5586.136092506851,0.0,1.0,1.0,0.0,0.0,0.20587899543378996,,0,17766952.449293625,4,,0,0.0,4,timeout,power,,,,,,,,,,,,,,,,,,,,,,
793cad452501,my_pilot,max_thrust,hall_spt100,leo_geo_transfer,reference,7,max_thrust@hall_spt100,electric,50000,4,ok,False,3,best,return,0,61320,0,3.100012690993026e-07,31.022339130002365,31.025199018999047,0.0,1.0201168582207174,255.02921455517935,0.0,0,3,4,700070000,900070000,0,False,True,False,4,0.0,-18.285362662824742,0.18495458045605498,0.05264740692318462,340.73439974967187,140.19749471367595,365.0,0.9346499647578395,0.0,0.0,5590.8894877575085,0.0,1.0,1.0,0.0,0.0,0.2050228310502283,,0,17764707.47373489,4,,0,0.0,4,timeout,power,4,0.0,-18.285362662824742,0.18495458045605498,0.05264740692318462,340.73439974967187,140.19749471367595,365.0,0.9346499647578395,0.0,0.0,5590.8894877575085,0.0,1.0,1.0,0.0,0.0,0.2050228310502283,,0,17764707.47373489,4,,0,0.0,4,timeout,power,4,0.0,-18.285362662824742,0.18495458045605498,0.05264740692318462,340.73439974967187,140.19749471367595,365.0,0.9346499647578395,0.0,0.0,5590.8894877575085,0.0,1.0,1.0,0.0,0.0,0.2050228310502283,,0,17764707.47373489,4,,0,0.0,4,timeout,power,,,,,,,,,,,,,,,,,,,,,,
ec933ef529df,my_pilot,prograde,hall_spt100,leo_geo_transfer,reference,3,prograde@hall_spt100,electric,50000,4,ok,False,3,best,return,0,61320,0,4.5900014811195433e-07,31.80766592100008,31.81076569600009,0.0,1.0323878921117284,258.0969730279321,0.0,0,3,4,700030000,900030000,0,False,True,False,4,0.0,-17.42327737305653,0.19761115706599497,0.045797664350843675,295.5671226385797,102.37649272719462,365.0,0.8597222222222223,0.0,0.0,5628.938674171963,0.0,1.0,1.0,0.0,0.5,0.21909246575342464,,0,17564259.911295153,4,,0,0.0,4,timeout,power,4,0.0,-17.42327737305653,0.19761115706599497,0.045797664350843675,295.5671226385797,102.37649272719462,365.0,0.8597222222222223,0.0,0.0,5628.938674171963,0.0,1.0,1.0,0.0,0.5,0.21909246575342464,,0,17564259.911295153,4,,0,0.0,4,timeout,power,4,0.0,-17.42327737305653,0.19761115706599497,0.045797664350843675,295.5671226385797,102.37649272719462,365.0,0.8597222222222223,0.0,0.0,5628.938674171963,0.0,1.0,1.0,0.0,0.5,0.21909246575342464,,0,17564259.911295153,4,,0,0.0,4,timeout,power,,,,,,,,,,,,,,,,,,,,,,
d77b3e7d9f6e,my_pilot,prograde,hall_spt100,leo_geo_transfer,reference,4,prograde@hall_spt100,electric,50000,4,ok,False,3,best,return,0,61320,0,4.289995558792725e-07,31.138709742001083,31.14147384900025,0.0,0.9946557749299245,248.66394373248113,0.0,0,3,4,700040000,900040000,0,False,True,False,4,0.0,-17.255038972731793,0.0699465892763382,0.04521282901267204,293.60150074406687,100.04411808308205,365.0,0.8453055555555555,0.0,0.0,5636.071478159389,0.0,1.0,1.0,0.0,0.5,0.2194634703196347,,0,17551898.55682137,4,,0,0.0,4,timeout,power,4,0.0,-17.255038972731793,0.0699465892763382,0.04521282901267204,293.60150074406687,100.04411808308205,365.0,0.8453055555555555,0.0,0.0,5636.071478159389,0.0,1.0,1.0,0.0,0.5,0.2194634703196347,,0,17551898.55682137,4,,0,0.0,4,timeout,power,4,0.0,-17.255038972731793,0.0699465892763382,0.04521282901267204,293.60150074406687,100.04411808308205,365.0,0.8453055555555555,0.0,0.0,5636.071478159389,0.0,1.0,1.0,0.0,0.5,0.2194634703196347,,0,17551898.55682137,4,,0,0.0,4,timeout,power,,,,,,,,,,,,,,,,,,,,,,
80c2c5f4d712,my_pilot,prograde,hall_spt100,leo_geo_transfer,reference,5,prograde@hall_spt100,electric,50000,4,ok,False,3,best,return,0,61320,0,4.4800071918871254e-07,31.647828461000245,31.65092942299998,0.0,1.0184388578381913,254.60971445954783,0.0,0,3,4,700050000,900050000,0,False,True,False,4,0.0,-17.484603649330296,0.14538132714498184,0.045999515025561766,298.12666104890354,103.03551697505878,365.0,0.8674166666666667,0.0,0.0,5633.686371644049,0.0,1.0,1.0,0.0,0.5,0.22274543378995434,,0,17567752.67449905,4,,0,0.0,4,timeout,power,4,0.0,-17.484603649330296,0.14538132714498184,0.045999515025561766,298.12666104890354,103.03551697505878,365.0,0.8674166666666667,0.0,0.0,5633.686371644049,0.0,1.0,1.0,0.0,0.5,0.22274543378995434,,0,17567752.67449905,4,,0,0.0,4,timeout,power,4,0.0,-17.484603649330296,0.14538132714498184,0.045999515025561766,298.12666104890354,103.03551697505878,365.0,0.8674166666666667,0.0,0.0,5633.686371644049,0.0,1.0,1.0,0.0,0.5,0.22274543378995434,,0,17567752.67449905,4,,0,0.0,4,timeout,power,,,,,,,,,,,,,,,,,,,,,,
0a2e00521fbe,my_pilot,prograde,hall_spt100,leo_geo_transfer,reference,6,prograde@hall_spt100,electric,50000,4,ok,False,3,best,return,0,61320,0,2.8999966161791235e-07,31.15847492300054,31.164852223999333,0.0,0.9953791971292958,248.84479928232395,0.0,0,3,4,700060000,900060000,0,False,True,False,4,0.0,-17.33821132659066,0.19898027090793238,0.04542163592421042,293.9042208485439,100.98806743188857,365.0,0.8519722222222221,0.0,0.0,5630.997889854553,0.0,1.0,1.0,0.0,0.5,0.2201769406392694,,0,17556901.394823976,4,,0,0.0,4,timeout,power,4,0.0,-17.33821132659066,0.19898027090793238,0.04542163592421042,293.9042208485439,100.98806743188857,365.0,0.8519722222222221,0.0,0.0,5630.997889854553,0.0,1.0,1.0,0.0,0.5,0.2201769406392694,,0,17556901.394823976,4,,0,0.0,4,timeout,power,4,0.0,-17.33821132659066,0.19898027090793238,0.04542163592421042,293.9042208485439,100.98806743188857,365.0,0.8519722222222221,0.0,0.0,5630.997889854553,0.0,1.0,1.0,0.0,0.5,0.2201769406392694,,0,17556901.394823976,4,,0,0.0,4,timeout,power,,,,,,,,,,,,,,,,,,,,,,
2bcee8251f68,my_pilot,prograde,hall_spt100,leo_geo_transfer,reference,7,prograde@hall_spt100,electric,50000,4,ok,False,3,best,return,0,61320,0,5.559995770454407e-07,31.512259470999197,31.515185340000244,0.0,1.0385434960808198,259.63587402020494,0.0,0,3,4,700070000,900070000,0,False,True,False,4,0.0,-17.430423536739497,0.1933166223139727,0.04531437326484791,292.7355933448139,101.60412184685325,365.0,0.8543611111111111,0.0,0.0,5634.16684694858,0.0,1.0,1.0,0.0,0.5,0.21860730593607305,,0,17560166.422171853,4,,0,0.0,4,timeout,power,4,0.0,-17.430423536739497,0.1933166223139727,0.04531437326484791,292.7355933448139,101.60412184685325,365.0,0.8543611111111111,0.0,0.0,5634.16684694858,0.0,1.0,1.0,0.0,0.5,0.21860730593607305,,0,17560166.422171853,4,,0,0.0,4,timeout,power,4,0.0,-17.430423536739497,0.1933166223139727,0.04531437326484791,292.7355933448139,101.60412184685325,365.0,0.8543611111111111,0.0,0.0,5634.16684694858,0.0,1.0,1.0,0.0,0.5,0.21860730593607305,,0,17560166.422171853,4,,0,0.0,4,timeout,power,,,,,,,,,,,,,,,,,,,,,,
a8133e30f62d,my_pilot,edelbaum,hall_spt100,leo_geo_transfer,reference,1,edelbaum@hall_spt100,electric,50000,4,ok,False,3,best,return,0,61320,0,2.8700014809146523e-07,31.69916928299972,31.702003599000818,0.0,1.1536020649509737,288.40051623774343,0.0,0,3,4,700010000,900010000,0,False,True,False,4,0.0,-17.794040180584886,0.13901031351220722,0.03929587352528244,282.06697893635805,90.83970825799746,365.0,0.8518333333333333,0.0,0.0,5670.108047657041,0.0,1.0,1.0,0.0,0.6499999761581421,0.22702625570776258,,0,17503116.09691208,4,,0,0.0,4,timeout,power,4,0.0,-17.794040180584886,0.13901031351220722,0.03929587352528244,282.06697893635805,90.83970825799746,365.0,0.8518333333333333,0.0,0.0,5670.108047657041,0.0,1.0,1.0,0.0,0.6499999761581421,0.22702625570776258,,0,17503116.09691208,4,,0,0.0,4,timeout,power,4,0.0,-17.794040180584886,0.13901031351220722,0.03929587352528244,282.06697893635805,90.83970825799746,365.0,0.8518333333333333,0.0,0.0,5670.108047657041,0.0,1.0,1.0,0.0,0.6499999761581421,0.22702625570776258,,0,17503116.09691208,4,,0,0.0,4,timeout,power,,,,,,,,,,,,,,,,,,,,,,
5aabeae26065,my_pilot,edelbaum,hall_spt100,leo_geo_transfer,reference,2,edelbaum@hall_spt100,electric,50000,4,ok,False,3,best,return,0,61320,0,3.0500086722895503e-07,31.968834984998466,31.971807328998693,0.0,1.166110720803772,291.527680200943,0.0,0,3,4,700020000,900020000,0,False,True,False,4,0.0,-18.004574275007407,0.094250401659208,0.03868983425951747,280.7964070341679,92.33063290361055,365.0,0.862111111111111,0.0,0.0,5672.806474078635,0.0,1.0,1.0,0.0,0.6499999761581421,0.226912100456621,,0,17511017.849782117,4,,0,0.0,4,timeout,power,4,0.0,-18.004574275007407,0.094250401659208,0.03868983425951747,280.7964070341679,92.33063290361055,365.0,0.862111111111111,0.0,0.0,5672.806474078635,0.0,1.0,1.0,0.0,0.6499999761581421,0.226912100456621,,0,17511017.849782117,4,,0,0.0,4,timeout,power,4,0.0,-18.004574275007407,0.094250401659208,0.03868983425951747,280.7964070341679,92.33063290361055,365.0,0.862111111111111,0.0,0.0,5672.806474078635,0.0,1.0,1.0,0.0,0.6499999761581421,0.226912100456621,,0,17511017.849782117,4,,0,0.0,4,timeout,power,,,,,,,,,,,,,,,,,,,,,,
856a1eb886ef,my_pilot,edelbaum,hall_spt100,leo_geo_transfer,reference,3,edelbaum@hall_spt100,electric,50000,4,ok,False,3,best,return,0,61320,0,4.3100044422317296e-07,31.553096883999388,31.555881682999825,0.0,1.1511280119448202,287.78200298620504,0.0,0,3,4,700030000,900030000,0,False,True,False,4,0.0,-18.016016567139673,0.1723905038919647,0.03910425634833453,280.450440277616,92.74196902003573,365.0,0.8655555555555556,0.0,0.0,5668.42349318087,0.0,1.0,1.0,0.0,0.6499999761581421,0.22751141552511417,,0,17513197.890435465,4,,0,0.0,4,timeout,power,4,0.0,-18.016016567139673,0.1723905038919647,0.03910425634833453,280.450440277616,92.74196902003573,365.0,0.8655555555555556,0.0,0.0,5668.42349318087,0.0,1.0,1.0,0.0,0.6499999761581421,0.22751141552511417,,0,17513197.890435465,4,,0,0.0,4,timeout,power,4,0.0,-18.016016567139673,0.1723905038919647,0.03910425634833453,280.450440277616,92.74196902003573,365.0,0.8655555555555556,0.0,0.0,5668.42349318087,0.0,1.0,1.0,0.0,0.6499999761581421,0.22751141552511417,,0,17513197.890435465,4,,0,0.0,4,timeout,power,,,,,,,,,,,,,,,,,,,,,,
0fb3b54a1d0c,my_pilot,edelbaum,hall_spt100,leo_geo_transfer,reference,4,edelbaum@hall_spt100,electric,50000,4,ok,False,3,best,return,0,61320,0,4.879984771832824e-07,32.498512764001134,32.50160277199939,0.0,1.2175244601112354,304.38111502780885,0.0,0,3,4,700040000,900040000,0,False,True,False,4,0.0,-17.863418866170136,0.093701567276782,0.03853106507547285,278.825745448616,90.72573276994018,365.0,0.8521111111111112,0.0,0.0,5675.512275450967,0.0,1.0,1.0,0.0,0.6499999761581421,0.2281392694063927,,0,17502512.038120426,4,,0,0.0,4,timeout,power,4,0.0,-17.863418866170136,0.093701567276782,0.03853106507547285,278.825745448616,90.72573276994018,365.0,0.8521111111111112,0.0,0.0,5675.512275450967,0.0,1.0,1.0,0.0,0.6499999761581421,0.2281392694063927,,0,17502512.038120426,4,,0,0.0,4,timeout,power,4,0.0,-17.863418866170136,0.093701567276782,0.03853106507547285,278.825745448616,90.72573276994018,365.0,0.8521111111111112,0.0,0.0,5675.512275450967,0.0,1.0,1.0,0.0,0.6499999761581421,0.2281392694063927,,0,17502512.038120426,4,,0,0.0,4,timeout,power,,,,,,,,,,,,,,,,,,,,,,
f23784612dc1,my_pilot,edelbaum,hall_spt100,leo_geo_transfer,reference,5,edelbaum@hall_spt100,electric,50000,4,ok,False,3,best,return,0,61320,0,2.769993443507701e-07,32.46891431499898,32.47185460200126,0.0,1.2105921427701105,302.6480356925276,0.0,0,3,4,700050000,900050000,0,False,True,False,4,0.0,-18.070262259272116,0.13812872092189996,0.03929210921806975,282.7337697069808,93.28493709353133,365.0,0.8726388888888889,0.0,0.0,5673.295323484516,0.0,1.0,1.0,0.0,0.6499999761581421,0.23093607305936076,,0,17516075.567416463,4,,0,0.0,4,timeout,power,4,0.0,-18.070262259272116,0.13812872092189996,0.03929210921806975,282.7337697069808,93.28493709353133,365.0,0.8726388888888889,0.0,0.0,5673.295323484516,0.0,1.0,1.0,0.0,0.6499999761581421,0.23093607305936076,,0,17516075.567416463,4,,0,0.0,4,timeout,power,4,0.0,-18.070262259272116,0.13812872092189996,0.03929210921806975,282.7337697069808,93.28493709353133,365.0,0.8726388888888889,0.0,0.0,5673.295323484516,0.0,1.0,1.0,0.0,0.6499999761581421,0.23093607305936076,,0,17516075.567416463,4,,0,0.0,4,timeout,power,,,,,,,,,,,,,,,,,,,,,,
944ed2b1bc9a,my_pilot,edelbaum,hall_spt100,leo_geo_transfer,reference,6,edelbaum@hall_spt100,electric,50000,4,ok,False,3,best,return,0,61320,0,3.679997462313622e-07,32.33881564100011,32.341849055999774,0.0,1.1919202728313394,297.98006820783485,0.0,0,3,4,700060000,900060000,0,False,True,False,4,0.0,-17.921514537307292,0.19417896064185924,0.038663550907440086,278.38686532603936,91.30763956791733,365.0,0.8561944444444444,0.0,0.0,5670.862483573523,0.0,1.0,1.0,0.0,0.6499999761581421,0.22816780821917806,,0,17505596.086482324,4,,0,0.0,4,timeout,power,4,0.0,-17.921514537307292,0.19417896064185924,0.038663550907440086,278.38686532603936,91.30763956791733,365.0,0.8561944444444444,0.0,0.0,5670.862483573523,0.0,1.0,1.0,0.0,0.6499999761581421,0.22816780821917806,,0,17505596.086482324,4,,0,0.0,4,timeout,power,4,0.0,-17.921514537307292,0.19417896064185924,0.038663550907440086,278.38686532603936,91.30763956791733,365.0,0.8561944444444444,0.0,0.0,5670.862483573523,0.0,1.0,1.0,0.0,0.6499999761581421,0.22816780821917806,,0,17505596.086482324,4,,0,0.0,4,timeout,power,,,,,,,,,,,,,,,,,,,,,,
0709ef734c5a,my_pilot,edelbaum,hall_spt100,leo_geo_transfer,reference,7,edelbaum@hall_spt100,electric,50000,4,ok,False,3,best,return,0,61320,0,2.61999957729131e-07,31.985182415000963,31.988007072000983,0.0,1.169295332272668,292.323833068167,0.0,0,3,4,700070000,900070000,0,False,True,False,4,0.0,-18.01038155212767,0.19214145457985696,0.038714016734918366,277.8110193987073,92.05096971567937,365.0,0.8597777777777778,0.0,0.0,5673.120127806132,0.0,1.0,1.0,0.0,0.6499999761581421,0.22651255707762558,,0,17509535.66260091,4,,0,0.0,4,timeout,power,4,0.0,-18.01038155212767,0.19214145457985696,0.038714016734918366,277.8110193987073,92.05096971567937,365.0,0.8597777777777778,0.0,0.0,5673.120127806132,0.0,1.0,1.0,0.0,0.6499999761581421,0.22651255707762558,,0,17509535.66260091,4,,0,0.0,4,timeout,power,4,0.0,-18.01038155212767,0.19214145457985696,0.038714016734918366,277.8110193987073,92.05096971567937,365.0,0.8597777777777778,0.0,0.0,5673.120127806132,0.0,1.0,1.0,0.0,0.6499999761581421,0.22651255707762558,,0,17509535.66260091,4,,0,0.0,4,timeout,power,,,,,,,,,,,,,,,,,,,,,,
5ab4182b8783,my_pilot,sac,hall_hermes,leo_geo_transfer,reference,6,sac@hall_hermes,electric,50000,4,ok,True,3,best,return,50000,270377,50000,527.9288509309999,144.78983400000197,578.8212935730007,401.78098738299923,8.356180293073521,0.16711023704250702,0.0,231437,3,4,700060000,900060000,0,True,True,False,4,0.0,3.794303735526624,0.8310471197356734,0.22370590038071317,1500.3808584928163,319.61937553094435,365.0,0.15980968776547216,1341.5,0.0,4579.265346754096,0.0,0.5009564764142784,0.0,0.0,0.5014394700357087,0.0,,0,23280928.946294785,4,,0,0.0,4,timeout,none,4,0.0,-16.36957808070117,1.6265148664585676,0.011221711208593083,1122.8193693451035,232.0265484753971,365.0,0.12159618992203083,0.0,0.0,5856.775489926588,0.0,0.44720832483766426,0.02440068493150685,0.02128995433789954,0.5874490091194438,0.0,,0,22816695.643412802,4,,0,0.0,4,timeout,none,4,0.0,3.794303735526624,0.8310471197356734,0.22370590038071317,1500.3808584928163,319.61937553094435,365.0,0.15980968776547216,1341.5,0.0,4579.265346754096,0.0,0.5009564764142784,0.0,0.0,0.5014394700357087,0.0,,0,23280928.946294785,4,,0,0.0,4,timeout,none,,,,-5.163436412811279,,,,,,,50000.0,50000.0,,0.0022783526219427586,-8.461090087890625,-0.0006686279084533453,8.29666519165039,8.298351287841797,8.303243637084961,0.004090842325240374,50000.0,0.0
88190516e3c9,my_pilot,sac,hall_hermes,leo_geo_transfer,reference,7,sac@hall_hermes,electric,50000,4,ok,True,3,best,return,50000,259066,50000,534.1683922729999,138.97267688499778,577.0924256420003,406.15149394299897,6.796654847868922,0.13592222317952407,0.0,231437,3,4,700070000,900070000,0,True,True,False,4,0.0,3.6528777358122815,1.1205733237425113,0.22566866317650827,1518.4888052601368,326.4603695433982,365.0,0.16323018477169912,1370.0,0.0,4569.745825570804,0.0,0.5009420293413069,0.0,0.0,0.5014387994290215,0.0,,0,23317185.536613338,4,,0,0.0,4,timeout,none,4,0.0,-88.72968738852447,5.177367920452168,0.0,688.5048829463357,167.392837260837,220.94791666666666,0.08770060806777782,1.0,0.0,6049.207899579237,0.0,0.4648006531516597,0.051385631681568886,0.05611418496898461,0.45138132389248675,0.00030215131737974376,,0,15978304.931883927,4,,0,0.0,4,safety_violation,none,4,0.0,3.6528777358122815,1.1205733237425113,0.22566866317650827,1518.4888052601368,326.4603695433982,365.0,0.16323018477169912,1370.0,0.0,4569.745825570804,0.0,0.5009420293413069,0.0,0.0,0.5014387994290215,0.0,,0,23317185.536613338,4,,0,0.0,4,timeout,none,,,,-5.014691352844238,,,,,,,50000.0,50000.0,,962.7503051757812,-9073.494140625,-0.06132671236991882,8995.107421875,8998.275390625,8997.970703125,4.17437219619751,50000.0,0.0
ea74e6a27e9b,my_pilot,ppo,hall_spt100,leo_geo_transfer,reference,1,ppo@hall_spt100,electric,50000,4,ok,True,3,best,return,50000,245280,50000,180.9095458770007,154.24293221200423,214.515699132,0.025138663999314304,15.283859288771055,0.30565273355673656,0.0,152075,3,4,700010000,900010000,50000,False,True,False,4,0.0,-13.807016019539603,0.2432048947254859,0.0,1.6516671240772796,0.5169969987103096,365.0,0.18280555555555558,0.0,0.0,5905.630692699025,0.0,0.06034635760179257,0.0,0.7826769406392694,0.508004715018927,0.16406963470319635,,0,17024414.678283773,4,,0,0.0,4,timeout,power,4,0.0,-13.807016019539603,0.2432048947254859,0.0,1.6516671240772796,0.5169969987103096,365.0,0.18280555555555558,0.0,0.0,5905.630692699025,0.0,0.06034635760179257,0.0,0.7826769406392694,0.508004715018927,0.16406963470319635,,0,17024414.678283773,4,,0,0.0,4,timeout,power,4,0.0,-13.807016019539603,0.2432048947254859,0.0,1.6516671240772796,0.5169969987103096,365.0,0.18280555555555558,0.0,0.0,5905.630692699025,0.0,0.06034635760179257,0.0,0.7826769406392694,0.508004715018927,0.16406963470319635,,0,17024414.678283773,4,,0,0.0,4,timeout,power,,-0.022046113520627842,0.006608233797305729,7.134259608387947,0.016142357880016788,0.230517578125,0.2541493773460388,10.0,0.0,0.0,24.0,49152.0,0.005080893635749817,,,,,,,,,
f463c13f52b4,my_pilot,ppo,hall_spt100,leo_geo_transfer,reference,0,ppo@hall_spt100,electric,50000,4,ok,True,3,best,return,50000,245280,50000,185.72619665599996,163.46348089000094,222.97605810800087,0.024483908999172854,14.946589269004107,0.29890787275026215,0.0,152075,3,4,700000000,900000000,50000,False,True,False,4,0.0,-17.298111747009216,1.3387857906048777,5.866893078912416e-05,33.172357377179,11.399943971311133,365.0,0.5182222222222221,0.0,0.0,5901.8234417811655,0.0,0.2972675464987823,0.12180365296803652,0.4108162100456621,0.4156671797210291,0.27745433789954344,,0,17082093.218730655,4,,0,0.0,4,timeout,power,4,0.0,-17.298111747009216,1.3387857906048777,5.866893078912416e-05,33.172357377179,11.399943971311133,365.0,0.5182222222222221,0.0,0.0,5901.8234417811655,0.0,0.2972675464987823,0.12180365296803652,0.4108162100456621,0.4156671797210291,0.27745433789954344,,0,17082093.218730655,4,,0,0.0,4,timeout,power,4,0.0,-17.298111747009216,1.3387857906048777,5.866893078912416e-05,33.172357377179,11.399943971311133,365.0,0.5182222222222221,0.0,0.0,5901.8234417811655,0.0,0.2972675464987823,0.12180365296803652,0.4108162100456621,0.4156671797210291,0.27745433789954344,,0,17082093.218730655,4,,0,0.0,4,timeout,power,,-0.02186580620909808,0.00877442345081363,7.109253710508346,0.01690161870792508,0.244091796875,-0.12064516544342041,10.0,0.0,0.0,24.0,49152.0,0.003975095227360725,,,,,,,,,
f3c8a602d5ba,my_pilot,ppo,hall_spt100,leo_geo_transfer,reference,2,ppo@hall_spt100,electric,50000,4,ok,True,3,best,return,50000,245280,50000,186.6738515449997,162.32361546599714,221.6046451080001,0.024233244001152343,15.043893565782128,0.30085380301140163,0.0,152075,3,4,700020000,900020000,50000,False,True,False,4,0.0,-15.29211372484728,0.5822976545316636,4.32384552606635e-08,3.4807195052108133,1.1977573904660928,365.0,0.3318611111111111,0.0,0.0,5903.7450324556,0.0,0.16306282146812573,0.017323059360730593,0.6134417808219178,0.3415492656117637,0.27480022831050227,,0,17028022.64089624,4,,0,0.0,4,timeout,power,4,0.0,-15.29211372484728,0.5822976545316636,4.32384552606635e-08,3.4807195052108133,1.1977573904660928,365.0,0.3318611111111111,0.0,0.0,5903.7450324556,0.0,0.16306282146812573,0.017323059360730593,0.6134417808219178,0.3415492656117637,0.27480022831050227,,0,17028022.64089624,4,,0,0.0,4,timeout,power,4,0.0,-15.29211372484728,0.5822976545316636,4.32384552606635e-08,3.4807195052108133,1.1977573904660928,365.0,0.3318611111111111,0.0,0.0,5903.7450324556,0.0,0.16306282146812573,0.017323059360730593,0.6134417808219178,0.3415492656117637,0.27480022831050227,,0,17028022.64089624,4,,0,0.0,4,timeout,power,,-0.01921992025600048,0.012667833245359361,7.2099433690309525,0.013876824339968152,0.20126953125,0.9080492258071899,10.0,0.0,0.0,24.0,49152.0,0.021740758791565895,,,,,,,,,
518484a56049,my_pilot,ppo,hall_spt100,leo_geo_transfer,reference,3,ppo@hall_spt100,electric,50000,4,ok,True,3,best,return,50000,280320,50000,184.61946673499915,180.7511754840034,239.74695786200027,0.027279602003545733,14.938865634108879,0.29875341240918485,0.0,152075,3,4,700030000,900030000,35040,True,True,False,4,0.0,-14.325395757173688,1.7491876447483667,0.0,1.8267060680267926,0.5667870974937709,365.0,0.23399999999999999,0.0,0.0,5902.396509307559,0.0,0.033647328724906056,0.0,0.755079908675799,0.5349075377251119,0.18313356164383562,,0,17024678.56087309,4,,0,0.0,4,timeout,power,4,0.0,-15.73452783334748,0.7951367168200351,0.0,4.003725576361266,1.236737454589127,365.0,0.3759444444444444,0.0,0.0,5901.162949327219,0.0,0.12296999743267825,0.0,0.5859018264840182,0.49969470525611204,0.3019406392694064,,0,17028229.231373135,4,,0,0.0,4,timeout,power,4,0.0,-14.325395757173688,1.7491876447483667,0.0,1.8267060680267926,0.5667870974937709,365.0,0.23399999999999999,0.0,0.0,5902.396509307559,0.0,0.033647328724906056,0.0,0.755079908675799,0.5349075377251119,0.18313356164383562,,0,17024678.56087309,4,,0,0.0,4,timeout,power,,-0.024397851603862365,0.015042378363068565,7.192302206158638,0.016346019544289447,0.2349609375,0.3010881543159485,10.0,0.0,0.0,24.0,49152.0,0.024008136242628098,,,,,,,,,
bc5e15facb15,my_pilot,ppo,hall_spt100,leo_geo_transfer,reference,5,ppo@hall_spt100,electric,50000,4,ok,True,3,best,return,50000,245280,50000,176.23343921800006,153.13722482899902,210.33312467399992,0.023624621999260853,14.363748168196253,0.2872519832052686,0.0,152075,3,4,700050000,900050000,50000,False,True,False,4,0.0,-15.098089820514419,0.24109287387350048,0.0,0.5400790476571946,0.1680817765729999,365.0,0.31019444444444444,0.0,0.0,5909.877665901144,0.0,0.13778087349276835,0.0,0.6434646118721461,0.5891663144755105,0.3139840182648402,,0,17022565.4621842,4,,0,0.0,4,timeout,power,4,0.0,-15.098089820514419,0.24109287387350048,0.0,0.5400790476571946,0.1680817765729999,365.0,0.31019444444444444,0.0,0.0,5909.877665901144,0.0,0.13778087349276835,0.0,0.6434646118721461,0.5891663144755105,0.3139840182648402,,0,17022565.4621842,4,,0,0.0,4,timeout,power,4,0.0,-15.098089820514419,0.24109287387350048,0.0,0.5400790476571946,0.1680817765729999,365.0,0.31019444444444444,0.0,0.0,5909.877665901144,0.0,0.13778087349276835,0.0,0.6434646118721461,0.5891663144755105,0.3139840182648402,,0,17022565.4621842,4,,0,0.0,4,timeout,power,,-0.02477315612413804,0.004371019817699562,7.104497854411602,0.018748060826328582,0.255859375,0.2709122896194458,10.0,0.0,0.0,24.0,49152.0,0.0027999402955174446,,,,,,,,,
a71da8bdfd45,my_pilot,ppo,hall_spt100,leo_geo_transfer,reference,4,ppo@hall_spt100,electric,50000,4,ok,True,3,best,return,50000,280320,50000,169.98697002500012,164.5098875609965,221.02603559499948,0.02306633599982888,14.223823156979051,0.28445370684303356,0.0,152075,3,4,700040000,900040000,35040,True,True,False,4,0.0,-13.285928239324877,1.5333504158056397,0.0,0.2510278941782969,0.0846333448875648,365.0,0.12933333333333333,0.0,0.0,5908.90515617471,0.0,0.05442241791499668,0.01235730593607306,0.8456050228310503,0.4477411226586324,0.12905251141552512,,0,17022123.193766065,4,,0,0.0,4,timeout,power,4,0.0,-14.218896241876308,2.033885863269587,0.00013933393622575507,6.192641121127966,2.0849015298923605,365.0,0.2233333333333333,0.0,0.0,5906.456955129564,0.0,0.11501805230328753,0.04646118721461187,0.7374714611872146,0.5010272464583114,0.17260273972602738,,0,17032724.41691857,4,,0,0.0,4,timeout,power,4,0.0,-13.285928239324877,1.5333504158056397,0.0,0.2510278941782969,0.0846333448875648,365.0,0.12933333333333333,0.0,0.0,5908.90515617471,0.0,0.05442241791499668,0.01235730593607306,0.8456050228310503,0.4477411226586324,0.12905251141552512,,0,17022123.193766065,4,,0,0.0,4,timeout,power,,-0.016610260067682247,0.0013198437178289168,6.8058534666895865,0.016338560622534713,0.217529296875,0.3136863112449646,10.0,0.0,0.0,24.0,49152.0,-0.06000722199678421,,,,,,,,,
31faf12258b5,my_pilot,ppo,hall_spt100,leo_geo_transfer,reference,6,ppo@hall_spt100,electric,50000,4,ok,True,3,best,return,50000,245280,50000,173.02414441800101,149.95211468200068,207.36288628200055,0.023631168998690555,14.717730621079681,0.29433106593631875,0.0,152075,3,4,700060000,900060000,50000,False,True,False,4,0.0,-15.026564821349801,0.18045212780613712,0.0,0.4202048240039766,0.13121232375075287,365.0,0.3036388888888889,0.0,0.0,5903.787794521606,0.0,0.12126218612692807,0.0,0.6401255707762558,0.4667189640311958,0.31132990867579907,,0,17022370.057738032,4,,0,0.0,4,timeout,power,4,0.0,-15.026564821349801,0.18045212780613712,0.0,0.4202048240039766,0.13121232375075287,365.0,0.3036388888888889,0.0,0.0,5903.787794521606,0.0,0.12126218612692807,0.0,0.6401255707762558,0.4667189640311958,0.31132990867579907,,0,17022370.057738032,4,,0,0.0,4,timeout,power,4,0.0,-15.026564821349801,0.18045212780613712,0.0,0.4202048240039766,0.13121232375075287,365.0,0.3036388888888889,0.0,0.0,5903.787794521606,0.0,0.12126218612692807,0.0,0.6401255707762558,0.4667189640311958,0.31132990867579907,,0,17022370.057738032,4,,0,0.0,4,timeout,power,,-0.02132541143655544,0.001972856597421924,7.06443137973547,0.01857634886109736,0.26025390625,0.21507644653320312,10.0,0.0,0.0,24.0,49152.0,-0.007295647170394659,,,,,,,,,
43372a926dd3,my_pilot,ppo,hall_spt100,leo_geo_transfer,reference,7,ppo@hall_spt100,electric,50000,4,ok,True,3,best,return,50000,280320,50000,177.70195522500035,181.86833317200035,238.89093112999944,0.023616701999344514,14.537909593862423,0.29073493308260184,0.0,152075,3,4,700070000,900070000,43800,True,True,False,4,0.0,-19.017273168802795,2.627963313101368,0.012666958847604687,98.21949097131696,34.26860849182407,365.0,0.7819166666666667,0.0,0.0,5826.829635314636,0.0,0.4351188037918719,0.007848173515981736,0.15530821917808219,0.503808568475011,0.3112157534246575,,0,17203294.874388203,4,,0,0.0,4,timeout,power,4,0.0,-19.035030628908206,2.9145287019882975,0.010017173010073988,83.70202917410283,29.50916744524476,365.0,0.7633888888888889,0.0,0.0,5842.469166963494,0.0,0.42235334428733207,0.014697488584474887,0.16646689497716896,0.4901060840131962,0.28986872146118725,,0,17178070.30850538,4,,0,0.0,4,timeout,power,4,0.0,-19.017273168802795,2.627963313101368,0.012666958847604687,98.21949097131696,34.26860849182407,365.0,0.7819166666666667,0.0,0.0,5826.829635314636,0.0,0.4351188037918719,0.007848173515981736,0.15530821917808219,0.503808568475011,0.3112157534246575,,0,17203294.874388203,4,,0,0.0,4,timeout,power,,-0.02459332430153154,0.0022794745724240783,6.881880581378937,0.018687582371057943,0.2607421875,0.7636594772338867,10.0,0.0,0.0,24.0,49152.0,-0.04878120496869087,,,,,,,,,
1593cc31419c,my_pilot,sac,hall_spt100,leo_geo_transfer,reference,0,sac@hall_spt100,electric,50000,4,ok,True,3,best,return,50000,280320,50000,544.1617116390007,169.61445469999853,602.7246284390003,398.1529295770015,7.871652748743145,0.15742046133795587,0.0,231437,3,4,700000000,900000000,0,True,True,False,4,0.0,-20.091524399925902,0.023604506754203145,0.021524022501974882,141.75320166769987,49.68026222805999,365.0,0.9608888888888889,0.0,0.0,5775.133379222802,0.0,0.5013146592899477,0.0,0.0,0.5013517634339256,0.34429223744292237,,0,17284975.111884236,4,,0,0.0,4,timeout,power,4,0.0,-21.323515444840012,0.19939944022330003,0.002260592787132698,73.05884092019329,27.075581272806687,365.0,0.9140555555555556,0.0,0.0,5888.828266177418,0.0,0.33938095718792316,0.00730593607305936,0.0547945205479452,0.4014895703958254,0.30385273972602744,,0,17165172.542961605,4,,0,0.0,4,timeout,power,4,0.0,-20.091524399925902,0.023604506754203145,0.021524022501974882,141.75320166769987,49.68026222805999,365.0,0.9608888888888889,0.0,0.0,5775.133379222802,0.0,0.5013146592899477,0.0,0.0,0.5013517634339256,0.34429223744292237,,0,17284975.111884236,4,,0,0.0,4,timeout,power,,,,-4.717166423797607,,,,,,,50000.0,50000.0,,0.0005295867449603975,6.8144636154174805,0.0002484509313944727,-6.845252990722656,-6.848677635192871,-6.842183589935303,0.0008782455697655678,50000.0,0.0
0e6a7b408da3,my_pilot,sac,hall_spt100,leo_geo_transfer,reference,1,sac@hall_spt100,electric,50000,4,ok,True,3,best,return,50000,280320,50000,560.6681295430008,166.70965794199765,617.1452409850008,415.38651912300156,8.206388750995757,0.16411464584824728,0.0,231437,3,4,700010000,900010000,8760,True,True,False,4,0.0,-18.151290805086596,0.16499709289797576,0.0,0.9658068714941981,0.26539181694216835,365.0,0.6151111111111112,0.0,0.0,5907.002818027988,0.0,0.22590713445182262,0.09885844748858448,0.6408961187214612,1.0,0.2825342465753425,,0,17023081.195754662,4,,0,0.0,4,timeout,power,4,0.0,-22.225877529350335,0.3299517535540961,0.0,156.21075149508428,53.72590658721096,365.0,0.8824444444444444,0.0,0.0,5928.312855823569,0.0,0.5400232792691622,0.10719178082191781,0.10259703196347031,0.442902269930532,0.25976027397260276,,0,17306416.62606146,4,,0,0.0,4,timeout,power,4,0.0,-18.151290805086596,0.16499709289797576,0.0,0.9658068714941981,0.26539181694216835,365.0,0.6151111111111112,0.0,0.0,5907.002818027988,0.0,0.22590713445182262,0.09885844748858448,0.6408961187214612,1.0,0.2825342465753425,,0,17023081.195754662,4,,0,0.0,4,timeout,power,,,,-5.264018535614014,,,,,,,50000.0,50000.0,,8.015119552612305,-780.6199951171875,-0.0677361786365509,776.724609375,777.5436401367188,776.7804565429688,0.2565295398235321,50000.0,0.0
e2089cff47cf,my_pilot,sac,hall_spt100,leo_geo_transfer,reference,2,sac@hall_spt100,electric,50000,4,ok,True,3,best,return,50000,280320,50000,543.5278701219995,170.12656304799748,603.0754541749993,398.4248727999984,7.9618508526618825,0.15922427911090878,0.0,231437,3,4,700020000,900020000,0,True,True,False,4,0.0,-20.103356506219676,0.038628536083898025,0.021530067469938907,142.7000735431623,49.956853555858565,365.0,0.9616666666666667,0.0,0.0,5774.064781741988,0.0,0.5013066710419443,0.0,0.0,0.5013572958132175,0.341466894977169,,0,17286441.018511172,4,,0,0.0,4,timeout,power,4,0.0,-21.537967319649717,0.2958442538391179,0.0024346148514836907,112.73144924584962,39.4956041984771,365.0,0.9137500000000001,0.0,0.0,5886.75140052313,0.0,0.45441815918694217,0.0307648401826484,0.03573059360730593,0.41835146156824343,0.3007420091324201,,0,17230997.433634415,4,,0,0.0,4,timeout,power,4,0.0,-20.103356506219676,0.038628536083898025,0.021530067469938907,142.7000735431623,49.956853555858565,365.0,0.9616666666666667,0.0,0.0,5774.064781741988,0.0,0.5013066710419443,0.0,0.0,0.5013572958132175,0.341466894977169,,0,17286441.018511172,4,,0,0.0,4,timeout,power,,,,-5.381904125213623,,,,,,,50000.0,50000.0,,0.00046546198427677155,5.71828031539917,-0.0003258968936279416,-5.755307674407959,-5.758144855499268,-5.75883674621582,0.000853447534609586,50000.0,0.0
fc9aefa4743d,my_pilot,sac,hall_spt100,leo_geo_transfer,reference,3,sac@hall_spt100,electric,50000,4,ok,True,3,best,return,50000,280320,50000,546.5738332380006,167.69938262100368,603.685615770999,401.1398804080018,8.02070662893675,0.16040130047469703,0.0,231437,3,4,700030000,900030000,8760,True,True,False,4,0.0,-18.910882242814974,2.8397043657712246,0.001128516191032547,31.199952771588965,10.844018542929408,365.0,0.6870277777777778,0.0,0.0,5894.959514389051,0.0,0.13159956355073138,0.0,0.5001141552511416,0.864610094241968,0.16187214611872147,,0,17079146.869052842,4,,0,0.0,4,timeout,none,4,0.0,-21.608543064843936,0.42892780715540557,0.0011440767653638773,71.5417414598484,25.789966305195026,365.0,0.9228055555555557,0.0,0.0,5897.613754581938,0.0,0.3175900813966105,0.02086187214611872,0.1235730593607306,0.46997835490784556,0.3031107305936073,,0,17158358.911038633,4,,0,0.0,4,timeout,power,4,0.0,-18.910882242814974,2.8397043657712246,0.001128516191032547,31.199952771588965,10.844018542929408,365.0,0.6870277777777778,0.0,0.0,5894.959514389051,0.0,0.13159956355073138,0.0,0.5001141552511416,0.864610094241968,0.16187214611872147,,0,17079146.869052842,4,,0,0.0,4,timeout,none,,,,-4.839211940765381,,,,,,,50000.0,50000.0,,0.0006090109818615019,5.489894866943359,0.00014893896877765656,-5.500551700592041,-5.500408172607422,-5.512356281280518,0.0009260954102501273,50000.0,0.0
e94840db0536,my_pilot,sac,hall_spt100,leo_geo_transfer,reference,4,sac@hall_spt100,electric,50000,4,ok,True,3,best,return,50000,280320,50000,556.3356460960003,171.9219350860003,615.6125789010002,407.3646757890001,8.147079687942096,0.162928559474084,0.0,231437,3,4,700040000,900040000,0,True,True,False,4,0.0,-20.064003312581395,0.06544545579887412,0.02127292115368823,141.62387979683606,49.09204865956438,365.0,0.9590000000000001,0.0,0.0,5777.384521593911,0.0,0.5012945755729324,0.0,0.0,0.5013663341227459,0.34997146118721467,,0,17281857.6382636,4,,0,0.0,4,timeout,power,4,0.0,-21.437481768798957,0.18140665673262626,9.248576482739912e-05,78.39217823872659,26.322609162545913,365.0,0.9004722222222221,0.0,0.0,5905.445821176755,0.0,0.37559223998695207,0.02422945205479452,0.05590753424657534,0.6316688843428679,0.3005707762557077,,0,17161181.8653973,4,,0,0.0,4,timeout,power,4,0.0,-20.064003312581395,0.06544545579887412,0.02127292115368823,141.62387979683606,49.09204865956438,365.0,0.9590000000000001,0.0,0.0,5777.384521593911,0.0,0.5012945755729324,0.0,0.0,0.5013663341227459,0.34997146118721467,,0,17281857.6382636,4,,0,0.0,4,timeout,power,,,,-5.286627292633057,,,,,,,50000.0,50000.0,,0.0005095814703963697,6.287490367889404,-0.00024489217321388423,-6.311429500579834,-6.307616710662842,-6.312339782714844,0.0008543897420167923,50000.0,0.0
3531ab799352,my_pilot,sac,hall_spt100,leo_geo_transfer,reference,5,sac@hall_spt100,electric,50000,4,ok,True,3,best,return,50000,280320,50000,554.3457884010004,162.78868002699892,606.6947913660006,408.2265613180007,8.195268791225317,0.16389226444335087,0.0,231437,3,4,700050000,900050000,8760,True,True,False,4,0.0,-12.13608744963543,0.2860787047163552,0.0,3.1360523103588013e-07,8.168622129835202e-08,365.0,0.014305555555555556,0.0,0.0,5909.888903775754,0.0,8.27558780914028e-10,0.0,1.0,0.999999999814586,0.0,,0,17021674.645858318,4,,0,0.0,4,timeout,none,4,0.0,-21.51696954358802,0.4194899761672002,0.0005199335589550491,71.77529825528146,26.201105639194036,365.0,0.9080277777777779,0.0,0.0,5906.777170720845,0.0,0.39457417804169465,0.03892694063926941,0.11001712328767123,0.45196793173784267,0.29931506849315065,,0,17160537.908764623,4,,0,0.0,4,timeout,power,4,0.0,-12.13608744963543,0.2860787047163552,0.0,3.1360523103588013e-07,8.168622129835202e-08,365.0,0.014305555555555556,0.0,0.0,5909.888903775754,0.0,8.27558780914028e-10,0.0,1.0,0.999999999814586,0.0,,0,17021674.645858318,4,,0,0.0,4,timeout,none,,,,-5.231252670288086,,,,,,,50000.0,50000.0,,0.0004409450339153409,3.9177913665771484,-0.00023374233569484204,-3.941777467727661,-3.9352519512176514,-3.945225715637207,0.0010107653215527534,50000.0,0.0
439ffc4ffe30,my_pilot,random,ion_next,leo_geo_transfer,reference,0,random@ion_next,electric,50000,4,ok,False,3,best,return,0,61320,0,3.530003596097231e-07,31.77804807099892,31.781059767001352,0.0,1.2428092189511517,310.7023047377879,0.0,0,3,4,700000000,900000000,0,False,True,False,4,0.0,-15.925286625425848,0.43434379576271415,0.0,345.11879121566693,55.00647303018046,365.0,0.10973958333333333,542.5,111.6941121359197,5905.673938618504,0.0,0.5004211832161092,0.01004566210045662,0.009646118721461188,0.498976911626518,0.24506278538812787,,0,20967746.030256495,4,,0,0.0,4,timeout,perveance,4,0.0,-15.925286625425848,0.43434379576271415,0.0,345.11879121566693,55.00647303018046,365.0,0.10973958333333333,542.5,111.6941121359197,5905.673938618504,0.0,0.5004211832161092,0.01004566210045662,0.009646118721461188,0.498976911626518,0.24506278538812787,,0,20967746.030256495,4,,0,0.0,4,timeout,perveance,4,0.0,-15.925286625425848,0.43434379576271415,0.0,345.11879121566693,55.00647303018046,365.0,0.10973958333333333,542.5,111.6941121359197,5905.673938618504,0.0,0.5004211832161092,0.01004566210045662,0.009646118721461188,0.498976911626518,0.24506278538812787,,0,20967746.030256495,4,,0,0.0,4,timeout,perveance,,,,,,,,,,,,,,,,,,,,,,
6b84622c7c38,my_pilot,random,ion_next,leo_geo_transfer,reference,1,random@ion_next,electric,50000,4,ok,False,3,best,return,0,61320,0,2.819997462211177e-07,31.607902920000924,31.610925765999127,0.0,1.1958627348121809,298.9656837030452,0.0,0,3,4,700010000,900010000,0,False,True,False,4,0.0,-15.475704190053378,0.6760553241603388,0.0,353.57949279431216,54.93154343423524,365.0,0.10959895833333334,439.5,85.05350127863605,5908.146439537559,0.0,0.502096339461466,0.00993150684931507,0.008504566210045661,0.4987355073182483,0.24023972602739724,,0,20967348.91082356,4,,0,0.0,4,timeout,perveance,4,0.0,-15.475704190053378,0.6760553241603388,0.0,353.57949279431216,54.93154343423524,365.0,0.10959895833333334,439.5,85.05350127863605,5908.146439537559,0.0,0.502096339461466,0.00993150684931507,0.008504566210045661,0.4987355073182483,0.24023972602739724,,0,20967348.91082356,4,,0,0.0,4,timeout,perveance,4,0.0,-15.475704190053378,0.6760553241603388,0.0,353.57949279431216,54.93154343423524,365.0,0.10959895833333334,439.5,85.05350127863605,5908.146439537559,0.0,0.502096339461466,0.00993150684931507,0.008504566210045661,0.4987355073182483,0.24023972602739724,,0,20967348.91082356,4,,0,0.0,4,timeout,perveance,,,,,,,,,,,,,,,,,,,,,,
cd4649b6e698,my_pilot,sac,hall_spt100,leo_geo_transfer,reference,6,sac@hall_spt100,electric,50000,4,ok,True,3,best,return,50000,280320,50000,562.1992166839991,174.29451935399993,623.5304581429991,413.74097261000134,8.503185506839145,0.17005010612829263,0.0,231437,3,4,700060000,900060000,0,True,True,False,4,0.0,-20.073334881379978,0.04508287096749642,0.021450058409505757,141.34342278214348,49.37467809626706,365.0,0.9594999999999999,0.0,0.0,5772.403789775056,0.0,0.5012913806474508,0.0,0.0,0.5013622762933033,0.34680365296803656,,0,17283355.546269342,4,,0,0.0,4,timeout,power,4,0.0,-22.57782707095292,0.3838041847475751,0.0,150.59360741395957,50.60681920373753,365.0,0.8785277777777778,0.0,0.0,5951.796947093473,0.0,0.5848342609978769,0.09152397260273973,0.026969178082191785,0.553349418180344,0.2877568493150685,,0,17289885.77203286,4,,0,0.0,4,timeout,power,4,0.0,-20.073334881379978,0.04508287096749642,0.021450058409505757,141.34342278214348,49.37467809626706,365.0,0.9594999999999999,0.0,0.0,5772.403789775056,0.0,0.5012913806474508,0.0,0.0,0.5013622762933033,0.34680365296803656,,0,17283355.546269342,4,,0,0.0,4,timeout,power,,,,-4.814333915710449,,,,,,,50000.0,50000.0,,2.5781681537628174,-434.6145324707031,0.01984005980193615,433.0662536621094,433.121337890625,432.8323974609375,0.10682827234268188,50000.0,0.0
558c4126c709,my_pilot,random,ion_next,leo_geo_transfer,reference,2,random@ion_next,electric,50000,4,ok,False,3,best,return,0,61320,0,6.310001481324434e-07,31.274456227001792,31.277592342999924,0.0,1.1757130218920793,293.9282554730198,0.0,0,3,4,700020000,900020000,0,False,True,False,4,0.0,-15.90240311969945,0.4986218637372994,0.0,350.86905591874813,55.65663489304801,365.0,0.110375,536.0,108.72197056398907,5905.34963744365,0.0,0.5021129826228368,0.010502283105022832,0.010245433789954338,0.5008028043076804,0.24286529680365296,,0,20971191.82369818,4,,0,0.0,4,timeout,perveance,4,0.0,-15.90240311969945,0.4986218637372994,0.0,350.86905591874813,55.65663489304801,365.0,0.110375,536.0,108.72197056398907,5905.34963744365,0.0,0.5021129826228368,0.010502283105022832,0.010245433789954338,0.5008028043076804,0.24286529680365296,,0,20971191.82369818,4,,0,0.0,4,timeout,perveance,4,0.0,-15.90240311969945,0.4986218637372994,0.0,350.86905591874813,55.65663489304801,365.0,0.110375,536.0,108.72197056398907,5905.34963744365,0.0,0.5021129826228368,0.010502283105022832,0.010245433789954338,0.5008028043076804,0.24286529680365296,,0,20971191.82369818,4,,0,0.0,4,timeout,perveance,,,,,,,,,,,,,,,,,,,,,,
905255683112,my_pilot,random,ion_next,leo_geo_transfer,reference,3,random@ion_next,electric,50000,4,ok,False,3,best,return,0,61320,0,3.609984560171142e-07,30.9385204299997,30.94154920999972,0.0,1.1539791973009415,288.49479932523536,0.0,0,3,4,700030000,900030000,0,False,True,False,4,0.0,-16.15058386977854,0.6674163042373563,0.0,349.98073270631556,55.88310643709032,365.0,0.11014062499999999,584.0,119.88834951868935,5904.867376653549,0.0,0.5019426675504881,0.009731735159817352,0.009817351598173516,0.4985812126042227,0.24763127853881278,,0,20972392.100438114,4,,0,0.0,4,timeout,perveance,4,0.0,-16.15058386977854,0.6674163042373563,0.0,349.98073270631556,55.88310643709032,365.0,0.11014062499999999,584.0,119.88834951868935,5904.867376653549,0.0,0.5019426675504881,0.009731735159817352,0.009817351598173516,0.4985812126042227,0.24763127853881278,,0,20972392.100438114,4,,0,0.0,4,timeout,perveance,4,0.0,-16.15058386977854,0.6674163042373563,0.0,349.98073270631556,55.88310643709032,365.0,0.11014062499999999,584.0,119.88834951868935,5904.867376653549,0.0,0.5019426675504881,0.009731735159817352,0.009817351598173516,0.4985812126042227,0.24763127853881278,,0,20972392.100438114,4,,0,0.0,4,timeout,perveance,,,,,,,,,,,,,,,,,,,,,,
2f5f1975a291,my_pilot,random,ion_next,leo_geo_transfer,reference,4,random@ion_next,electric,50000,4,ok,False,3,best,return,0,61320,0,2.920005499618128e-07,31.161881027999698,31.165031308000835,0.0,1.122755519909333,280.6888799773333,0.0,0,3,4,700040000,900040000,0,False,True,False,4,0.0,-15.636271344920381,0.38786629325044425,0.00033323086785652656,352.0303266992189,55.27987138102921,365.0,0.10938020833333334,475.75,96.6311505256096,5907.001021801923,0.0,0.5012940708462779,0.009731735159817352,0.01021689497716895,0.5020137008151984,0.23664383561643834,,0,20969195.01442202,4,,0,0.0,4,timeout,perveance,4,0.0,-15.636271344920381,0.38786629325044425,0.00033323086785652656,352.0303266992189,55.27987138102921,365.0,0.10938020833333334,475.75,96.6311505256096,5907.001021801923,0.0,0.5012940708462779,0.009731735159817352,0.01021689497716895,0.5020137008151984,0.23664383561643834,,0,20969195.01442202,4,,0,0.0,4,timeout,perveance,4,0.0,-15.636271344920381,0.38786629325044425,0.00033323086785652656,352.0303266992189,55.27987138102921,365.0,0.10938020833333334,475.75,96.6311505256096,5907.001021801923,0.0,0.5012940708462779,0.009731735159817352,0.01021689497716895,0.5020137008151984,0.23664383561643834,,0,20969195.01442202,4,,0,0.0,4,timeout,perveance,,,,,,,,,,,,,,,,,,,,,,
d4788fa79117,my_pilot,sac,hall_spt100,leo_geo_transfer,reference,7,sac@hall_spt100,electric,50000,4,ok,True,3,best,return,50000,280320,50000,560.70694602,172.3864423690029,621.4754949779999,413.5657568410006,8.159261290777067,0.163172172041778,0.0,231437,3,4,700070000,900070000,0,True,True,False,4,0.0,-20.114134996353435,0.0850237600919961,0.021616571065076612,140.66474093976663,49.62791072162227,365.0,0.9608333333333333,0.0,0.0,5774.02409845077,0.0,0.5013062941829023,0.0,0.0,0.5013600008859891,0.3448915525114155,,0,17284697.65408819,4,,0,0.0,4,timeout,power,4,0.0,-22.463458390415,0.5289979670462742,0.000678989885593978,166.80232168020666,59.73812619738318,365.0,0.9096111111111111,0.0,0.0,5918.057988891275,0.0,0.5327911775984449,0.1214041095890411,0.06301369863013699,0.44035490964747726,0.26635273972602735,,0,17338280.794180065,4,,0,0.0,4,timeout,power,4,0.0,-20.114134996353435,0.0850237600919961,0.021616571065076612,140.66474093976663,49.62791072162227,365.0,0.9608333333333333,0.0,0.0,5774.02409845077,0.0,0.5013062941829023,0.0,0.0,0.5013600008859891,0.3448915525114155,,0,17284697.65408819,4,,0,0.0,4,timeout,power,,,,-5.106225490570068,,,,,,,50000.0,50000.0,,5.6335344314575195,-736.859375,-0.01735628768801689,733.910400390625,733.6622314453125,733.8154296875,0.1633809357881546,50000.0,0.0
7fd5526624b9,my_pilot,random,ion_next,leo_geo_transfer,reference,5,random@ion_next,electric,50000,4,ok,False,3,best,return,0,61320,0,2.9199873097240925e-07,31.11794124300104,31.120956891998503,0.0,1.1151837299639737,278.79593249099344,0.0,0,3,4,700050000,900050000,0,False,True,False,4,0.0,-15.93496261479594,0.42442595812814465,0.0,348.6503899899868,55.476167798350616,365.0,0.11053125,539.5,110.51287391300389,5909.373956554754,0.0,0.5011570952356406,0.009845890410958905,0.011272831050228312,0.4984209791591314,0.2465753424657534,,0,20970235.365980707,4,,0,0.0,4,timeout,perveance,4,0.0,-15.93496261479594,0.42442595812814465,0.0,348.6503899899868,55.476167798350616,365.0,0.11053125,539.5,110.51287391300389,5909.373956554754,0.0,0.5011570952356406,0.009845890410958905,0.011272831050228312,0.4984209791591314,0.2465753424657534,,0,20970235.365980707,4,,0,0.0,4,timeout,perveance,4,0.0,-15.93496261479594,0.42442595812814465,0.0,348.6503899899868,55.476167798350616,365.0,0.11053125,539.5,110.51287391300389,5909.373956554754,0.0,0.5011570952356406,0.009845890410958905,0.011272831050228312,0.4984209791591314,0.2465753424657534,,0,20970235.365980707,4,,0,0.0,4,timeout,perveance,,,,,,,,,,,,,,,,,,,,,,
8dcf3fb3fddd,my_pilot,random,ion_next,leo_geo_transfer,reference,6,random@ion_next,electric,50000,4,ok,False,3,best,return,0,61320,0,2.7799978852272034e-07,30.391104690001157,30.394184773000234,0.0,1.1100807100938255,277.52017752345637,0.0,0,3,4,700060000,900060000,0,False,True,False,4,0.0,-15.865148875755882,0.5648004050799845,8.632833348767854e-05,348.47825140243253,55.08267461959413,365.0,0.1091875,542.75,109.21516287679916,5902.404574722646,0.0,0.5017183958089243,0.010359589041095891,0.009845890410958905,0.5032145449645035,0.24072488584474888,,0,20968149.891128756,4,,0,0.0,4,timeout,perveance,4,0.0,-15.865148875755882,0.5648004050799845,8.632833348767854e-05,348.47825140243253,55.08267461959413,365.0,0.1091875,542.75,109.21516287679916,5902.404574722646,0.0,0.5017183958089243,0.010359589041095891,0.009845890410958905,0.5032145449645035,0.24072488584474888,,0,20968149.891128756,4,,0,0.0,4,timeout,perveance,4,0.0,-15.865148875755882,0.5648004050799845,8.632833348767854e-05,348.47825140243253,55.08267461959413,365.0,0.1091875,542.75,109.21516287679916,5902.404574722646,0.0,0.5017183958089243,0.010359589041095891,0.009845890410958905,0.5032145449645035,0.24072488584474888,,0,20968149.891128756,4,,0,0.0,4,timeout,perveance,,,,,,,,,,,,,,,,,,,,,,
02d878bf0248,my_pilot,random,ion_next,leo_geo_transfer,reference,7,random@ion_next,electric,50000,4,ok,False,3,best,return,0,61320,0,4.4999978854320943e-07,29.92863737600055,29.931677545999264,0.0,1.0909662282247155,272.74155705617886,0.0,0,3,4,700070000,900070000,0,False,True,False,4,0.0,-16.1154840339924,0.6425384811456938,0.0,341.68491236651386,54.867245709915856,365.0,0.10958333333333334,569.25,119.20626372715374,5906.124442715148,0.0,0.4968037888603327,0.010502283105022832,0.009589041095890411,0.4985602126597134,0.24426369863013697,,0,20967008.13925662,4,,0,0.0,4,timeout,perveance,4,0.0,-16.1154840339924,0.6425384811456938,0.0,341.68491236651386,54.867245709915856,365.0,0.10958333333333334,569.25,119.20626372715374,5906.124442715148,0.0,0.4968037888603327,0.010502283105022832,0.009589041095890411,0.4985602126597134,0.24426369863013697,,0,20967008.13925662,4,,0,0.0,4,timeout,perveance,4,0.0,-16.1154840339924,0.6425384811456938,0.0,341.68491236651386,54.867245709915856,365.0,0.10958333333333334,569.25,119.20626372715374,5906.124442715148,0.0,0.4968037888603327,0.010502283105022832,0.009589041095890411,0.4985602126597134,0.24426369863013697,,0,20967008.13925662,4,,0,0.0,4,timeout,perveance,,,,,,,,,,,,,,,,,,,,,,
3903e7d531b2,my_pilot,max_thrust,ion_next,leo_geo_transfer,reference,0,max_thrust@ion_next,electric,50000,4,ok,False,3,best,return,0,61320,0,2.6999987312592566e-07,29.453055879999738,29.456101824000143,0.0,1.0308805111653783,257.72012779134457,0.0,0,3,4,700000000,900000000,0,False,True,False,4,0.0,-12.063594579169758,0.01727470608913732,0.01380113841553951,92.74666779253926,28.675144806221084,365.0,0.11599999999999999,0.0,0.0,5820.71467292448,0.0,1.0,1.0,0.0,0.0,0.6356164383561644,,0,20828192.600123156,4,,0,0.0,4,timeout,perveance,4,0.0,-12.063594579169758,0.01727470608913732,0.01380113841553951,92.74666779253926,28.675144806221084,365.0,0.11599999999999999,0.0,0.0,5820.71467292448,0.0,1.0,1.0,0.0,0.0,0.6356164383561644,,0,20828192.600123156,4,,0,0.0,4,timeout,perveance,4,0.0,-12.063594579169758,0.01727470608913732,0.01380113841553951,92.74666779253926,28.675144806221084,365.0,0.11599999999999999,0.0,0.0,5820.71467292448,0.0,1.0,1.0,0.0,0.0,0.6356164383561644,,0,20828192.600123156,4,,0,0.0,4,timeout,perveance,,,,,,,,,,,,,,,,,,,,,,
f7b225a9fe8c,my_pilot,max_thrust,ion_next,leo_geo_transfer,reference,1,max_thrust@ion_next,electric,50000,4,ok,False,3,best,return,0,61320,0,3.770001058001071e-07,29.650446819001445,29.6589170010011,0.0,1.0349417789166182,258.73544472915455,0.0,0,3,4,700010000,900010000,0,False,True,False,4,0.0,-12.046785663405943,0.021841118766896418,0.013655580943529977,91.7724847609071,27.805865494608952,365.0,0.11479166666666667,0.0,0.0,5821.434386748847,0.0,1.0,1.0,0.0,0.0,0.6289954337899544,,0,20823585.505917817,4,,0,0.0,4,timeout,perveance,4,0.0,-12.046785663405943,0.021841118766896418,0.013655580943529977,91.7724847609071,27.805865494608952,365.0,0.11479166666666667,0.0,0.0,5821.434386748847,0.0,1.0,1.0,0.0,0.0,0.6289954337899544,,0,20823585.505917817,4,,0,0.0,4,timeout,perveance,4,0.0,-12.046785663405943,0.021841118766896418,0.013655580943529977,91.7724847609071,27.805865494608952,365.0,0.11479166666666667,0.0,0.0,5821.434386748847,0.0,1.0,1.0,0.0,0.0,0.6289954337899544,,0,20823585.505917817,4,,0,0.0,4,timeout,perveance,,,,,,,,,,,,,,,,,,,,,,
4e4bed7d9fb5,my_pilot,max_thrust,ion_next,leo_geo_transfer,reference,2,max_thrust@ion_next,electric,50000,4,ok,False,3,best,return,0,61320,0,3.8899997889529914e-07,29.465076913998928,29.468171287999212,0.0,1.038772679907197,259.69316997679925,0.0,0,3,4,700020000,900020000,0,False,True,False,4,0.0,-12.064704601194304,0.014907000476036741,0.013902603386751505,93.50646107792582,28.880742858544256,365.0,0.11694791666666667,0.0,0.0,5819.073410645329,0.0,1.0,1.0,0.0,0.0,0.6408105022831051,,0,20829282.249425553,4,,0,0.0,4,timeout,perveance,4,0.0,-12.064704601194304,0.014907000476036741,0.013902603386751505,93.50646107792582,28.880742858544256,365.0,0.11694791666666667,0.0,0.0,5819.073410645329,0.0,1.0,1.0,0.0,0.0,0.6408105022831051,,0,20829282.249425553,4,,0,0.0,4,timeout,perveance,4,0.0,-12.064704601194304,0.014907000476036741,0.013902603386751505,93.50646107792582,28.880742858544256,365.0,0.11694791666666667,0.0,0.0,5819.073410645329,0.0,1.0,1.0,0.0,0.0,0.6408105022831051,,0,20829282.249425553,4,,0,0.0,4,timeout,perveance,,,,,,,,,,,,,,,,,,,,,,
6ef877ae6a79,my_pilot,max_thrust,ion_next,leo_geo_transfer,reference,3,max_thrust@ion_next,electric,50000,4,ok,False,3,best,return,0,61320,0,3.220011421944946e-07,29.401848577001147,29.405044962999455,0.0,1.0319255490558135,257.98138726395337,0.0,0,3,4,700030000,900030000,0,False,True,False,4,0.0,-12.065136299632298,0.020292381051929417,0.014054886570261882,93.5747775197141,29.05820651290428,365.0,0.11703125,0.0,0.0,5816.1944057534765,0.0,1.0,1.0,0.0,0.0,0.6412671232876712,,0,20830222.789206885,4,,0,0.0,4,timeout,perveance,4,0.0,-12.065136299632298,0.020292381051929417,0.014054886570261882,93.5747775197141,29.05820651290428,365.0,0.11703125,0.0,0.0,5816.1944057534765,0.0,1.0,1.0,0.0,0.0,0.6412671232876712,,0,20830222.789206885,4,,0,0.0,4,timeout,perveance,4,0.0,-12.065136299632298,0.020292381051929417,0.014054886570261882,93.5747775197141,29.05820651290428,365.0,0.11703125,0.0,0.0,5816.1944057534765,0.0,1.0,1.0,0.0,0.0,0.6412671232876712,,0,20830222.789206885,4,,0,0.0,4,timeout,perveance,,,,,,,,,,,,,,,,,,,,,,
3b3f0b904756,my_pilot,max_thrust,ion_next,leo_geo_transfer,reference,4,max_thrust@ion_next,electric,50000,4,ok,False,3,best,return,0,61320,0,2.939996193163097e-07,29.671549884000342,29.67462266900111,0.0,1.0224290078149352,255.6072519537338,0.0,0,3,4,700040000,900040000,0,False,True,False,4,0.0,-12.053093522695452,0.010631770102364888,0.013490578025963207,91.92542535145984,28.129199743745765,365.0,0.11497916666666667,0.0,0.0,5823.3235305512835,0.0,1.0,1.0,0.0,0.0,0.6300228310502283,,0,20825299.145395584,4,,0,0.0,4,timeout,perveance,4,0.0,-12.053093522695452,0.010631770102364888,0.013490578025963207,91.92542535145984,28.129199743745765,365.0,0.11497916666666667,0.0,0.0,5823.3235305512835,0.0,1.0,1.0,0.0,0.0,0.6300228310502283,,0,20825299.145395584,4,,0,0.0,4,timeout,perveance,4,0.0,-12.053093522695452,0.010631770102364888,0.013490578025963207,91.92542535145984,28.129199743745765,365.0,0.11497916666666667,0.0,0.0,5823.3235305512835,0.0,1.0,1.0,0.0,0.0,0.6300228310502283,,0,20825299.145395584,4,,0,0.0,4,timeout,perveance,,,,,,,,,,,,,,,,,,,,,,
74679e2577a5,my_pilot,max_thrust,ion_next,leo_geo_transfer,reference,5,max_thrust@ion_next,electric,50000,4,ok,False,3,best,return,0,61320,0,3.9999940781854093e-07,29.675527682999018,29.681250136000017,0.0,1.0250386600800994,256.25966502002484,0.0,0,3,4,700050000,900050000,0,False,True,False,4,0.0,-12.065745404235223,0.014035643085704581,0.01404418061513621,93.96632727564588,29.07504726428902,365.0,0.11752083333333334,0.0,0.0,5822.391614490052,0.0,1.0,1.0,0.0,0.0,0.6439497716894977,,0,20830312.043520294,4,,0,0.0,4,timeout,perveance,4,0.0,-12.065745404235223,0.014035643085704581,0.01404418061513621,93.96632727564588,29.07504726428902,365.0,0.11752083333333334,0.0,0.0,5822.391614490052,0.0,1.0,1.0,0.0,0.0,0.6439497716894977,,0,20830312.043520294,4,,0,0.0,4,timeout,perveance,4,0.0,-12.065745404235223,0.014035643085704581,0.01404418061513621,93.96632727564588,29.07504726428902,365.0,0.11752083333333334,0.0,0.0,5822.391614490052,0.0,1.0,1.0,0.0,0.0,0.6439497716894977,,0,20830312.043520294,4,,0,0.0,4,timeout,perveance,,,,,,,,,,,,,,,,,,,,,,
b2e043c45200,my_pilot,max_thrust,ion_next,leo_geo_transfer,reference,6,max_thrust@ion_next,electric,50000,4,ok,False,3,best,return,0,61320,0,2.61999957729131e-07,29.5256528860009,29.52879721300087,0.0,1.0274559300305555,256.86398250763887,0.0,0,3,4,700060000,900060000,0,False,True,False,4,0.0,-12.058853564386345,0.01704419133063405,0.013672028381783718,92.10281769071338,28.391066442115807,365.0,0.11519791666666666,0.0,0.0,5818.284050129981,0.0,1.0,1.0,0.0,0.0,0.6312214611872146,,0,20826687.012945767,4,,0,0.0,4,timeout,perveance,4,0.0,-12.058853564386345,0.01704419133063405,0.013672028381783718,92.10281769071338,28.391066442115807,365.0,0.11519791666666666,0.0,0.0,5818.284050129981,0.0,1.0,1.0,0.0,0.0,0.6312214611872146,,0,20826687.012945767,4,,0,0.0,4,timeout,perveance,4,0.0,-12.058853564386345,0.01704419133063405,0.013672028381783718,92.10281769071338,28.391066442115807,365.0,0.11519791666666666,0.0,0.0,5818.284050129981,0.0,1.0,1.0,0.0,0.0,0.6312214611872146,,0,20826687.012945767,4,,0,0.0,4,timeout,perveance,,,,,,,,,,,,,,,,,,,,,,
3131f2902d2c,my_pilot,max_thrust,ion_next,leo_geo_transfer,reference,7,max_thrust@ion_next,electric,50000,4,ok,False,3,best,return,0,61320,0,3.459990693954751e-07,29.32901578900055,29.332222208999156,0.0,1.0246717567715677,256.16793919289194,0.0,0,3,4,700070000,900070000,0,False,True,False,4,0.0,-12.074308158381559,0.018580065133011033,0.014029884688438993,92.65256934650128,28.846787833380827,365.0,0.11588020833333335,0.0,0.0,5818.798173810978,0.0,1.0,1.0,0.0,0.0,0.6349600456621005,,0,20829102.291157153,4,,0,0.0,4,timeout,perveance,4,0.0,-12.074308158381559,0.018580065133011033,0.014029884688438993,92.65256934650128,28.846787833380827,365.0,0.11588020833333335,0.0,0.0,5818.798173810978,0.0,1.0,1.0,0.0,0.0,0.6349600456621005,,0,20829102.291157153,4,,0,0.0,4,timeout,perveance,4,0.0,-12.074308158381559,0.018580065133011033,0.014029884688438993,92.65256934650128,28.846787833380827,365.0,0.11588020833333335,0.0,0.0,5818.798173810978,0.0,1.0,1.0,0.0,0.0,0.6349600456621005,,0,20829102.291157153,4,,0,0.0,4,timeout,perveance,,,,,,,,,,,,,,,,,,,,,,
4a6552e6b635,my_pilot,prograde,ion_next,leo_geo_transfer,reference,0,prograde@ion_next,electric,50000,4,ok,False,3,best,return,0,61320,0,2.649994712555781e-07,27.400962411000364,27.404370407999522,0.0,1.0125367339896911,253.13418349742278,0.0,0,3,4,700000000,900000000,0,False,True,False,4,0.0,-10.407004913046972,1.662705861428227,0.09194459396533303,607.1662631215445,95.24994298927851,365.0,0.11906242873659813,3237.5,373.76118645970234,5359.530899460013,0.0,1.0,1.0,0.0,0.5,0.6843892694063927,,0,21181032.432882775,4,,0,0.0,4,timeout,perveance,4,0.0,-10.407004913046972,1.662705861428227,0.09194459396533303,607.1662631215445,95.24994298927851,365.0,0.11906242873659813,3237.5,373.76118645970234,5359.530899460013,0.0,1.0,1.0,0.0,0.5,0.6843892694063927,,0,21181032.432882775,4,,0,0.0,4,timeout,perveance,4,0.0,-10.407004913046972,1.662705861428227,0.09194459396533303,607.1662631215445,95.24994298927851,365.0,0.11906242873659813,3237.5,373.76118645970234,5359.530899460013,0.0,1.0,1.0,0.0,0.5,0.6843892694063927,,0,21181032.432882775,4,,0,0.0,4,timeout,perveance,,,,,,,,,,,,,,,,,,,,,,
7777e08b0973,my_pilot,prograde,ion_next,leo_geo_transfer,reference,1,prograde@ion_next,electric,50000,4,ok,False,3,best,return,0,61320,0,3.5499942896422e-07,27.33793366200007,27.345446488998277,0.0,1.0163906270699954,254.09765676749885,0.0,0,3,4,700010000,900010000,0,False,True,False,4,0.0,-7.032012167594482,2.829759171514541,0.10136206923005017,673.7888050417744,103.43276688950067,365.0,0.12929095861187584,1744.0,238.15902521134586,5303.847724228708,0.0,1.0,1.0,0.0,0.5,0.6801084474885846,,0,21224400.588630192,4,,0,0.0,4,timeout,perveance,4,0.0,-7.032012167594482,2.829759171514541,0.10136206923005017,673.7888050417744,103.43276688950067,365.0,0.12929095861187584,1744.0,238.15902521134586,5303.847724228708,0.0,1.0,1.0,0.0,0.5,0.6801084474885846,,0,21224400.588630192,4,,0,0.0,4,timeout,perveance,4,0.0,-7.032012167594482,2.829759171514541,0.10136206923005017,673.7888050417744,103.43276688950067,365.0,0.12929095861187584,1744.0,238.15902521134586,5303.847724228708,0.0,1.0,1.0,0.0,0.5,0.6801084474885846,,0,21224400.588630192,4,,0,0.0,4,timeout,perveance,,,,,,,,,,,,,,,,,,,,,,
e509fd10eed1,my_pilot,prograde,ion_next,leo_geo_transfer,reference,3,prograde@ion_next,electric,50000,4,ok,False,3,best,return,0,61320,0,2.7199894248042256e-07,27.07511054600036,27.07815166200089,0.0,1.0201561141602724,255.0390285400681,0.0,0,3,4,700030000,900030000,0,False,True,False,4,0.0,-10.38731133825441,1.284893294553876,0.09052967244315041,601.5540362252488,94.60527409377971,365.0,0.11825659261722464,2924.5,363.52844370094704,5364.999056468967,0.0,1.0,1.0,0.0,0.5,0.691466894977169,,0,21177615.751623783,4,,0,0.0,4,timeout,perveance,4,0.0,-10.38731133825441,1.284893294553876,0.09052967244315041,601.5540362252488,94.60527409377971,365.0,0.11825659261722464,2924.5,363.52844370094704,5364.999056468967,0.0,1.0,1.0,0.0,0.5,0.691466894977169,,0,21177615.751623783,4,,0,0.0,4,timeout,perveance,4,0.0,-10.38731133825441,1.284893294553876,0.09052967244315041,601.5540362252488,94.60527409377971,365.0,0.11825659261722464,2924.5,363.52844370094704,5364.999056468967,0.0,1.0,1.0,0.0,0.5,0.691466894977169,,0,21177615.751623783,4,,0,0.0,4,timeout,perveance,,,,,,,,,,,,,,,,,,,,,,
f5cc7fa5c0e7,my_pilot,prograde,ion_next,leo_geo_transfer,reference,2,prograde@ion_next,electric,50000,4,ok,False,3,best,return,0,61320,0,5.67000824958086e-07,27.422750522999195,27.42586728600145,0.0,1.0311898090167233,257.7974522541808,0.0,0,3,4,700020000,900020000,0,False,True,False,4,0.0,-10.517999678435416,1.314531769992918,0.09331221351370578,616.3390982981024,96.5409801853132,365.0,0.12067622523164151,2840.0,386.87820413117265,5350.506812545358,0.0,1.0,1.0,0.0,0.5,0.688755707762557,,0,21187874.80207904,4,,0,0.0,4,timeout,perveance,4,0.0,-10.517999678435416,1.314531769992918,0.09331221351370578,616.3390982981024,96.5409801853132,365.0,0.12067622523164151,2840.0,386.87820413117265,5350.506812545358,0.0,1.0,1.0,0.0,0.5,0.688755707762557,,0,21187874.80207904,4,,0,0.0,4,timeout,perveance,4,0.0,-10.517999678435416,1.314531769992918,0.09331221351370578,616.3390982981024,96.5409801853132,365.0,0.12067622523164151,2840.0,386.87820413117265,5350.506812545358,0.0,1.0,1.0,0.0,0.5,0.688755707762557,,0,21187874.80207904,4,,0,0.0,4,timeout,perveance,,,,,,,,,,,,,,,,,,,,,,
c29dec39d5d5,my_pilot,prograde,ion_next,leo_geo_transfer,reference,4,prograde@ion_next,electric,50000,4,ok,False,3,best,return,0,61320,0,2.73999830824323e-07,27.843936773000678,27.84691961399949,0.0,1.0286425951053388,257.1606487763347,0.0,0,3,4,700040000,900040000,0,False,True,False,4,0.0,-8.872078703320863,2.1562677833191346,0.09732417822739342,647.2380274985233,100.51373919710582,365.0,0.12564217399638228,2537.25,318.1946853706289,5328.438799664246,0.0,1.0,1.0,0.0,0.5,0.6730593607305936,,0,21208930.031138256,4,,0,0.0,4,timeout,perveance,4,0.0,-8.872078703320863,2.1562677833191346,0.09732417822739342,647.2380274985233,100.51373919710582,365.0,0.12564217399638228,2537.25,318.1946853706289,5328.438799664246,0.0,1.0,1.0,0.0,0.5,0.6730593607305936,,0,21208930.031138256,4,,0,0.0,4,timeout,perveance,4,0.0,-8.872078703320863,2.1562677833191346,0.09732417822739342,647.2380274985233,100.51373919710582,365.0,0.12564217399638228,2537.25,318.1946853706289,5328.438799664246,0.0,1.0,1.0,0.0,0.5,0.6730593607305936,,0,21208930.031138256,4,,0,0.0,4,timeout,perveance,,,,,,,,,,,,,,,,,,,,,,
c36fd6c16a07,my_pilot,prograde,ion_next,leo_geo_transfer,reference,5,prograde@ion_next,electric,50000,4,ok,False,3,best,return,0,61320,0,4.35999027104117e-07,27.757996247999472,27.761148681000122,0.0,1.012533680173874,253.1334200434685,0.0,0,3,4,700050000,900050000,0,False,True,False,4,0.0,-10.992000247716568,1.514650769201298,0.09156233167484848,607.6373565549188,95.34933429180882,365.0,0.11918666786476101,3528.5,402.65484231125527,5364.615953910874,0.0,1.0,1.0,0.0,0.5,0.6990296803652969,,0,21181559.196936436,4,,0,0.0,4,timeout,perveance,4,0.0,-10.992000247716568,1.514650769201298,0.09156233167484848,607.6373565549188,95.34933429180882,365.0,0.11918666786476101,3528.5,402.65484231125527,5364.615953910874,0.0,1.0,1.0,0.0,0.5,0.6990296803652969,,0,21181559.196936436,4,,0,0.0,4,timeout,perveance,4,0.0,-10.992000247716568,1.514650769201298,0.09156233167484848,607.6373565549188,95.34933429180882,365.0,0.11918666786476101,3528.5,402.65484231125527,5364.615953910874,0.0,1.0,1.0,0.0,0.5,0.6990296803652969,,0,21181559.196936436,4,,0,0.0,4,timeout,perveance,,,,,,,,,,,,,,,,,,,,,,
9ba276bbf7c9,my_pilot,prograde,ion_next,leo_geo_transfer,reference,6,prograde@ion_next,electric,50000,4,ok,False,3,best,return,0,61320,0,3.850000211969018e-07,27.343878145999042,27.346901991000777,0.0,1.0097027421143139,252.42568552857847,0.0,0,3,4,700060000,900060000,0,False,True,False,4,0.0,-9.7033610881812,2.0077161103249335,0.09416077378483953,619.8819877447452,96.95020909862927,365.0,0.12118776137328659,2796.25,347.5420745534513,5343.565448598269,0.0,1.0,1.0,0.0,0.5,0.6795376712328768,,0,21190043.674764737,4,,0,0.0,4,timeout,perveance,4,0.0,-9.7033610881812,2.0077161103249335,0.09416077378483953,619.8819877447452,96.95020909862927,365.0,0.12118776137328659,2796.25,347.5420745534513,5343.565448598269,0.0,1.0,1.0,0.0,0.5,0.6795376712328768,,0,21190043.674764737,4,,0,0.0,4,timeout,perveance,4,0.0,-9.7033610881812,2.0077161103249335,0.09416077378483953,619.8819877447452,96.95020909862927,365.0,0.12118776137328659,2796.25,347.5420745534513,5343.565448598269,0.0,1.0,1.0,0.0,0.5,0.6795376712328768,,0,21190043.674764737,4,,0,0.0,4,timeout,perveance,,,,,,,,,,,,,,,,,,,,,,
d7ab55d9a886,my_pilot,prograde,ion_next,leo_geo_transfer,reference,7,prograde@ion_next,electric,50000,4,ok,False,3,best,return,0,61320,0,2.8099930204916745e-07,27.42270236799959,27.425906487000248,0.0,1.0164079150126781,254.10197875316953,0.0,0,3,4,700070000,900070000,0,False,True,False,4,0.0,-10.391340071403059,2.372459573025176,0.08735089004451616,583.5160177439341,92.02315580730904,365.0,0.11502894475913628,3134.5,345.4574910415312,5386.080272892064,0.0,1.0,1.0,0.0,0.5,0.6826769406392694,,0,21163930.780595277,4,,0,0.0,4,timeout,perveance,4,0.0,-10.391340071403059,2.372459573025176,0.08735089004451616,583.5160177439341,92.02315580730904,365.0,0.11502894475913628,3134.5,345.4574910415312,5386.080272892064,0.0,1.0,1.0,0.0,0.5,0.6826769406392694,,0,21163930.780595277,4,,0,0.0,4,timeout,perveance,4,0.0,-10.391340071403059,2.372459573025176,0.08735089004451616,583.5160177439341,92.02315580730904,365.0,0.11502894475913628,3134.5,345.4574910415312,5386.080272892064,0.0,1.0,1.0,0.0,0.5,0.6826769406392694,,0,21163930.780595277,4,,0,0.0,4,timeout,perveance,,,,,,,,,,,,,,,,,,,,,,
61b5d8bcf7e7,my_pilot,edelbaum,ion_next,leo_geo_transfer,reference,0,edelbaum@ion_next,electric,50000,4,ok,False,3,best,return,0,61320,0,2.81001121038571e-07,26.325975601999744,26.329018958000233,0.0,1.185563174974959,296.3907937437398,0.0,0,3,4,700000000,900000000,0,False,True,False,4,0.0,-19.605676715365234,2.0536396310976808,0.08192978995371536,614.1085558942434,87.22992760301348,365.0,0.10903740950376685,3648.25,823.9990385110619,5418.6141140904465,0.0,1.0,1.0,0.0,0.6499999761581421,0.26529680365296804,,0,21138527.14612489,4,,0,0.0,4,timeout,thermal,4,0.0,-19.605676715365234,2.0536396310976808,0.08192978995371536,614.1085558942434,87.22992760301348,365.0,0.10903740950376685,3648.25,823.9990385110619,5418.6141140904465,0.0,1.0,1.0,0.0,0.6499999761581421,0.26529680365296804,,0,21138527.14612489,4,,0,0.0,4,timeout,thermal,4,0.0,-19.605676715365234,2.0536396310976808,0.08192978995371536,614.1085558942434,87.22992760301348,365.0,0.10903740950376685,3648.25,823.9990385110619,5418.6141140904465,0.0,1.0,1.0,0.0,0.6499999761581421,0.26529680365296804,,0,21138527.14612489,4,,0,0.0,4,timeout,thermal,,,,,,,,,,,,,,,,,,,,,,
104535c5ed17,my_pilot,edelbaum,ion_next,leo_geo_transfer,reference,1,edelbaum@ion_next,electric,50000,4,ok,False,3,best,return,0,61320,0,3.639997885329649e-07,26.511543966998943,26.514595315000406,0.0,1.191701588089927,297.9253970224818,0.0,0,3,4,700010000,900010000,0,False,True,False,4,0.0,-16.3371589377051,4.636239844722884,0.08450283353027985,631.9267542851876,87.94155335615636,365.0,0.10992694169519546,3664.0,661.1205213750494,5403.312847078623,0.0,1.0,1.0,0.0,0.6499999761581421,0.2500570776255708,,0,21142298.69209392,4,,0,0.0,4,timeout,thermal,4,0.0,-16.3371589377051,4.636239844722884,0.08450283353027985,631.9267542851876,87.94155335615636,365.0,0.10992694169519546,3664.0,661.1205213750494,5403.312847078623,0.0,1.0,1.0,0.0,0.6499999761581421,0.2500570776255708,,0,21142298.69209392,4,,0,0.0,4,timeout,thermal,4,0.0,-16.3371589377051,4.636239844722884,0.08450283353027985,631.9267542851876,87.94155335615636,365.0,0.10992694169519546,3664.0,661.1205213750494,5403.312847078623,0.0,1.0,1.0,0.0,0.6499999761581421,0.2500570776255708,,0,21142298.69209392,4,,0,0.0,4,timeout,thermal,,,,,,,,,,,,,,,,,,,,,,
64e060c20ec6,my_pilot,edelbaum,ion_next,leo_geo_transfer,reference,2,edelbaum@ion_next,electric,50000,4,ok,False,3,best,return,0,61320,0,3.2099887903314084e-07,26.048826615002326,26.051875089999157,0.0,1.176133175038558,294.0332937596395,0.0,0,3,4,700020000,900020000,0,False,True,False,4,0.0,-19.440624798598254,2.5937850916102536,0.08216143150160543,615.7943724866869,87.38534308424957,365.0,0.10923167885531197,3654.75,816.2978188489109,5416.273708881578,0.0,1.0,1.0,0.0,0.6499999761581421,0.27120433789954335,,0,21139350.832773652,4,,0,0.0,4,timeout,thermal,4,0.0,-19.440624798598254,2.5937850916102536,0.08216143150160543,615.7943724866869,87.38534308424957,365.0,0.10923167885531197,3654.75,816.2978188489109,5416.273708881578,0.0,1.0,1.0,0.0,0.6499999761581421,0.27120433789954335,,0,21139350.832773652,4,,0,0.0,4,timeout,thermal,4,0.0,-19.440624798598254,2.5937850916102536,0.08216143150160543,615.7943724866869,87.38534308424957,365.0,0.10923167885531197,3654.75,816.2978188489109,5416.273708881578,0.0,1.0,1.0,0.0,0.6499999761581421,0.27120433789954335,,0,21139350.832773652,4,,0,0.0,4,timeout,thermal,,,,,,,,,,,,,,,,,,,,,,
593e31054b01,my_pilot,edelbaum,ion_next,leo_geo_transfer,reference,3,edelbaum@ion_next,electric,50000,4,ok,False,3,best,return,0,61320,0,2.769993443507701e-07,26.15642671599926,26.159485292999307,0.0,1.1865396133052855,296.63490332632136,0.0,0,3,4,700030000,900030000,0,False,True,False,4,0.0,-19.921509472890982,3.3862418496227455,0.08246684974529186,611.9101933203059,87.25981519555887,365.0,0.1090747689944486,3649.5,844.2060016191165,5412.610176049722,0.0,1.0,1.0,0.0,0.6499999761581421,0.27428652968036527,,0,21138685.547403496,4,,0,0.0,4,timeout,thermal,4,0.0,-19.921509472890982,3.3862418496227455,0.08246684974529186,611.9101933203059,87.25981519555887,365.0,0.1090747689944486,3649.5,844.2060016191165,5412.610176049722,0.0,1.0,1.0,0.0,0.6499999761581421,0.27428652968036527,,0,21138685.547403496,4,,0,0.0,4,timeout,thermal,4,0.0,-19.921509472890982,3.3862418496227455,0.08246684974529186,611.9101933203059,87.25981519555887,365.0,0.1090747689944486,3649.5,844.2060016191165,5412.610176049722,0.0,1.0,1.0,0.0,0.6499999761581421,0.27428652968036527,,0,21138685.547403496,4,,0,0.0,4,timeout,thermal,,,,,,,,,,,,,,,,,,,,,,
68c432d574c0,my_pilot,edelbaum,ion_next,leo_geo_transfer,reference,4,edelbaum@ion_next,electric,50000,4,ok,False,3,best,return,0,61320,0,5.35999788553454e-07,26.515610748001563,26.518631244000062,0.0,1.1792523041967797,294.81307604919493,0.0,0,3,4,700040000,900040000,0,False,True,False,4,0.0,-18.196465656331796,2.4671070750878865,0.0829638561386877,621.4642774156198,87.38534308424957,365.0,0.10923167885531197,3654.75,754.8951583789286,5413.2294141808325,0.0,1.0,1.0,0.0,0.6499999761581421,0.25396689497716896,,0,21139350.83277365,4,,0,0.0,4,timeout,thermal,4,0.0,-18.196465656331796,2.4671070750878865,0.0829638561386877,621.4642774156198,87.38534308424957,365.0,0.10923167885531197,3654.75,754.8951583789286,5413.2294141808325,0.0,1.0,1.0,0.0,0.6499999761581421,0.25396689497716896,,0,21139350.83277365,4,,0,0.0,4,timeout,thermal,4,0.0,-18.196465656331796,2.4671070750878865,0.0829638561386877,621.4642774156198,87.38534308424957,365.0,0.10923167885531197,3654.75,754.8951583789286,5413.2294141808325,0.0,1.0,1.0,0.0,0.6499999761581421,0.25396689497716896,,0,21139350.83277365,4,,0,0.0,4,timeout,thermal,,,,,,,,,,,,,,,,,,,,,,
981b99bdfd2e,my_pilot,edelbaum,ion_next,leo_geo_transfer,reference,5,edelbaum@ion_next,electric,50000,4,ok,False,3,best,return,0,61320,0,3.0000046535860747e-07,26.51328096999896,26.516360861000067,0.0,1.1976900940917403,299.4225235229351,0.0,0,3,4,700050000,900050000,0,False,True,False,4,0.0,-19.582694536606066,2.520852951560668,0.08228266729525963,611.5788310362705,86.92507415905035,365.0,0.10865634269881294,3635.5,825.2994158698145,5419.422051870751,0.0,1.0,1.0,0.0,0.6499999761581421,0.2798230593607306,,0,21136911.453083083,4,,0,0.0,4,timeout,thermal,4,0.0,-19.582694536606066,2.520852951560668,0.08228266729525963,611.5788310362705,86.92507415905035,365.0,0.10865634269881294,3635.5,825.2994158698145,5419.422051870751,0.0,1.0,1.0,0.0,0.6499999761581421,0.2798230593607306,,0,21136911.453083083,4,,0,0.0,4,timeout,thermal,4,0.0,-19.582694536606066,2.520852951560668,0.08228266729525963,611.5788310362705,86.92507415905035,365.0,0.10865634269881294,3635.5,825.2994158698145,5419.422051870751,0.0,1.0,1.0,0.0,0.6499999761581421,0.2798230593607306,,0,21136911.453083083,4,,0,0.0,4,timeout,thermal,,,,,,,,,,,,,,,,,,,,,,
aee12269d11f,my_pilot,edelbaum,ion_next,leo_geo_transfer,reference,6,edelbaum@ion_next,electric,50000,4,ok,False,3,best,return,0,61320,0,2.8800059226341546e-07,26.20586616500077,26.208943776000524,0.0,1.2093654290074483,302.34135725186206,0.0,0,3,4,700060000,900060000,0,False,True,False,4,0.0,-19.211863297505058,2.0323440314750614,0.08205069597287387,616.124098564354,87.2478601585407,365.0,0.1090598251981759,3649.0,803.5133686702391,5414.935283432316,0.0,1.0,1.0,0.0,0.6499999761581421,0.2595890410958904,,0,21138622.186892055,4,,0,0.0,4,timeout,thermal,4,0.0,-19.211863297505058,2.0323440314750614,0.08205069597287387,616.124098564354,87.2478601585407,365.0,0.1090598251981759,3649.0,803.5133686702391,5414.935283432316,0.0,1.0,1.0,0.0,0.6499999761581421,0.2595890410958904,,0,21138622.186892055,4,,0,0.0,4,timeout,thermal,4,0.0,-19.211863297505058,2.0323440314750614,0.08205069597287387,616.124098564354,87.2478601585407,365.0,0.1090598251981759,3649.0,803.5133686702391,5414.935283432316,0.0,1.0,1.0,0.0,0.6499999761581421,0.2595890410958904,,0,21138622.186892055,4,,0,0.0,4,timeout,thermal,,,,,,,,,,,,,,,,,,,,,,
326c02561dd1,my_pilot,edelbaum,ion_next,leo_geo_transfer,reference,7,edelbaum@ion_next,electric,50000,4,ok,False,3,best,return,0,61320,0,2.5900044420268387e-07,26.137930709999637,26.14100705099918,0.0,1.1753315982459753,293.83289956149383,0.0,0,3,4,700070000,900070000,0,False,True,False,4,0.0,-20.42231468327229,3.2297220072614605,0.0814052975463902,611.0829090921311,87.38534308424958,365.0,0.10923167885531196,3654.75,862.9151933528083,5421.176162031527,0.0,1.0,1.0,0.0,0.6499999761581421,0.2648972602739726,,0,21139350.832773652,4,,0,0.0,4,timeout,thermal,4,0.0,-20.42231468327229,3.2297220072614605,0.0814052975463902,611.0829090921311,87.38534308424958,365.0,0.10923167885531196,3654.75,862.9151933528083,5421.176162031527,0.0,1.0,1.0,0.0,0.6499999761581421,0.2648972602739726,,0,21139350.832773652,4,,0,0.0,4,timeout,thermal,4,0.0,-20.42231468327229,3.2297220072614605,0.0814052975463902,611.0829090921311,87.38534308424958,365.0,0.10923167885531196,3654.75,862.9151933528083,5421.176162031527,0.0,1.0,1.0,0.0,0.6499999761581421,0.2648972602739726,,0,21139350.832773652,4,,0,0.0,4,timeout,thermal,,,,,,,,,,,,,,,,,,,,,,
bc98447b27e1,my_pilot,ppo,ion_next,leo_geo_transfer,reference,0,ppo@ion_next,electric,50000,4,ok,True,3,best,return,50000,280320,50000,162.24488137799926,158.95503319199997,214.19838161799998,0.024034791000303812,14.386991576766377,0.28771681419019235,0.0,152075,3,4,700000000,900000000,0,True,True,False,4,0.0,-4.433486065635204,0.28645984820747095,0.08388206363187842,544.5661025652053,85.40668821442401,365.0,0.123625,0.0,0.0,5407.0812320691675,0.0,0.49685002020283786,0.0,0.0,0.5029700265942166,0.0,,0,21128864.158049703,4,,0,0.0,4,timeout,none,4,0.0,-11.973342752962088,0.05238831596515531,9.034689393561113e-07,6.3346743619613015,1.179245118008461,365.0,0.005802083333333334,0.0,0.0,5902.164826832339,0.0,0.0873242350218639,0.000656392694063927,0.6000856164383562,0.4095094813629304,0.001569634703196347,,0,20682467.056639146,4,,0,0.0,4,timeout,none,4,0.0,-4.433486065635204,0.28645984820747095,0.08388206363187842,544.5661025652053,85.40668821442401,365.0,0.123625,0.0,0.0,5407.0812320691675,0.0,0.49685002020283786,0.0,0.0,0.5029700265942166,0.0,,0,21128864.158049703,4,,0,0.0,4,timeout,none,,-0.020067161612678318,0.003887225402286276,6.687227992713451,0.017782527295639738,0.24375,0.5143979787826538,10.0,0.0,0.0,24.0,49152.0,-0.0833003968000412,,,,,,,,,
5db7396b1f95,my_pilot,ppo,ion_next,leo_geo_transfer,reference,1,ppo@ion_next,electric,50000,4,ok,True,3,best,return,50000,280320,50000,164.34497088699936,162.66162166300091,217.533977830999,0.023184637002486852,14.205621866982256,0.2840897101628321,0.0,152075,3,4,700010000,900010000,0,True,True,False,4,0.0,-4.267837887173268,0.4519796066128982,0.08500124774841969,550.8856899955606,84.61674356791272,365.0,0.122484375,0.0,0.0,5400.35885993079,0.0,0.49692286683255,0.0,0.0,0.5030554638682231,0.0,,0,21124677.52970728,4,,0,0.0,4,timeout,none,4,0.0,-12.062569241062384,0.03522448162160674,5.5220092044783176e-06,7.033053669272415,1.175998188893708,365.0,0.014890625,0.0,0.0,5901.998511575644,0.0,0.14929122920722177,0.0,0.5496575342465754,0.3042338388678554,0.0,,0,20682449.848236606,4,,0,0.0,4,timeout,none,4,0.0,-4.267837887173268,0.4519796066128982,0.08500124774841969,550.8856899955606,84.61674356791272,365.0,0.122484375,0.0,0.0,5400.35885993079,0.0,0.49692286683255,0.0,0.0,0.5030554638682231,0.0,,0,21124677.52970728,4,,0,0.0,4,timeout,none,,-0.01736033994529862,0.01332334315375192,6.566936092078686,0.014671055995859206,0.2056640625,0.7680010795593262,10.0,0.0,0.0,24.0,49152.0,-0.1077919751405716,,,,,,,,,
dacd8fe0bea9,my_pilot,ppo,ion_next,leo_geo_transfer,reference,3,ppo@ion_next,electric,50000,4,ok,True,3,best,return,50000,280320,50000,164.2969826439985,162.05483465500402,217.1489069649997,0.023446443003194872,14.466286759043214,0.2893025909735864,0.0,152075,3,4,700030000,900030000,0,True,True,False,4,0.0,-4.33341157613162,0.3654657838032354,0.0852135566096632,552.0242757628828,86.9298187899222,365.0,0.1258125,0.0,0.0,5396.417313118347,0.0,0.49684786690594673,0.0,0.0,0.5029764803653778,0.0,,0,21136936.599156506,4,,0,0.0,4,timeout,none,4,0.0,-12.058325908336805,0.08556264020941547,1.4713833581564417e-05,6.6752696023131675,1.2368942990846654,365.0,0.009203125,0.0,0.0,5900.906790605171,0.0,0.25116669432128264,0.01749429223744292,0.5869292237442922,0.4327175471149215,0.0,,0,20682772.591585774,4,,0,0.0,4,timeout,none,4,0.0,-4.33341157613162,0.3654657838032354,0.0852135566096632,552.0242757628828,86.9298187899222,365.0,0.1258125,0.0,0.0,5396.417313118347,0.0,0.49684786690594673,0.0,0.0,0.5029764803653778,0.0,,0,21136936.599156506,4,,0,0.0,4,timeout,none,,-0.017340493662049993,0.014033342296170304,6.67857630699873,0.01666342699609231,0.24462890625,0.0025673508644104004,10.0,0.0,0.0,24.0,49152.0,-0.08555890619754791,,,,,,,,,
449d90f7b822,my_pilot,ppo,ion_next,leo_geo_transfer,reference,2,ppo@ion_next,electric,50000,4,ok,True,3,best,return,50000,280320,50000,166.71662965399992,168.12103547399784,223.44770745300048,0.02299188600227353,14.772714273507518,0.2954306510180689,0.0,152075,3,4,700020000,900020000,0,True,True,False,4,0.0,-4.362877964608165,0.491381871604518,0.08480728930623854,553.598683598826,86.71276150483791,365.0,0.1255,0.0,0.0,5400.674334785412,0.0,0.49684558497937437,0.0,0.0,0.5029707680690234,0.0,,0,21135786.21705609,4,,0,0.0,4,timeout,none,4,0.0,-12.26445731928619,0.047252003354837695,0.0022732085525982992,29.105671124810577,8.050297872943709,365.0,0.04685937500000001,0.0,0.0,5887.704960868497,0.0,0.21461936824414965,0.0,0.40228310502283104,0.26908242461616044,0.0829337899543379,,0,20718882.95531401,4,,0,0.0,4,timeout,perveance,4,0.0,-4.362877964608165,0.491381871604518,0.08480728930623854,553.598683598826,86.71276150483791,365.0,0.1255,0.0,0.0,5400.674334785412,0.0,0.49684558497937437,0.0,0.0,0.5029707680690234,0.0,,0,21135786.21705609,4,,0,0.0,4,timeout,none,,-0.01653501623077318,0.004983986216211633,6.724129159748554,0.016172758271568454,0.2322265625,0.6367086172103882,10.0,0.0,0.0,24.0,49152.0,-0.07635179907083511,,,,,,,,,
324d54177419,my_pilot,ppo,ion_next,leo_geo_transfer,reference,4,ppo@ion_next,electric,50000,4,ok,True,3,best,return,50000,280320,50000,163.82881490300133,161.03692558399598,216.5133655769987,0.02366080100182444,14.487940726874513,0.2897356356866353,0.0,152075,3,4,700040000,900040000,0,True,True,False,4,0.0,-4.372316257993179,0.3029010965001442,0.08392675684675696,544.5148054884783,84.5078258640746,365.0,0.12232812500000001,0.0,0.0,5407.559147201944,0.0,0.49688710631658084,0.0,0.0,0.5029965990133686,0.0,,0,21124100.27667076,4,,0,0.0,4,timeout,none,4,0.0,-12.054263999084679,0.12254799499258139,0.0003156802165324435,4.645709167848524,0.8409284149629979,365.0,0.011708333333333333,0.0,0.0,5905.525473402538,0.0,0.03955950496386583,0.0,0.6698915525114155,0.28896233546781486,0.0006278538812785388,,0,20680674.011640433,4,,0,0.0,4,timeout,none,4,0.0,-4.372316257993179,0.3029010965001442,0.08392675684675696,544.5148054884783,84.5078258640746,365.0,0.12232812500000001,0.0,0.0,5407.559147201944,0.0,0.49688710631658084,0.0,0.0,0.5029965990133686,0.0,,0,21124100.27667076,4,,0,0.0,4,timeout,none,,-0.01604736276640324,0.00886978728158283,6.658045715093612,0.013143200470949523,0.188232421875,0.7907309532165527,10.0,0.0,0.0,24.0,49152.0,-0.0878235250711441,,,,,,,,,
cfffee97ef2f,my_pilot,ppo,ion_next,leo_geo_transfer,reference,6,ppo@ion_next,electric,50000,4,ok,True,3,best,return,50000,280320,50000,166.6510106149999,168.73481292699944,223.61414968699864,0.02328417399985483,14.580177768786598,0.29158022895741537,0.0,152075,3,4,700060000,900060000,0,True,True,False,4,0.0,-4.445708647173602,0.1344976753165392,0.08363221288139136,543.7141343896226,85.0218226165026,365.0,0.12307291666666667,0.0,0.0,5405.591277357065,0.0,0.49687644337223136,0.0,0.0,0.5030100758404357,0.0,,0,21126824.40852118,4,,0,0.0,4,timeout,none,4,0.0,-12.065555258485789,0.09177495303628581,0.005985580670309604,71.32039125231927,11.614154718100135,365.0,0.068890625,0.0,0.0,5863.658909486699,0.0,0.25428985708040186,0.003167808219178082,0.26429794520547945,0.49637713521191656,0.0,,0,20737771.043412555,4,,0,0.0,4,timeout,none,4,0.0,-4.445708647173602,0.1344976753165392,0.08363221288139136,543.7141343896226,85.0218226165026,365.0,0.12307291666666667,0.0,0.0,5405.591277357065,0.0,0.49687644337223136,0.0,0.0,0.5030100758404357,0.0,,0,21126824.40852118,4,,0,0.0,4,timeout,none,,-0.023590441099076997,0.0014446738085098331,6.6426015719771385,0.019955167156876997,0.28115234375,0.6815540194511414,10.0,0.0,0.0,24.0,49152.0,-0.08743558079004288,,,,,,,,,
1db7c9268c73,my_pilot,ppo,ion_next,leo_geo_transfer,reference,5,ppo@ion_next,electric,50000,4,ok,True,3,best,return,50000,280320,50000,170.44381903499925,174.51360121299695,230.31441133200133,0.022978894001425942,14.808083975432965,0.2961379884695817,0.0,152075,3,4,700050000,900050000,0,True,True,False,4,0.0,-4.3046215465418385,0.25998919747031374,0.08559234876735078,558.2938195849914,87.62226745011846,365.0,0.1268125,0.0,0.0,5399.875911303518,0.0,0.49680201611800556,0.0,0.0,0.5029348478086939,0.0,,0,21140606.508433383,4,,0,0.0,4,timeout,none,4,0.0,-11.888345037115407,0.5556031414344895,0.01175595943365601,101.20466355966482,18.576013874409767,365.0,0.10632291666666667,0.0,0.0,5835.880680575691,0.0,0.22317227038584617,0.0,0.0673230593607306,0.4604771617612882,0.004195205479452055,,0,20774668.207015723,4,,0,0.0,4,timeout,none,4,0.0,-4.3046215465418385,0.25998919747031374,0.08559234876735078,558.2938195849914,87.62226745011846,365.0,0.1268125,0.0,0.0,5399.875911303518,0.0,0.49680201611800556,0.0,0.0,0.5029348478086939,0.0,,0,21140606.508433383,4,,0,0.0,4,timeout,none,,-0.015970296677551232,0.007445106880186359,6.48158351033926,0.015679953788639976,0.223828125,-0.09259462356567383,10.0,0.0,0.0,24.0,49152.0,-0.12290704250335693,,,,,,,,,
9690f8e35d26,my_pilot,ppo,ion_next,leo_geo_transfer,reference,7,ppo@ion_next,electric,50000,4,ok,True,3,best,return,50000,280320,50000,164.89074893200086,166.9409114559985,221.76229934300136,0.023781673997291364,14.811316604822423,0.2962026358855776,0.0,152075,3,4,700070000,900070000,0,True,True,False,4,0.0,-4.550997022392037,0.3684444583041206,0.08334311271316439,543.5557616072238,85.8253248447479,365.0,0.124234375,0.0,0.0,5409.731276843613,0.0,0.49684742256726844,0.0,0.0,0.5029872662902354,0.0,,0,21131082.89070323,4,,0,0.0,4,timeout,none,4,0.0,-12.039944072555551,0.16250156183687803,0.008045942768412612,72.49986763893939,11.252270740511882,365.0,0.088265625,0.0,0.0,5854.253828910815,0.0,0.27138451949680503,0.0,0.15944634703196348,0.5812055576490621,0.0,,0,20735853.0941943,4,,0,0.0,4,timeout,none,4,0.0,-4.550997022392037,0.3684444583041206,0.08334311271316439,543.5557616072238,85.8253248447479,365.0,0.124234375,0.0,0.0,5409.731276843613,0.0,0.49684742256726844,0.0,0.0,0.5029872662902354,0.0,,0,21131082.89070323,4,,0,0.0,4,timeout,none,,-0.01908039672707673,0.002582256752430112,6.484178464114666,0.016167664190288634,0.23564453125,0.8212589025497437,10.0,0.0,0.0,24.0,49152.0,-0.12521234154701233,,,,,,,,,
f0292f4d784b,my_pilot,sac,ion_next,leo_geo_transfer,reference,0,sac@ion_next,electric,50000,4,ok,True,3,best,return,50000,280320,50000,530.0815108820007,152.47236421499838,581.9340105579995,397.70534243400107,7.794532774852996,0.15587818524224054,0.0,231437,3,4,700000000,900000000,0,True,True,False,4,0.0,-4.305438204811548,0.29017373212711084,0.08519702614383981,553.1167549333334,86.8964611050054,365.0,0.12414583333333333,0.0,0.0,5399.3217019403355,0.0,0.5008941684998403,0.0,0.0,0.5014434036394777,0.0,,0,21136759.80673222,4,,0,0.0,4,timeout,none,4,0.0,-13.276403644521785,0.5540753431433882,0.0049539438536205516,244.57005333682548,42.07203630301652,365.0,0.114921875,33.0,3.044237497604985,5874.595425416342,0.0,0.3621263929612969,0.0053938356164383566,0.02651255707762557,0.4507365582859544,0.24994292237442922,,0,20899194.79741455,4,,0,0.0,4,timeout,perveance,4,0.0,-4.305438204811548,0.29017373212711084,0.08519702614383981,553.1167549333334,86.8964611050054,365.0,0.12414583333333333,0.0,0.0,5399.3217019403355,0.0,0.5008941684998403,0.0,0.0,0.5014434036394777,0.0,,0,21136759.80673222,4,,0,0.0,4,timeout,none,,,,-5.286532878875732,,,,,,,50000.0,50000.0,,7.553381146863103e-05,0.22137708961963654,-0.0001195813892991282,-0.23888160288333893,-0.23742447793483734,-0.2383490949869156,0.00041743286419659853,50000.0,0.0
ce975c03cdae,my_pilot,sac,ion_next,leo_geo_transfer,reference,1,sac@ion_next,electric,50000,4,ok,True,3,best,return,50000,280320,50000,533.9824525960012,150.91127120100282,586.188013541001,403.7667459889999,8.002434715268464,0.16003589143405456,0.0,231437,3,4,700010000,900010000,0,True,True,False,4,0.0,-4.182066933052107,0.46326596221975114,0.0858527975560614,556.7305359839488,85.66065143606339,365.0,0.12238020833333334,0.0,0.0,5395.332989309568,0.0,0.5009209815574359,0.0,0.0,0.5015345499974135,0.0,,0,21130210.137956455,4,,0,0.0,4,timeout,none,4,0.0,-15.330975460201724,2.5680752385499903,0.0,181.68029089881043,31.668280745057977,365.0,0.10882291666666667,322.75,70.7559362990197,5930.427174587964,0.0,0.3797542458604256,0.007277397260273972,0.02288812785388128,0.45584083287019844,0.22879566210045663,,0,20844055.923977055,4,,0,0.0,4,timeout,perveance,4,0.0,-4.182066933052107,0.46326596221975114,0.0858527975560614,556.7305359839488,85.66065143606339,365.0,0.12238020833333334,0.0,0.0,5395.332989309568,0.0,0.5009209815574359,0.0,0.0,0.5015345499974135,0.0,,0,21130210.137956455,4,,0,0.0,4,timeout,none,,,,-5.2757463455200195,,,,,,,50000.0,50000.0,,0.024103887379169464,-34.09716033935547,-0.002742861397564411,33.871402740478516,33.911285400390625,33.932594299316406,0.009948235005140305,50000.0,0.0
15e32b7805a3,my_pilot,sac,ion_next,leo_geo_transfer,reference,2,sac@ion_next,electric,50000,4,ok,True,3,best,return,50000,280320,50000,535.0852150280007,150.36639974399804,587.6029300680002,405.94323231800263,7.924724423901353,0.15848180993323238,0.0,231437,3,4,700020000,900020000,0,True,True,False,4,0.0,-4.26469418726183,0.4930619763328003,0.08579162696453926,560.1111325186998,87.88032440193282,365.0,0.12555208333333334,0.0,0.0,5394.865908389022,0.0,0.5008846919345733,0.0,0.0,0.5014460598854305,0.0,,0,21141974.18470437,4,,0,0.0,4,timeout,none,4,0.0,-17.079724555935684,1.3364022838976488,0.0,212.05197438905736,38.143064771731886,365.0,0.11308854166666665,476.5,153.12839947240843,5933.666975632581,0.0,0.3879581397884104,0.03361872146118721,0.08307648401826484,0.48650685630262447,0.2995719178082192,,0,20878371.637662653,4,,0,0.0,4,timeout,perveance,4,0.0,-4.26469418726183,0.4930619763328003,0.08579162696453926,560.1111325186998,87.88032440193282,365.0,0.12555208333333334,0.0,0.0,5394.865908389022,0.0,0.5008846919345733,0.0,0.0,0.5014460598854305,0.0,,0,21141974.18470437,4,,0,0.0,4,timeout,none,,,,-4.806960105895996,,,,,,,50000.0,50000.0,,0.05822093039751053,-51.407318115234375,0.005007033236324787,51.10591125488281,51.08694839477539,51.083187103271484,0.02594069577753544,50000.0,0.0
eb7263efe7fd,my_pilot,sac,ion_next,leo_geo_transfer,reference,3,sac@ion_next,electric,50000,4,ok,True,3,best,return,50000,280320,50000,532.6471031189994,152.105168742999,585.4655178289995,401.48588663699957,8.199513216932246,0.16397714616695155,0.0,231437,3,4,700030000,900030000,0,True,True,False,4,0.0,-4.225397056366372,0.3874086204681936,0.08630834227658213,559.2158825933607,88.2100983200424,365.0,0.12602604166666667,0.0,0.0,5389.958185168901,0.0,0.5008784501817605,0.0,0.0,0.501450786188449,0.0,,0,21143721.953789514,4,,0,0.0,4,timeout,none,4,0.0,-13.509743976408894,0.18034743292443312,0.001983396815365024,132.41201854957674,28.414599949445016,365.0,0.115171875,37.0,5.417085544537109,5890.411185704592,0.0,0.3236870194134647,0.0013698630136986301,0.14406392694063927,0.3629381432942196,0.29800228310502286,,0,20826811.738202427,4,,0,0.0,4,timeout,perveance,4,0.0,-4.225397056366372,0.3874086204681936,0.08630834227658213,559.2158825933607,88.2100983200424,365.0,0.12602604166666667,0.0,0.0,5389.958185168901,0.0,0.5008784501817605,0.0,0.0,0.501450786188449,0.0,,0,21143721.953789514,4,,0,0.0,4,timeout,none,,,,-5.049961090087891,,,,,,,50000.0,50000.0,,0.00013712127110920846,-2.08323335647583,-5.244110798230395e-05,2.0618438720703125,2.0667996406555176,2.065145969390869,0.0010493280133232474,50000.0,0.0
fd891bfec66b,my_pilot,sac,ion_next,leo_geo_transfer,reference,4,sac@ion_next,electric,50000,4,ok,True,3,best,return,50000,280320,50000,537.7534132359997,153.17642657099714,591.0821010250002,405.88060308499735,8.092292543906296,0.16183290424578628,0.0,231437,3,4,700040000,900040000,0,True,True,False,4,0.0,-4.25096367482126,0.3297821432038304,0.08513844735897677,551.9835614880196,85.81491493360264,365.0,0.12260416666666667,0.0,0.0,5400.409801781181,0.0,0.5008972104145512,0.0,0.0,0.5014939286835389,0.0,,0,21131027.71920579,4,,0,0.0,4,timeout,none,4,0.0,-16.65830434657468,2.4980784565426104,0.0001860415348323985,220.1236815145329,32.50591980811494,365.0,0.10322916666666668,586.25,159.21597259764886,5919.685399408627,0.0,0.3615652188573662,0.007448630136986301,0.07003424657534246,0.6705887782042974,0.18598744292237443,,0,20848495.328000624,4,,0,0.0,4,timeout,perveance,4,0.0,-4.25096367482126,0.3297821432038304,0.08513844735897677,551.9835614880196,85.81491493360264,365.0,0.12260416666666667,0.0,0.0,5400.409801781181,0.0,0.5008972104145512,0.0,0.0,0.5014939286835389,0.0,,0,21131027.71920579,4,,0,0.0,4,timeout,none,,,,-5.211256504058838,,,,,,,50000.0,50000.0,,57.938140869140625,-2258.616455078125,-0.18440482020378113,2248.04541015625,2248.177001953125,2247.51611328125,0.8728455901145935,50000.0,0.0
1281ceb775ce,my_pilot,sac,ion_next,leo_geo_transfer,reference,7,sac@ion_next,electric,50000,4,ok,True,3,best,return,50000,277588,50000,539.7085778889996,148.97863873699862,589.1075480170002,408.30851647500094,7.881218936165169,0.15761176978172084,0.0,231437,3,4,700070000,900070000,0,True,True,False,4,0.0,-4.458846373831202,0.374704426906501,0.08426441771785831,549.6718019955993,86.94281027290808,365.0,0.12420833333333334,0.0,0.0,5404.29322338214,0.0,0.5009071435617733,0.0,0.0,0.5014418557133169,0.0,,0,21137005.452728864,4,,0,0.0,4,timeout,none,4,0.0,-42.58552057274693,32.415976379348606,0.0007248667174951928,294.9242541420776,40.79415854885701,336.5416666666667,0.08015625,1707.75,561.9097745667661,5964.3201064304885,0.0,0.6554869322299188,0.18533923122839233,0.014585170270851702,0.5902432276648397,0.2616746848042468,,0,19614466.028268486,4,,0,0.0,4,timeout,thermal,4,0.0,-4.458846373831202,0.374704426906501,0.08426441771785831,549.6718019955993,86.94281027290808,365.0,0.12420833333333334,0.0,0.0,5404.29322338214,0.0,0.5009071435617733,0.0,0.0,0.5014418557133169,0.0,,0,21137005.452728864,4,,0,0.0,4,timeout,none,,,,-4.8928632736206055,,,,,,,50000.0,50000.0,,515.4189453125,-6976.92431640625,0.26617082953453064,6942.49609375,6941.50439453125,6938.4736328125,2.4841983318328857,50000.0,0.0
01488e4c2e8b,my_pilot,sac,ion_next,leo_geo_transfer,reference,6,sac@ion_next,electric,50000,4,ok,True,3,best,return,50000,280320,50000,539.3121268059986,153.5007415989985,592.0294200940007,406.65779848999955,8.125512261167387,0.16249724544371225,0.0,231437,3,4,700060000,900060000,0,True,True,False,4,0.0,-4.336809726832843,0.1373888804653547,0.08472812114737455,550.772906508143,86.27769573488756,365.0,0.12326041666666668,0.0,0.0,5399.124683715044,0.0,0.5009091789166541,0.0,0.0,0.5014728162454688,0.0,,0,21133480.411590688,4,,0,0.0,4,timeout,none,4,0.0,-15.184709526682607,0.4244996899481283,0.00025295863534660623,241.39491721348722,35.18518742769386,365.0,0.11144791666666667,298.25,69.5907850866611,5917.726570233772,0.0,0.466249942925831,0.020804794520547946,0.10570776255707762,0.7158246512707646,0.12562785388127853,,0,20862695.180867035,4,,0,0.0,4,timeout,perveance,4,0.0,-4.336809726832843,0.1373888804653547,0.08472812114737455,550.772906508143,86.27769573488756,365.0,0.12326041666666668,0.0,0.0,5399.124683715044,0.0,0.5009091789166541,0.0,0.0,0.5014728162454688,0.0,,0,21133480.411590688,4,,0,0.0,4,timeout,none,,,,-5.302022933959961,,,,,,,50000.0,50000.0,,0.0863589495420456,-53.76996612548828,-0.00763110164552927,53.39976501464844,53.43454360961914,53.384498596191406,0.02526944689452648,50000.0,0.0
65efa5746501,my_pilot,sac,ion_next,leo_geo_transfer,reference,5,sac@ion_next,electric,50000,4,ok,True,3,best,return,50000,280320,50000,544.2823128210002,149.72414233499876,596.8124763150008,416.02256032699916,7.960882986009892,0.15920492332633174,0.0,231437,3,4,700050000,900050000,0,True,True,False,4,0.0,-4.19994672594467,0.24293840812878317,0.0866586713364009,565.474825436606,88.9007796844018,365.0,0.12701041666666665,0.0,0.0,5393.579714633974,0.0,0.5008770245012559,0.0,0.0,0.5014257074508084,0.0,,0,21147382.496573597,4,,0,0.0,4,timeout,none,4,0.0,-15.684935614354492,1.3863324286151024,0.0,186.11403093325202,30.242956060572048,365.0,0.11346354166666667,381.0,102.5333814337255,5921.124389351107,0.0,0.3444276522164611,0.001969178082191781,0.13196347031963468,0.5950258636549456,0.18544520547945206,,0,20836501.844399985,4,,0,0.0,4,timeout,perveance,4,0.0,-4.19994672594467,0.24293840812878317,0.0866586713364009,565.474825436606,88.9007796844018,365.0,0.12701041666666665,0.0,0.0,5393.579714633974,0.0,0.5008770245012559,0.0,0.0,0.5014257074508084,0.0,,0,21147382.496573597,4,,0,0.0,4,timeout,none,,,,-4.752617835998535,,,,,,,50000.0,50000.0,,0.17597711086273193,-91.1367416381836,0.009353995323181152,90.79354858398438,90.85548400878906,90.69779205322266,0.0378098264336586,50000.0,0.0
f4b8fa4d69f2,my_pilot,random,ion_nstar,leo_geo_transfer,reference,0,random@ion_nstar,electric,50000,4,ok,False,3,best,return,0,61320,0,2.8700014809146523e-07,33.60114316900035,33.604195260999404,0.0,1.154609469080242,288.6523672700605,0.0,0,3,4,700000000,900000000,0,False,True,False,4,0.0,-16.421665507974556,0.32132626651034857,0.0,151.67180745481983,27.715338245209026,365.0,0.24805833333333333,613.0,82.30904876671858,5907.619694350816,0.0,0.5007838734540425,0.010159817351598174,0.010702054794520549,0.4977714081163004,0.37568493150684934,,0,18336912.84834806,4,,0,0.0,4,timeout,power,4,0.0,-16.421665507974556,0.32132626651034857,0.0,151.67180745481983,27.715338245209026,365.0,0.24805833333333333,613.0,82.30904876671858,5907.619694350816,0.0,0.5007838734540425,0.010159817351598174,0.010702054794520549,0.4977714081163004,0.37568493150684934,,0,18336912.84834806,4,,0,0.0,4,timeout,power,4,0.0,-16.421665507974556,0.32132626651034857,0.0,151.67180745481983,27.715338245209026,365.0,0.24805833333333333,613.0,82.30904876671858,5907.619694350816,0.0,0.5007838734540425,0.010159817351598174,0.010702054794520549,0.4977714081163004,0.37568493150684934,,0,18336912.84834806,4,,0,0.0,4,timeout,power,,,,,,,,,,,,,,,,,,,,,,
1b4de16968e0,my_pilot,random,ion_nstar,leo_geo_transfer,reference,1,random@ion_nstar,electric,50000,4,ok,False,3,best,return,0,61320,0,2.8999966161791235e-07,33.55857658599962,33.563724743999046,0.0,1.0980974488575157,274.5243622143789,0.0,0,3,4,700010000,900010000,0,False,True,False,4,0.0,-16.03104020282417,0.4173414725749527,0.0,154.2250870379909,27.596473243329907,365.0,0.24841666666666667,489.0,60.4889948517268,5908.062051074055,0.0,0.4982552905350107,0.009417808219178082,0.009988584474885844,0.500365227099389,0.3670947488584475,,0,18336282.87561771,4,,0,0.0,4,timeout,power,4,0.0,-16.03104020282417,0.4173414725749527,0.0,154.2250870379909,27.596473243329907,365.0,0.24841666666666667,489.0,60.4889948517268,5908.062051074055,0.0,0.4982552905350107,0.009417808219178082,0.009988584474885844,0.500365227099389,0.3670947488584475,,0,18336282.87561771,4,,0,0.0,4,timeout,power,4,0.0,-16.03104020282417,0.4173414725749527,0.0,154.2250870379909,27.596473243329907,365.0,0.24841666666666667,489.0,60.4889948517268,5908.062051074055,0.0,0.4982552905350107,0.009417808219178082,0.009988584474885844,0.500365227099389,0.3670947488584475,,0,18336282.87561771,4,,0,0.0,4,timeout,power,,,,,,,,,,,,,,,,,,,,,,
53505ef84dd5,my_pilot,random,ion_nstar,leo_geo_transfer,reference,2,random@ion_nstar,electric,50000,4,ok,False,3,best,return,0,61320,0,3.160002961521968e-07,33.4518158710016,33.454975525999544,0.0,1.1285611677885754,282.14029194714385,0.0,0,3,4,700020000,900020000,0,False,True,False,4,0.0,-16.41257878561302,0.2282803382656872,0.0,152.85159600929242,27.90953614295909,365.0,0.24932499999999996,623.0,81.60163494395465,5905.916524915728,0.0,0.5003699959430112,0.009788812785388129,0.010702054794520549,0.5001637703785885,0.37839611872146117,,0,18337942.077960983,4,,0,0.0,4,timeout,power,4,0.0,-16.41257878561302,0.2282803382656872,0.0,152.85159600929242,27.90953614295909,365.0,0.24932499999999996,623.0,81.60163494395465,5905.916524915728,0.0,0.5003699959430112,0.009788812785388129,0.010702054794520549,0.5001637703785885,0.37839611872146117,,0,18337942.077960983,4,,0,0.0,4,timeout,power,4,0.0,-16.41257878561302,0.2282803382656872,0.0,152.85159600929242,27.90953614295909,365.0,0.24932499999999996,623.0,81.60163494395465,5905.916524915728,0.0,0.5003699959430112,0.009788812785388129,0.010702054794520549,0.5001637703785885,0.37839611872146117,,0,18337942.077960983,4,,0,0.0,4,timeout,power,,,,,,,,,,,,,,,,,,,,,,
9d48acbfce93,my_pilot,random,ion_nstar,leo_geo_transfer,reference,3,random@ion_nstar,electric,50000,4,ok,False,3,best,return,0,61320,0,2.999986463692039e-07,33.57170769900222,33.574779225000384,0.0,1.1190708080193872,279.7677020048468,0.0,0,3,4,700030000,900030000,0,False,True,False,4,0.0,-16.557080000190346,0.5388957134381176,0.0,152.8452699841786,28.03625382543555,365.0,0.24905833333333335,678.25,89.10638558553461,5903.647151792088,0.0,0.5012626794817513,0.010901826484018265,0.00976027397260274,0.49922216479160464,0.3817922374429224,,0,18338613.669120293,4,,0,0.0,4,timeout,power,4,0.0,-16.557080000190346,0.5388957134381176,0.0,152.8452699841786,28.03625382543555,365.0,0.24905833333333335,678.25,89.10638558553461,5903.647151792088,0.0,0.5012626794817513,0.010901826484018265,0.00976027397260274,0.49922216479160464,0.3817922374429224,,0,18338613.669120293,4,,0,0.0,4,timeout,power,4,0.0,-16.557080000190346,0.5388957134381176,0.0,152.8452699841786,28.03625382543555,365.0,0.24905833333333335,678.25,89.10638558553461,5903.647151792088,0.0,0.5012626794817513,0.010901826484018265,0.00976027397260274,0.49922216479160464,0.3817922374429224,,0,18338613.669120293,4,,0,0.0,4,timeout,power,,,,,,,,,,,,,,,,,,,,,,
fa70567cccdf,my_pilot,random,ion_nstar,leo_geo_transfer,reference,4,random@ion_nstar,electric,50000,4,ok,False,3,best,return,0,61320,0,2.8399881557561457e-07,33.628386516998944,33.63181010900007,0.0,1.1301842770208168,282.5460692552042,0.0,0,3,4,700040000,900040000,0,False,True,False,4,0.0,-16.11372521311882,0.2799345112791134,0.0,152.2675035795055,27.55417966332405,365.0,0.24734166666666665,539.0,67.58219169483613,5908.131013615717,0.0,0.49748385103087717,0.009788812785388127,0.010587899543378996,0.49788979309436665,0.3691495433789954,,0,18336058.723835,4,,0,0.0,4,timeout,power,4,0.0,-16.11372521311882,0.2799345112791134,0.0,152.2675035795055,27.55417966332405,365.0,0.24734166666666665,539.0,67.58219169483613,5908.131013615717,0.0,0.49748385103087717,0.009788812785388127,0.010587899543378996,0.49788979309436665,0.3691495433789954,,0,18336058.723835,4,,0,0.0,4,timeout,power,4,0.0,-16.11372521311882,0.2799345112791134,0.0,152.2675035795055,27.55417966332405,365.0,0.24734166666666665,539.0,67.58219169483613,5908.131013615717,0.0,0.49748385103087717,0.009788812785388127,0.010587899543378996,0.49788979309436665,0.3691495433789954,,0,18336058.723835,4,,0,0.0,4,timeout,power,,,,,,,,,,,,,,,,,,,,,,
7e90d79cdbe6,my_pilot,random,ion_nstar,leo_geo_transfer,reference,5,random@ion_nstar,electric,50000,4,ok,False,3,best,return,0,61320,0,4.369994712760672e-07,33.90752510299899,33.910805544999675,0.0,1.1079354589237482,276.98386473093706,0.0,0,3,4,700050000,900050000,0,False,True,False,4,0.0,-16.42659168447309,0.31675755390828025,0.0,152.6779137413588,27.95166120077799,365.0,0.2516166666666666,621.75,81.6852989429866,5909.184810801448,0.0,0.4972880243540627,0.009874429223744291,0.01021689497716895,0.4996508628419137,0.3828481735159817,,0,18338165.3365928,4,,0,0.0,4,timeout,power,4,0.0,-16.42659168447309,0.31675755390828025,0.0,152.6779137413588,27.95166120077799,365.0,0.2516166666666666,621.75,81.6852989429866,5909.184810801448,0.0,0.4972880243540627,0.009874429223744291,0.01021689497716895,0.4996508628419137,0.3828481735159817,,0,18338165.3365928,4,,0,0.0,4,timeout,power,4,0.0,-16.42659168447309,0.31675755390828025,0.0,152.6779137413588,27.95166120077799,365.0,0.2516166666666666,621.75,81.6852989429866,5909.184810801448,0.0,0.4972880243540627,0.009874429223744291,0.01021689497716895,0.4996508628419137,0.3828481735159817,,0,18338165.3365928,4,,0,0.0,4,timeout,power,,,,,,,,,,,,,,,,,,,,,,
2e2f51d516ba,my_pilot,random,ion_nstar,leo_geo_transfer,reference,6,random@ion_nstar,electric,50000,4,ok,False,3,best,return,0,61320,0,3.2600109989289194e-07,33.25547247900067,33.25842033899971,0.0,1.110782370013112,277.695592503278,0.0,0,3,4,700060000,900060000,0,False,True,False,4,0.0,-16.272386320259653,0.3091144470161827,0.0,151.4757960996483,27.597369322169463,365.0,0.24701666666666666,595.75,74.78153847208021,5904.687166250456,0.0,0.4991950273020491,0.009246575342465754,0.01035958904109589,0.5007691178122136,0.3717180365296804,,0,18336287.624746755,4,,0,0.0,4,timeout,power,4,0.0,-16.272386320259653,0.3091144470161827,0.0,151.4757960996483,27.597369322169463,365.0,0.24701666666666666,595.75,74.78153847208021,5904.687166250456,0.0,0.4991950273020491,0.009246575342465754,0.01035958904109589,0.5007691178122136,0.3717180365296804,,0,18336287.624746755,4,,0,0.0,4,timeout,power,4,0.0,-16.272386320259653,0.3091144470161827,0.0,151.4757960996483,27.597369322169463,365.0,0.24701666666666666,595.75,74.78153847208021,5904.687166250456,0.0,0.4991950273020491,0.009246575342465754,0.01035958904109589,0.5007691178122136,0.3717180365296804,,0,18336287.624746755,4,,0,0.0,4,timeout,power,,,,,,,,,,,,,,,,,,,,,,
45ce32994a88,my_pilot,random,ion_nstar,leo_geo_transfer,reference,7,random@ion_nstar,electric,50000,4,ok,False,3,best,return,0,61320,0,2.630004019010812e-07,33.265566336998745,33.26852848300041,0.0,1.1056593540542963,276.41483851357407,0.0,0,3,4,700070000,900070000,0,False,True,False,4,0.0,-16.48920126258354,0.5433356562124619,0.0,150.2472152640124,27.64465391532874,365.0,0.24620833333333333,672.0,88.39637202769872,5904.018213492496,0.0,0.4993229999764053,0.010616438356164383,0.009189497716894977,0.49941238073640626,0.37371575342465757,,0,18336538.228404563,4,,0,0.0,4,timeout,power,4,0.0,-16.48920126258354,0.5433356562124619,0.0,150.2472152640124,27.64465391532874,365.0,0.24620833333333333,672.0,88.39637202769872,5904.018213492496,0.0,0.4993229999764053,0.010616438356164383,0.009189497716894977,0.49941238073640626,0.37371575342465757,,0,18336538.228404563,4,,0,0.0,4,timeout,power,4,0.0,-16.48920126258354,0.5433356562124619,0.0,150.2472152640124,27.64465391532874,365.0,0.24620833333333333,672.0,88.39637202769872,5904.018213492496,0.0,0.4993229999764053,0.010616438356164383,0.009189497716894977,0.49941238073640626,0.37371575342465757,,0,18336538.228404563,4,,0,0.0,4,timeout,power,,,,,,,,,,,,,,,,,,,,,,
4bbfc88076ba,my_pilot,max_thrust,ion_nstar,leo_geo_transfer,reference,0,max_thrust@ion_nstar,electric,50000,4,ok,False,3,best,return,0,61320,0,3.8299913285300136e-07,32.65042512900254,32.653847425001004,0.0,1.0651806090390892,266.2951522597723,0.0,0,3,4,700000000,900000000,0,False,True,False,4,0.0,-11.536704139277942,0.05681309704463447,0.031924740905896004,207.78413513916507,44.06586802263997,365.0,0.2589666666666667,0.0,0.0,5713.745241215874,0.0,1.0,1.0,0.0,0.0,0.8868721461187216,,0,18423569.035819136,4,,0,0.0,4,timeout,perveance,4,0.0,-11.536704139277942,0.05681309704463447,0.031924740905896004,207.78413513916507,44.06586802263997,365.0,0.2589666666666667,0.0,0.0,5713.745241215874,0.0,1.0,1.0,0.0,0.0,0.8868721461187216,,0,18423569.035819136,4,,0,0.0,4,timeout,perveance,4,0.0,-11.536704139277942,0.05681309704463447,0.031924740905896004,207.78413513916507,44.06586802263997,365.0,0.2589666666666667,0.0,0.0,5713.745241215874,0.0,1.0,1.0,0.0,0.0,0.8868721461187216,,0,18423569.035819136,4,,0,0.0,4,timeout,perveance,,,,,,,,,,,,,,,,,,,,,,
b51360781aef,my_pilot,max_thrust,ion_nstar,leo_geo_transfer,reference,1,max_thrust@ion_nstar,electric,50000,4,ok,False,3,best,return,0,61320,0,2.950000634882599e-07,32.53492795500097,32.5381056719998,0.0,1.0462179671121703,261.5544917780426,0.0,0,3,4,700010000,900010000,0,False,True,False,4,0.0,-11.512567315521,0.06827730902941943,0.031660428185001976,205.93088569481114,42.79446207030402,365.0,0.25724166666666665,0.0,0.0,5715.170057113661,0.0,1.0,1.0,0.0,0.0,0.8809646118721461,,0,18416830.710269004,4,,0,0.0,4,timeout,perveance,4,0.0,-11.512567315521,0.06827730902941943,0.031660428185001976,205.93088569481114,42.79446207030402,365.0,0.25724166666666665,0.0,0.0,5715.170057113661,0.0,1.0,1.0,0.0,0.0,0.8809646118721461,,0,18416830.710269004,4,,0,0.0,4,timeout,perveance,4,0.0,-11.512567315521,0.06827730902941943,0.031660428185001976,205.93088569481114,42.79446207030402,365.0,0.25724166666666665,0.0,0.0,5715.170057113661,0.0,1.0,1.0,0.0,0.0,0.8809646118721461,,0,18416830.710269004,4,,0,0.0,4,timeout,perveance,,,,,,,,,,,,,,,,,,,,,,
79886825e9ba,my_pilot,max_thrust,ion_nstar,leo_geo_transfer,reference,2,max_thrust@ion_nstar,electric,50000,4,ok,False,3,best,return,0,61320,0,3.320001269457862e-07,32.37773606599876,32.38096372899963,0.0,1.042865982009971,260.71649550249276,0.0,0,3,4,700020000,900020000,0,False,True,False,4,0.0,-11.532112991667645,0.07285519003194343,0.03216321240898676,210.0164932786219,44.49824534277142,365.0,0.260625,0.0,0.0,5711.317659424274,0.0,1.0,1.0,0.0,0.0,0.8925513698630138,,0,18425860.592766926,4,,0,0.0,4,timeout,perveance,4,0.0,-11.532112991667645,0.07285519003194343,0.03216321240898676,210.0164932786219,44.49824534277142,365.0,0.260625,0.0,0.0,5711.317659424274,0.0,1.0,1.0,0.0,0.0,0.8925513698630138,,0,18425860.592766926,4,,0,0.0,4,timeout,perveance,4,0.0,-11.532112991667645,0.07285519003194343,0.03216321240898676,210.0164932786219,44.49824534277142,365.0,0.260625,0.0,0.0,5711.317659424274,0.0,1.0,1.0,0.0,0.0,0.8925513698630138,,0,18425860.592766926,4,,0,0.0,4,timeout,perveance,,,,,,,,,,,,,,,,,,,,,,
fdbfe0e02082,my_pilot,max_thrust,ion_nstar,leo_geo_transfer,reference,3,max_thrust@ion_nstar,electric,50000,4,ok,False,3,best,return,0,61320,0,2.840006345650181e-07,32.51624025399906,32.51953934700032,0.0,1.0401733990456705,260.04334976141763,0.0,0,3,4,700030000,900030000,0,False,True,False,4,0.0,-11.517422260127542,0.053668978481857574,0.03263599732805397,211.1949775583832,45.00090500570202,365.0,0.26215,0.0,0.0,5706.583733192754,0.0,1.0,1.0,0.0,0.0,0.8977739726027397,,0,18428524.63916652,4,,0,0.0,4,timeout,perveance,4,0.0,-11.517422260127542,0.053668978481857574,0.03263599732805397,211.1949775583832,45.00090500570202,365.0,0.26215,0.0,0.0,5706.583733192754,0.0,1.0,1.0,0.0,0.0,0.8977739726027397,,0,18428524.63916652,4,,0,0.0,4,timeout,perveance,4,0.0,-11.517422260127542,0.053668978481857574,0.03263599732805397,211.1949775583832,45.00090500570202,365.0,0.26215,0.0,0.0,5706.583733192754,0.0,1.0,1.0,0.0,0.0,0.8977739726027397,,0,18428524.63916652,4,,0,0.0,4,timeout,perveance,,,,,,,,,,,,,,,,,,,,,,
d859f784a86f,my_pilot,max_thrust,ion_nstar,leo_geo_transfer,reference,4,max_thrust@ion_nstar,electric,50000,4,ok,False,3,best,return,0,61320,0,2.559991116868332e-07,32.84030104999874,32.84349388600094,0.0,1.049760157971832,262.440039492958,0.0,0,3,4,700040000,900040000,0,False,True,False,4,0.0,-11.521820296604758,0.03927690013440126,0.03160585138987612,206.73280502799804,43.391363764748256,365.0,0.25805,0.0,0.0,5716.3953120477845,0.0,1.0,1.0,0.0,0.0,0.8837328767123287,,0,18419994.230096165,4,,0,0.0,4,timeout,perveance,4,0.0,-11.521820296604758,0.03927690013440126,0.03160585138987612,206.73280502799804,43.391363764748256,365.0,0.25805,0.0,0.0,5716.3953120477845,0.0,1.0,1.0,0.0,0.0,0.8837328767123287,,0,18419994.230096165,4,,0,0.0,4,timeout,perveance,4,0.0,-11.521820296604758,0.03927690013440126,0.03160585138987612,206.73280502799804,43.391363764748256,365.0,0.25805,0.0,0.0,5716.3953120477845,0.0,1.0,1.0,0.0,0.0,0.8837328767123287,,0,18419994.230096165,4,,0,0.0,4,timeout,perveance,,,,,,,,,,,,,,,,,,,,,,
7f7ab231584e,my_pilot,max_thrust,ion_nstar,leo_geo_transfer,reference,5,max_thrust@ion_nstar,electric,50000,4,ok,False,3,best,return,0,61320,0,4.459998308448121e-07,32.3815281520001,32.38496119899901,0.0,1.0319938090524374,257.99845226310936,0.0,0,3,4,700050000,900050000,0,False,True,False,4,0.0,-11.532391056075411,0.04585741531373433,0.03257021674692617,212.03643297278373,45.021288946325534,365.0,0.263575,0.0,0.0,5712.988854455775,0.0,1.0,1.0,0.0,0.0,0.9026541095890411,,0,18428632.672031764,4,,0,0.0,4,timeout,perveance,4,0.0,-11.532391056075411,0.04585741531373433,0.03257021674692617,212.03643297278373,45.021288946325534,365.0,0.263575,0.0,0.0,5712.988854455775,0.0,1.0,1.0,0.0,0.0,0.9026541095890411,,0,18428632.672031764,4,,0,0.0,4,timeout,perveance,4,0.0,-11.532391056075411,0.04585741531373433,0.03257021674692617,212.03643297278373,45.021288946325534,365.0,0.263575,0.0,0.0,5712.988854455775,0.0,1.0,1.0,0.0,0.0,0.9026541095890411,,0,18428632.672031764,4,,0,0.0,4,timeout,perveance,,,,,,,,,,,,,,,,,,,,,,
ec2990515f7a,my_pilot,max_thrust,ion_nstar,leo_geo_transfer,reference,6,max_thrust@ion_nstar,electric,50000,4,ok,False,3,best,return,0,61320,0,2.950000634882599e-07,32.460816213000726,32.46424687599938,0.0,1.0355557360162493,258.8889340040623,0.0,0,3,4,700060000,900060000,0,False,True,False,4,0.0,-11.535829887880519,0.023974338645763066,0.03183144625863085,207.48705031843645,43.87789560522217,365.0,0.25888333333333335,0.0,0.0,5711.160387991973,0.0,1.0,1.0,0.0,0.0,0.8865867579908675,,0,18422572.800635017,4,,0,0.0,4,timeout,perveance,4,0.0,-11.535829887880519,0.023974338645763066,0.03183144625863085,207.48705031843645,43.87789560522217,365.0,0.25888333333333335,0.0,0.0,5711.160387991973,0.0,1.0,1.0,0.0,0.0,0.8865867579908675,,0,18422572.800635017,4,,0,0.0,4,timeout,perveance,4,0.0,-11.535829887880519,0.023974338645763066,0.03183144625863085,207.48705031843645,43.87789560522217,365.0,0.25888333333333335,0.0,0.0,5711.160387991973,0.0,1.0,1.0,0.0,0.0,0.8865867579908675,,0,18422572.800635017,4,,0,0.0,4,timeout,perveance,,,,,,,,,,,,,,,,,,,,,,
148e8190ef8d,my_pilot,prograde,ion_nstar,leo_geo_transfer,reference,0,prograde@ion_nstar,electric,50000,4,ok,False,3,best,return,0,61320,0,3.049990482395515e-07,29.588533415999336,29.591684728000473,0.0,1.0218786680852645,255.46966702131613,0.0,0,3,4,700000000,900000000,0,False,True,False,4,0.0,-18.814437964579998,1.8158049937182563,0.03090499578161257,204.9459854152363,36.777802648847654,365.0,0.18494166666666667,3304.5,446.8278418025078,5719.769291045013,0.0,1.0,1.0,0.0,0.5,0.6869863013698629,,0,18384943.011590578,4,,0,0.0,4,timeout,thermal,4,0.0,-18.814437964579998,1.8158049937182563,0.03090499578161257,204.9459854152363,36.777802648847654,365.0,0.18494166666666667,3304.5,446.8278418025078,5719.769291045013,0.0,1.0,1.0,0.0,0.5,0.6869863013698629,,0,18384943.011590578,4,,0,0.0,4,timeout,thermal,4,0.0,-18.814437964579998,1.8158049937182563,0.03090499578161257,204.9459854152363,36.777802648847654,365.0,0.18494166666666667,3304.5,446.8278418025078,5719.769291045013,0.0,1.0,1.0,0.0,0.5,0.6869863013698629,,0,18384943.011590578,4,,0,0.0,4,timeout,thermal,,,,,,,,,,,,,,,,,,,,,,
8ff8a5f6c0b1,my_pilot,max_thrust,ion_nstar,leo_geo_transfer,reference,7,max_thrust@ion_nstar,electric,50000,4,ok,False,3,best,return,0,61320,0,2.630004019010812e-07,32.2243576009987,32.22739364900008,0.0,1.0336517920004553,258.41294800011383,0.0,0,3,4,700070000,900070000,0,False,True,False,4,0.0,-11.56111212873525,0.050039820899797346,0.03215027169062201,208.69253127363908,44.571005533405284,365.0,0.25915,0.0,0.0,5711.8571789601065,0.0,1.0,1.0,0.0,0.0,0.8875,,0,18426246.214566693,4,,0,0.0,4,timeout,perveance,4,0.0,-11.56111212873525,0.050039820899797346,0.03215027169062201,208.69253127363908,44.571005533405284,365.0,0.25915,0.0,0.0,5711.8571789601065,0.0,1.0,1.0,0.0,0.0,0.8875,,0,18426246.214566693,4,,0,0.0,4,timeout,perveance,4,0.0,-11.56111212873525,0.050039820899797346,0.03215027169062201,208.69253127363908,44.571005533405284,365.0,0.25915,0.0,0.0,5711.8571789601065,0.0,1.0,1.0,0.0,0.0,0.8875,,0,18426246.214566693,4,,0,0.0,4,timeout,perveance,,,,,,,,,,,,,,,,,,,,,,
1541433a45b7,my_pilot,prograde,ion_nstar,leo_geo_transfer,reference,1,prograde@ion_nstar,electric,50000,4,ok,False,3,best,return,0,61320,0,3.430013748584315e-07,30.09352070999921,30.096929774001183,0.0,1.0463931599915668,261.5982899978917,0.0,0,3,4,700010000,900010000,0,False,True,False,4,0.0,-17.27409340218747,2.8471591657940687,0.03331954648730412,219.58887161850106,38.5983323610478,365.0,0.19118333333333332,3420.75,373.7905566075251,5705.388523341973,0.0,1.0,1.0,0.0,0.5,0.7689783105022832,,0,18394591.63864943,4,,0,0.0,4,timeout,perveance,4,0.0,-17.27409340218747,2.8471591657940687,0.03331954648730412,219.58887161850106,38.5983323610478,365.0,0.19118333333333332,3420.75,373.7905566075251,5705.388523341973,0.0,1.0,1.0,0.0,0.5,0.7689783105022832,,0,18394591.63864943,4,,0,0.0,4,timeout,perveance,4,0.0,-17.27409340218747,2.8471591657940687,0.03331954648730412,219.58887161850106,38.5983323610478,365.0,0.19118333333333332,3420.75,373.7905566075251,5705.388523341973,0.0,1.0,1.0,0.0,0.5,0.7689783105022832,,0,18394591.63864943,4,,0,0.0,4,timeout,perveance,,,,,,,,,,,,,,,,,,,,,,
28cdbe16101f,my_pilot,prograde,ion_nstar,leo_geo_transfer,reference,2,prograde@ion_nstar,electric,50000,4,ok,False,3,best,return,0,61320,0,3.530003596097231e-07,30.15435176399842,30.15792156000134,0.0,1.0403721109487378,260.09302773718446,0.0,0,3,4,700020000,900020000,0,False,True,False,4,0.0,-18.659729623025278,2.599389991424153,0.03167100138167592,206.4186773255956,37.01268683426546,365.0,0.18611666666666668,3333.75,442.6577032107067,5714.217989121793,0.0,1.0,1.0,0.0,0.5,0.7032819634703196,,0,18386187.8744961,4,,0,0.0,4,timeout,thermal,4,0.0,-18.659729623025278,2.599389991424153,0.03167100138167592,206.4186773255956,37.01268683426546,365.0,0.18611666666666668,3333.75,442.6577032107067,5714.217989121793,0.0,1.0,1.0,0.0,0.5,0.7032819634703196,,0,18386187.8744961,4,,0,0.0,4,timeout,thermal,4,0.0,-18.659729623025278,2.599389991424153,0.03167100138167592,206.4186773255956,37.01268683426546,365.0,0.18611666666666668,3333.75,442.6577032107067,5714.217989121793,0.0,1.0,1.0,0.0,0.5,0.7032819634703196,,0,18386187.8744961,4,,0,0.0,4,timeout,thermal,,,,,,,,,,,,,,,,,,,,,,
27586976f91f,my_pilot,prograde,ion_nstar,leo_geo_transfer,reference,3,prograde@ion_nstar,electric,50000,4,ok,False,3,best,return,0,61320,0,2.8999966161791235e-07,29.9165389710015,29.9196069919999,0.0,1.0336702687473007,258.4175671868252,0.0,0,3,4,700030000,900030000,0,False,True,False,4,0.0,-19.416118336552582,3.1258463068841715,0.03113962489510444,205.3618015358089,36.984396288964895,365.0,0.1847416666666667,3321.0,480.4032130826357,5715.403773786249,0.0,1.0,1.0,0.0,0.5,0.6878995433789954,,0,18386037.937409617,4,,0,0.0,4,timeout,thermal,4,0.0,-19.416118336552582,3.1258463068841715,0.03113962489510444,205.3618015358089,36.984396288964895,365.0,0.1847416666666667,3321.0,480.4032130826357,5715.403773786249,0.0,1.0,1.0,0.0,0.5,0.6878995433789954,,0,18386037.937409617,4,,0,0.0,4,timeout,thermal,4,0.0,-19.416118336552582,3.1258463068841715,0.03113962489510444,205.3618015358089,36.984396288964895,365.0,0.1847416666666667,3321.0,480.4032130826357,5715.403773786249,0.0,1.0,1.0,0.0,0.5,0.6878995433789954,,0,18386037.937409617,4,,0,0.0,4,timeout,thermal,,,,,,,,,,,,,,,,,,,,,,
dbf8a0536178,my_pilot,prograde,ion_nstar,leo_geo_transfer,reference,4,prograde@ion_nstar,electric,50000,4,ok,False,3,best,return,0,61320,0,2.85999703919515e-07,30.65753069299899,30.660967230998722,0.0,1.055284628073423,263.82115701835573,0.0,0,3,4,700040000,900040000,0,False,True,False,4,0.0,-17.726767228464475,1.9188622139042089,0.03219686538120278,210.922505001558,37.467371593638596,365.0,0.18721666666666664,3361.0,395.64070220137035,5712.889760590238,0.0,1.0,1.0,0.0,0.5,0.7435502283105023,,0,18388597.65866119,4,,0,0.0,4,timeout,thermal,4,0.0,-17.726767228464475,1.9188622139042089,0.03219686538120278,210.922505001558,37.467371593638596,365.0,0.18721666666666664,3361.0,395.64070220137035,5712.889760590238,0.0,1.0,1.0,0.0,0.5,0.7435502283105023,,0,18388597.65866119,4,,0,0.0,4,timeout,thermal,4,0.0,-17.726767228464475,1.9188622139042089,0.03219686538120278,210.922505001558,37.467371593638596,365.0,0.18721666666666664,3361.0,395.64070220137035,5712.889760590238,0.0,1.0,1.0,0.0,0.5,0.7435502283105023,,0,18388597.65866119,4,,0,0.0,4,timeout,thermal,,,,,,,,,,,,,,,,,,,,,,
119927668c24,my_pilot,prograde,ion_nstar,leo_geo_transfer,reference,5,prograde@ion_nstar,electric,50000,4,ok,False,3,best,return,0,61320,0,3.830009518424049e-07,30.06402701799925,30.067330407000554,0.0,1.0381540430280438,259.53851075701095,0.0,0,3,4,700050000,900050000,0,False,True,False,4,0.0,-18.93451154905408,2.0016850739721184,0.03131215949025257,204.64725712154637,36.73896940407713,365.0,0.18494166666666667,3275.5,455.75637890530004,5720.417542986672,0.0,1.0,1.0,0.0,0.5,0.6954908675799086,,0,18384737.199241698,4,,0,0.0,4,timeout,thermal,4,0.0,-18.93451154905408,2.0016850739721184,0.03131215949025257,204.64725712154637,36.73896940407713,365.0,0.18494166666666667,3275.5,455.75637890530004,5720.417542986672,0.0,1.0,1.0,0.0,0.5,0.6954908675799086,,0,18384737.199241698,4,,0,0.0,4,timeout,thermal,4,0.0,-18.93451154905408,2.0016850739721184,0.03131215949025257,204.64725712154637,36.73896940407713,365.0,0.18494166666666667,3275.5,455.75637890530004,5720.417542986672,0.0,1.0,1.0,0.0,0.5,0.6954908675799086,,0,18384737.199241698,4,,0,0.0,4,timeout,thermal,,,,,,,,,,,,,,,,,,,,,,
2932b43e47b0,my_pilot,prograde,ion_nstar,leo_geo_transfer,reference,6,prograde@ion_nstar,electric,50000,4,ok,False,3,best,return,0,61320,0,4.90999809699133e-07,29.84121087300082,29.844590972999868,0.0,1.0269548130472685,256.73870326181714,0.0,0,3,4,700060000,900060000,0,False,True,False,4,0.0,-18.4972731229588,1.9534834787787774,0.031162114412744357,206.72354953121268,36.974670460355554,365.0,0.18445,3302.5,431.6539495879043,5715.122980139525,0.0,1.0,1.0,0.0,0.5,0.70625,,0,18385986.391481824,4,,0,0.0,4,timeout,perveance,4,0.0,-18.4972731229588,1.9534834787787774,0.031162114412744357,206.72354953121268,36.974670460355554,365.0,0.18445,3302.5,431.6539495879043,5715.122980139525,0.0,1.0,1.0,0.0,0.5,0.70625,,0,18385986.391481824,4,,0,0.0,4,timeout,perveance,4,0.0,-18.4972731229588,1.9534834787787774,0.031162114412744357,206.72354953121268,36.974670460355554,365.0,0.18445,3302.5,431.6539495879043,5715.122980139525,0.0,1.0,1.0,0.0,0.5,0.70625,,0,18385986.391481824,4,,0,0.0,4,timeout,perveance,,,,,,,,,,,,,,,,,,,,,,
a8a572e8c775,my_pilot,prograde,ion_nstar,leo_geo_transfer,reference,7,prograde@ion_nstar,electric,50000,4,ok,False,3,best,return,0,61320,0,2.710003172978759e-07,29.99537455599966,29.99839850600074,0.0,1.0446476236538729,261.1619059134682,0.0,0,3,4,700070000,900070000,0,False,True,False,4,0.0,-19.85462636746199,2.9168445086575323,0.031164997883729645,204.96641997128518,37.01309926474294,365.0,0.18445833333333334,3300.5,503.3077378302239,5717.675159526931,0.0,1.0,1.0,0.0,0.5,0.6489155251141552,,0,18386190.060336757,4,,0,0.0,4,timeout,thermal,4,0.0,-19.85462636746199,2.9168445086575323,0.031164997883729645,204.96641997128518,37.01309926474294,365.0,0.18445833333333334,3300.5,503.3077378302239,5717.675159526931,0.0,1.0,1.0,0.0,0.5,0.6489155251141552,,0,18386190.060336757,4,,0,0.0,4,timeout,thermal,4,0.0,-19.85462636746199,2.9168445086575323,0.031164997883729645,204.96641997128518,37.01309926474294,365.0,0.18445833333333334,3300.5,503.3077378302239,5717.675159526931,0.0,1.0,1.0,0.0,0.5,0.6489155251141552,,0,18386190.060336757,4,,0,0.0,4,timeout,thermal,,,,,,,,,,,,,,,,,,,,,,
273098e01197,my_pilot,edelbaum,ion_nstar,leo_geo_transfer,reference,0,edelbaum@ion_nstar,electric,50000,4,ok,False,3,best,return,0,61320,0,2.5900044420268387e-07,30.01581615699979,30.019205464999686,0.0,1.194841422882746,298.7103557206865,0.0,0,3,4,700000000,900000000,0,False,True,False,4,0.0,-19.37376429474882,1.8149701661294146,0.026507500890353614,194.29759217014535,33.604151994217254,365.0,0.18380833333333335,3308.25,452.50405130691684,5745.72387237906,0.0,1.0,1.0,0.0,0.6499999761581421,0.5189783105022832,,0,18368122.977632105,4,,0,0.0,4,timeout,thermal,4,0.0,-19.37376429474882,1.8149701661294146,0.026507500890353614,194.29759217014535,33.604151994217254,365.0,0.18380833333333335,3308.25,452.50405130691684,5745.72387237906,0.0,1.0,1.0,0.0,0.6499999761581421,0.5189783105022832,,0,18368122.977632105,4,,0,0.0,4,timeout,thermal,4,0.0,-19.37376429474882,1.8149701661294146,0.026507500890353614,194.29759217014535,33.604151994217254,365.0,0.18380833333333335,3308.25,452.50405130691684,5745.72387237906,0.0,1.0,1.0,0.0,0.6499999761581421,0.5189783105022832,,0,18368122.977632105,4,,0,0.0,4,timeout,thermal,,,,,,,,,,,,,,,,,,,,,,
c4bf2e0a8a67,my_pilot,edelbaum,ion_nstar,leo_geo_transfer,reference,1,edelbaum@ion_nstar,electric,50000,4,ok,False,3,best,return,0,61320,0,2.7799978852272034e-07,30.41013876099896,30.41357785299988,0.0,1.2109143411198602,302.72858527996505,0.0,0,3,4,700010000,900010000,0,False,True,False,4,0.0,-17.755498185055522,2.8561901128155722,0.02866919569346746,210.07204319429644,35.57227741930925,365.0,0.18946666666666667,3311.75,373.2444032309388,5732.837790199959,0.0,1.0,1.0,0.0,0.6499999761581421,0.491324200913242,,0,18378553.847342443,4,,0,0.0,4,timeout,thermal,4,0.0,-17.755498185055522,2.8561901128155722,0.02866919569346746,210.07204319429644,35.57227741930925,365.0,0.18946666666666667,3311.75,373.2444032309388,5732.837790199959,0.0,1.0,1.0,0.0,0.6499999761581421,0.491324200913242,,0,18378553.847342443,4,,0,0.0,4,timeout,thermal,4,0.0,-17.755498185055522,2.8561901128155722,0.02866919569346746,210.07204319429644,35.57227741930925,365.0,0.18946666666666667,3311.75,373.2444032309388,5732.837790199959,0.0,1.0,1.0,0.0,0.6499999761581421,0.491324200913242,,0,18378553.847342443,4,,0,0.0,4,timeout,thermal,,,,,,,,,,,,,,,,,,,,,,
52633f00e85b,my_pilot,edelbaum,ion_nstar,leo_geo_transfer,reference,2,edelbaum@ion_nstar,electric,50000,4,ok,False,3,best,return,0,61320,0,3.2999923860188574e-07,30.320171052999285,30.32346690900158,0.0,1.1946383659051207,298.6595914762802,0.0,0,3,4,700020000,900020000,0,False,True,False,4,0.0,-19.231567648261283,2.483140237418022,0.026885501975918907,195.6699806494278,33.81634897925725,365.0,0.18515,3314.5,446.29632457748636,5742.458554484514,0.0,1.0,1.0,0.0,0.6499999761581421,0.5209189497716895,,0,18369247.600623947,4,,0,0.0,4,timeout,thermal,4,0.0,-19.231567648261283,2.483140237418022,0.026885501975918907,195.6699806494278,33.81634897925725,365.0,0.18515,3314.5,446.29632457748636,5742.458554484514,0.0,1.0,1.0,0.0,0.6499999761581421,0.5209189497716895,,0,18369247.600623947,4,,0,0.0,4,timeout,thermal,4,0.0,-19.231567648261283,2.483140237418022,0.026885501975918907,195.6699806494278,33.81634897925725,365.0,0.18515,3314.5,446.29632457748636,5742.458554484514,0.0,1.0,1.0,0.0,0.6499999761581421,0.5209189497716895,,0,18369247.600623947,4,,0,0.0,4,timeout,thermal,,,,,,,,,,,,,,,,,,,,,,
36c50ffed7c5,my_pilot,edelbaum,ion_nstar,leo_geo_transfer,reference,3,edelbaum@ion_nstar,electric,50000,4,ok,False,3,best,return,0,61320,0,2.6700035959947854e-07,30.30020350199993,30.303275485000995,0.0,1.2059158099727938,301.47895249319845,0.0,0,3,4,700030000,900030000,0,False,True,False,4,0.0,-19.924440101996773,3.071384781315117,0.026606062627569677,194.57879333469742,33.78847785799137,365.0,0.18534166666666665,3307.25,481.460174087676,5742.1477846948055,0.0,1.0,1.0,0.0,0.6499999761581421,0.5245719178082192,,0,18369099.886443283,4,,0,0.0,4,timeout,thermal,4,0.0,-19.924440101996773,3.071384781315117,0.026606062627569677,194.57879333469742,33.78847785799137,365.0,0.18534166666666665,3307.25,481.460174087676,5742.1477846948055,0.0,1.0,1.0,0.0,0.6499999761581421,0.5245719178082192,,0,18369099.886443283,4,,0,0.0,4,timeout,thermal,4,0.0,-19.924440101996773,3.071384781315117,0.026606062627569677,194.57879333469742,33.78847785799137,365.0,0.18534166666666665,3307.25,481.460174087676,5742.1477846948055,0.0,1.0,1.0,0.0,0.6499999761581421,0.5245719178082192,,0,18369099.886443283,4,,0,0.0,4,timeout,thermal,,,,,,,,,,,,,,,,,,,,,,
a6c7b0601db1,my_pilot,edelbaum,ion_nstar,leo_geo_transfer,reference,4,edelbaum@ion_nstar,electric,50000,4,ok,False,3,best,return,0,61320,0,2.8099930204916745e-07,30.252705156999582,30.25601510100023,0.0,1.198958994835266,299.7397487088165,0.0,0,3,4,700040000,900040000,0,False,True,False,4,0.0,-18.295410609625712,1.8407214144663906,0.027542460753194303,200.6799284694884,34.358438580690844,365.0,0.187075,3295.0,399.2152151246105,5740.366774312818,0.0,1.0,1.0,0.0,0.6499999761581421,0.5032819634703196,,0,18372120.621790074,4,,0,0.0,4,timeout,thermal,4,0.0,-18.295410609625712,1.8407214144663906,0.027542460753194303,200.6799284694884,34.358438580690844,365.0,0.187075,3295.0,399.2152151246105,5740.366774312818,0.0,1.0,1.0,0.0,0.6499999761581421,0.5032819634703196,,0,18372120.621790074,4,,0,0.0,4,timeout,thermal,4,0.0,-18.295410609625712,1.8407214144663906,0.027542460753194303,200.6799284694884,34.358438580690844,365.0,0.187075,3295.0,399.2152151246105,5740.366774312818,0.0,1.0,1.0,0.0,0.6499999761581421,0.5032819634703196,,0,18372120.621790074,4,,0,0.0,4,timeout,thermal,,,,,,,,,,,,,,,,,,,,,,
60fb9989d76e,my_pilot,edelbaum,ion_nstar,leo_geo_transfer,reference,5,edelbaum@ion_nstar,electric,50000,4,ok,False,3,best,return,0,61320,0,3.959994501201436e-07,30.600478242000463,30.60594808499991,0.0,1.2140323870444263,303.5080967611066,0.0,0,3,4,700050000,900050000,0,False,True,False,4,0.0,-19.57082305741328,1.9038442873625674,0.026676232045119652,194.27912920126633,33.610948314287924,365.0,0.18384166666666665,3281.5,464.02798586188504,5747.794782656573,0.0,1.0,1.0,0.0,0.6499999761581421,0.5319349315068493,,0,18368158.997454964,4,,0,0.0,4,timeout,thermal,4,0.0,-19.57082305741328,1.9038442873625674,0.026676232045119652,194.27912920126633,33.610948314287924,365.0,0.18384166666666665,3281.5,464.02798586188504,5747.794782656573,0.0,1.0,1.0,0.0,0.6499999761581421,0.5319349315068493,,0,18368158.997454964,4,,0,0.0,4,timeout,thermal,4,0.0,-19.57082305741328,1.9038442873625674,0.026676232045119652,194.27912920126633,33.610948314287924,365.0,0.18384166666666665,3281.5,464.02798586188504,5747.794782656573,0.0,1.0,1.0,0.0,0.6499999761581421,0.5319349315068493,,0,18368158.997454964,4,,0,0.0,4,timeout,thermal,,,,,,,,,,,,,,,,,,,,,,
ca9e8436f3b4,my_pilot,edelbaum,ion_nstar,leo_geo_transfer,reference,6,edelbaum@ion_nstar,electric,50000,4,ok,False,3,best,return,0,61320,0,3.310015017632395e-07,30.31009200799963,30.31337305099987,0.0,1.201413666960434,300.3534167401085,0.0,0,3,4,700060000,900060000,0,False,True,False,4,0.0,-18.954174523355842,1.9968787697897927,0.026637479130550895,195.12580687683646,33.6541459193684,365.0,0.1851833333333333,3330.75,429.8898536331037,5741.8116765393115,0.0,1.0,1.0,0.0,0.6499999761581421,0.5151541095890411,,0,18368387.940480977,4,,0,0.0,4,timeout,thermal,4,0.0,-18.954174523355842,1.9968787697897927,0.026637479130550895,195.12580687683646,33.6541459193684,365.0,0.1851833333333333,3330.75,429.8898536331037,5741.8116765393115,0.0,1.0,1.0,0.0,0.6499999761581421,0.5151541095890411,,0,18368387.940480977,4,,0,0.0,4,timeout,thermal,4,0.0,-18.954174523355842,1.9968787697897927,0.026637479130550895,195.12580687683646,33.6541459193684,365.0,0.1851833333333333,3330.75,429.8898536331037,5741.8116765393115,0.0,1.0,1.0,0.0,0.6499999761581421,0.5151541095890411,,0,18368387.940480977,4,,0,0.0,4,timeout,thermal,,,,,,,,,,,,,,,,,,,,,,
bbb5c826a0cf,my_pilot,edelbaum,ion_nstar,leo_geo_transfer,reference,7,edelbaum@ion_nstar,electric,50000,4,ok,False,3,best,return,0,61320,0,3.059994924115017e-07,30.771656708999217,30.775107525998465,0.0,1.2105905610860646,302.64764027151614,0.0,0,3,4,700070000,900070000,0,False,True,False,4,0.0,-20.369003370105272,2.804535990351358,0.026528328236825854,194.26223733409137,33.804754979502675,365.0,0.18295,3296.75,505.297038442696,5745.038865902081,0.0,1.0,1.0,0.0,0.6499999761581421,0.5156963470319634,,0,18369186.15357422,4,,0,0.0,4,timeout,thermal,4,0.0,-20.369003370105272,2.804535990351358,0.026528328236825854,194.26223733409137,33.804754979502675,365.0,0.18295,3296.75,505.297038442696,5745.038865902081,0.0,1.0,1.0,0.0,0.6499999761581421,0.5156963470319634,,0,18369186.15357422,4,,0,0.0,4,timeout,thermal,4,0.0,-20.369003370105272,2.804535990351358,0.026528328236825854,194.26223733409137,33.804754979502675,365.0,0.18295,3296.75,505.297038442696,5745.038865902081,0.0,1.0,1.0,0.0,0.6499999761581421,0.5156963470319634,,0,18369186.15357422,4,,0,0.0,4,timeout,thermal,,,,,,,,,,,,,,,,,,,,,,
f71a119999ae,my_pilot,ppo,ion_nstar,leo_geo_transfer,reference,0,ppo@ion_nstar,electric,50000,4,ok,True,3,best,return,50000,280320,50000,179.78459450599985,183.60405138400165,241.31196394200015,0.022994548999122344,14.77246114508307,0.29542558885455306,0.0,152075,3,4,700000000,900000000,0,True,True,False,4,0.0,-11.932212506223559,0.07393490844185424,0.025800340787614118,168.89773782454,30.60618834781232,365.0,0.26103333333333334,0.0,0.0,5749.894202969302,0.0,0.4972202829948571,0.0,0.0,0.5023684501758516,0.24974315068493153,,0,18352234.067406524,4,,0,0.0,4,timeout,power,4,0.0,-13.52644321213048,0.13535110606947268,0.00029473497990159525,17.198306278768968,3.2496555389172546,365.0,0.16083333333333333,0.0,0.0,5900.430036684515,0.0,0.3280260780281876,0.08427511415525113,0.36093036529680367,0.4138246712381165,0.2709474885844749,,0,18207247.154571537,4,,0,0.0,4,timeout,power,4,0.0,-11.932212506223559,0.07393490844185424,0.025800340787614118,168.89773782454,30.60618834781232,365.0,0.26103333333333334,0.0,0.0,5749.894202969302,0.0,0.4972202829948571,0.0,0.0,0.5023684501758516,0.24974315068493153,,0,18352234.067406524,4,,0,0.0,4,timeout,power,,-0.020465508042252622,0.0038837869662529554,6.75822968184948,0.01621921227197163,0.2314453125,0.6632785797119141,10.0,0.0,0.0,24.0,49152.0,-0.06604447960853577,,,,,,,,,
8732662f96f1,my_pilot,ppo,ion_nstar,leo_geo_transfer,reference,1,ppo@ion_nstar,electric,50000,4,ok,True,3,best,return,50000,280320,50000,173.1015615010001,174.47628441499728,231.94592857499993,0.023771739999574493,14.705817392257813,0.2940928204195227,0.0,152075,3,4,700010000,900010000,0,True,True,False,4,0.0,-11.854526461525234,0.1192723893807979,0.026155961058496963,170.78191801296524,30.309256765149403,365.0,0.259025,0.0,0.0,5747.659361089429,0.0,0.49728082798370354,0.0,0.0,0.5024483776060209,0.24914383561643835,,0,18350660.359444544,4,,0,0.0,4,timeout,power,4,0.0,-12.958710370513113,0.09304806878407576,0.0,3.866052002200185,0.6526589714089398,365.0,0.09931666666666666,0.0,0.0,5904.972916477207,0.0,0.22596076242030347,0.01678082191780822,0.5568493150684931,0.45402951358336974,0.2670376712328767,,0,18193483.33012798,4,,0,0.0,4,timeout,power,4,0.0,-11.854526461525234,0.1192723893807979,0.026155961058496963,170.78191801296524,30.309256765149403,365.0,0.259025,0.0,0.0,5747.659361089429,0.0,0.49728082798370354,0.0,0.0,0.5024483776060209,0.24914383561643835,,0,18350660.359444544,4,,0,0.0,4,timeout,power,,-0.018099616485415027,0.007468137783871498,6.930403722822666,0.014650828333105891,0.208056640625,0.7093344926834106,10.0,0.0,0.0,24.0,49152.0,-0.03379892185330391,,,,,,,,,
873ad6ff0c81,my_pilot,ppo,ion_nstar,leo_geo_transfer,reference,3,ppo@ion_nstar,electric,50000,4,ok,True,3,best,return,50000,280320,50000,174.58672648600077,176.71667566599717,234.28063237700007,0.02367192699784937,14.508511529678799,0.2901470188320694,0.0,152075,3,4,700030000,900030000,0,True,True,False,4,0.0,-11.934491891051119,0.10198736559283529,0.026121105502063147,169.9834729356566,30.934136658460023,365.0,0.263,0.0,0.0,5745.013288473787,0.0,0.4972064478424926,0.0,0.0,0.5023561359642575,0.2496004566210046,,0,18353972.160953037,4,,0,0.0,4,timeout,power,4,0.0,-13.18029519536222,0.14432983796109422,3.0147513928546754e-05,14.907446888492487,2.9759853540368684,365.0,0.12195,0.0,0.0,5898.923051997274,0.0,0.1980464912347121,0.018464611872146118,0.49657534246575347,0.41183468373194676,0.2740582191780822,,0,18205796.729712583,4,,0,0.0,4,timeout,power,4,0.0,-11.934491891051119,0.10198736559283529,0.026121105502063147,169.9834729356566,30.934136658460023,365.0,0.263,0.0,0.0,5745.013288473787,0.0,0.4972064478424926,0.0,0.0,0.5023561359642575,0.2496004566210046,,0,18353972.160953037,4,,0,0.0,4,timeout,power,,-0.020248148181417493,0.013070494648854947,6.750751942396164,0.01481003877124749,0.214599609375,0.3449501395225525,10.0,0.0,0.0,24.0,49152.0,-0.06909339129924774,,,,,,,,,
b77205fedc1f,my_pilot,ppo,ion_nstar,leo_geo_transfer,reference,2,ppo@ion_nstar,electric,50000,4,ok,True,3,best,return,50000,280320,50000,179.05783346499993,181.28653441599636,239.70893148899995,0.023232092000398552,14.676594007991298,0.29350839948786694,0.0,152075,3,4,700020000,900020000,8760,True,True,False,4,0.0,-11.983000819706564,0.21311103250158075,0.025918443313997758,185.38226389099134,33.60842446927572,365.0,0.261525,2.5,0.03376735097644931,5748.161535808782,0.0,0.5430027007401739,0.0,0.0,0.49168279731314474,0.24526255707762556,,0,18368145.62132651,4,,0,0.0,4,timeout,power,4,0.0,-13.38487764681415,0.19541314923584216,2.2676260458265318e-07,9.144717677877116,1.812248038550373,365.0,0.145575,0.0,0.0,5901.181310904771,0.0,0.19195827276075947,5.7077625570776254e-05,0.4216609589041096,0.30768791212951213,0.2726027397260274,,0,18199629.037267715,4,,0,0.0,4,timeout,power,4,0.0,-11.983000819706564,0.21311103250158075,0.025918443313997758,185.38226389099134,33.60842446927572,365.0,0.261525,2.5,0.03376735097644931,5748.161535808782,0.0,0.5430027007401739,0.0,0.0,0.49168279731314474,0.24526255707762556,,0,18368145.62132651,4,,0,0.0,4,timeout,power,,-0.021289193200937008,0.008327530723545352,6.972344024479389,0.015680238747154362,0.231494140625,0.7388057112693787,10.0,0.0,0.0,24.0,49152.0,-0.02578965201973915,,,,,,,,,
35e049df6b93,my_pilot,ppo,ion_nstar,leo_geo_transfer,reference,4,ppo@ion_nstar,electric,50000,4,ok,True,3,best,return,50000,280320,50000,175.7001903220007,177.6018983410031,234.96809938499973,0.02488173800156801,14.627836581912561,0.29253332897193346,0.0,152075,3,4,700040000,900040000,0,True,True,False,4,0.0,-11.891590491447198,0.054384246063367656,0.025660500966159183,168.96826663135542,30.29602404008261,365.0,0.2588083333333333,0.0,0.0,5751.486628633563,0.0,0.49725486649259854,0.0,0.0,0.5024022736395263,0.24865867579908676,,0,18350590.227313064,4,,0,0.0,4,timeout,power,4,0.0,-13.016690519942602,0.17347470822722497,1.9165118761710342e-06,4.61139232057197,0.8676809421285164,365.0,0.10728333333333333,0.0,0.0,5905.812225770045,0.0,0.19878139761042649,0.03575913242009132,0.5332191780821918,0.3317453651531646,0.26735159817351595,,0,18194622.925263964,4,,0,0.0,4,timeout,power,4,0.0,-11.891590491447198,0.054384246063367656,0.025660500966159183,168.96826663135542,30.29602404008261,365.0,0.2588083333333333,0.0,0.0,5751.486628633563,0.0,0.49725486649259854,0.0,0.0,0.5024022736395263,0.24865867579908676,,0,18350590.227313064,4,,0,0.0,4,timeout,power,,-0.02475422799034277,0.0029834934048267314,6.788095811009407,0.018893380591180176,0.255615234375,-1.013091802597046,10.0,0.0,0.0,24.0,49152.0,-0.05866266414523125,,,,,,,,,
9e5622032357,my_pilot,ppo,ion_nstar,leo_geo_transfer,reference,6,ppo@ion_nstar,electric,50000,4,ok,True,3,best,return,50000,280320,50000,173.5778886040007,175.5939058820004,233.04820315600045,0.024174953998226556,14.560157674082802,0.2911798590929286,0.0,152075,3,4,700060000,900060000,0,True,True,False,4,0.0,-11.923042270299677,0.06608141038722118,0.025708883897361173,168.52002979957498,30.444851330107166,365.0,0.26005,0.0,0.0,5747.2819339588095,0.0,0.4972344800370605,0.0,0.0,0.5023817793317309,0.2497716894977169,,0,18351378.9972013,4,,0,0.0,4,timeout,power,4,0.0,-12.946044834737332,0.2346555080399654,9.92321728399137e-07,5.7436005640593795,1.0878384202337452,365.0,0.10265,0.0,0.0,5899.482028063832,0.0,0.21119065884092492,0.004052511415525114,0.5593321917808219,0.4946398069852427,0.2470890410958904,,0,18195789.738080155,4,,0,0.0,4,timeout,power,4,0.0,-11.923042270299677,0.06608141038722118,0.025708883897361173,168.52002979957498,30.444851330107166,365.0,0.26005,0.0,0.0,5747.2819339588095,0.0,0.4972344800370605,0.0,0.0,0.5023817793317309,0.2497716894977169,,0,18351378.9972013,4,,0,0.0,4,timeout,power,,-0.024316146952332928,0.002365813393589633,6.732975248992443,0.01894622449763119,0.26708984375,0.4640657901763916,10.0,0.0,0.0,24.0,49152.0,-0.07427103817462921,,,,,,,,,
fa812d382131,my_pilot,ppo,ion_nstar,leo_geo_transfer,reference,7,ppo@ion_nstar,electric,50000,4,ok,True,3,best,return,50000,280320,50000,175.4102464129992,179.94166770000083,237.38462440199874,0.02385506900100154,14.927487900731649,0.29852587594455743,0.0,152075,3,4,700070000,900070000,0,True,True,False,4,0.0,-11.96674247558164,0.0870323455928866,0.02580097814735835,167.82126597702518,30.61557587010983,365.0,0.26043333333333335,0.0,0.0,5749.328903396503,0.0,0.49720482152958984,0.0,0.0,0.5023626518890806,0.24746004566210045,,0,18352283.82034439,4,,0,0.0,4,timeout,power,4,0.0,-13.657325493030758,0.5851190490613157,0.005789826148771188,61.35389718327263,12.03127042990511,365.0,0.21830833333333335,0.0,0.0,5867.909500212212,0.0,0.4075292278719071,0.04486301369863014,0.1502568493150685,0.3757766731670254,0.2652682648401826,,0,18253788.843229398,4,,0,0.0,4,timeout,power,4,0.0,-11.96674247558164,0.0870323455928866,0.02580097814735835,167.82126597702518,30.61557587010983,365.0,0.26043333333333335,0.0,0.0,5749.328903396503,0.0,0.49720482152958984,0.0,0.0,0.5023626518890806,0.24746004566210045,,0,18352283.82034439,4,,0,0.0,4,timeout,power,,-0.02170887580141425,0.0010001948911849468,6.557643136382103,0.015881991642527283,0.23056640625,0.9031140804290771,10.0,0.0,0.0,24.0,49152.0,-0.1095394641160965,,,,,,,,,
7334c9c1b996,my_pilot,ppo,ion_nstar,leo_geo_transfer,reference,5,ppo@ion_nstar,electric,50000,4,ok,True,3,best,return,50000,280320,50000,183.80328541400013,191.03306771700045,249.29743529200096,0.022997955000391812,14.798916240077233,0.2959546484296703,0.0,152075,3,4,700050000,900050000,0,True,True,False,4,0.0,-11.938290500745433,0.07309920633737384,0.026151881042707992,171.11644109246265,31.038956999383895,365.0,0.2642833333333333,0.0,0.0,5750.89159976104,0.0,0.497200571537256,0.0,0.0,0.5023496927463845,0.25182648401826485,,0,18354527.698372167,4,,0,0.0,4,timeout,power,4,0.0,-14.221549682832922,0.18554502851952007,0.0016091215633038392,35.53591870963207,6.502773299350025,365.0,0.23921666666666663,0.0,0.0,5895.826953953933,0.0,0.26723114430275,0.0,0.10525114155251142,0.6032843039460378,0.2773401826484018,,0,18224488.356315512,4,,0,0.0,4,timeout,power,4,0.0,-11.938290500745433,0.07309920633737384,0.026151881042707992,171.11644109246265,31.038956999383895,365.0,0.2642833333333333,0.0,0.0,5750.89159976104,0.0,0.497200571537256,0.0,0.0,0.5023496927463845,0.25182648401826485,,0,18354527.698372167,4,,0,0.0,4,timeout,power,,-0.023749880386458245,0.005871821656546672,6.655009879171848,0.017091837810585275,0.253515625,-0.39914417266845703,10.0,0.0,0.0,24.0,49152.0,-0.08749507367610931,,,,,,,,,
739295315dd5,my_pilot,sac,ion_nstar,leo_geo_transfer,reference,0,sac@ion_nstar,electric,50000,4,ok,True,3,best,return,50000,280320,50000,546.712766618999,168.94678131500223,605.0276050189987,401.22224948099756,8.186417826227625,0.1637152593038082,0.0,231437,3,4,700000000,900000000,0,True,True,False,4,0.0,-11.904009643394334,0.07406565875191393,0.02610505060699389,170.6833690284513,30.949353309382715,365.0,0.26125,0.0,0.0,5748.095467734909,0.0,0.5009899420519126,0.0,0.0,0.5014224977321821,0.24965753424657536,,0,18354052.807694953,4,,0,0.0,4,timeout,power,4,0.0,-15.025137743391648,0.7037891807332881,0.0021124116736780107,93.61941167964932,17.843502522094926,365.0,0.25748333333333334,157.75,23.52235545104859,5893.073049826751,0.0,0.3543883969139767,0.010302511415525115,0.04648972602739726,0.43920362154829856,0.314925799086758,,0,18284593.097321603,4,,0,0.0,4,timeout,power,4,0.0,-11.904009643394334,0.07406565875191393,0.02610505060699389,170.6833690284513,30.949353309382715,365.0,0.26125,0.0,0.0,5748.095467734909,0.0,0.5009899420519126,0.0,0.0,0.5014224977321821,0.24965753424657536,,0,18354052.807694953,4,,0,0.0,4,timeout,power,,,,-4.934253215789795,,,,,,,50000.0,50000.0,,0.0001612794876564294,2.7940495014190674,4.0991566493175924e-05,-2.816669464111328,-2.817652940750122,-2.8201332092285156,0.0006234985194168985,50000.0,0.0
025ac531f0c6,my_pilot,sac,ion_nstar,leo_geo_transfer,reference,1,sac@ion_nstar,electric,50000,4,ok,True,3,best,return,50000,280320,50000,550.6706556849986,166.43074467299994,608.4248893889999,407.9092902429984,7.89333755186999,0.1578541227075832,0.0,231437,3,4,700010000,900010000,0,True,True,False,4,0.0,-11.828525068601472,0.12675689555462913,0.026388398276937147,172.3799299275126,30.60751648175052,365.0,0.25869166666666665,0.0,0.0,5746.288313738509,0.0,0.5010021242495949,0.0,0.0,0.5014557489742563,0.24803082191780823,,0,18352241.106384777,4,,0,0.0,4,timeout,power,4,0.0,-15.382610151863748,0.4211190694682781,0.0,77.63777844671587,13.28265932591997,365.0,0.2546833333333333,109.25,15.267638117194664,5925.848671999575,0.0,0.40672801527275476,0.03718607305936073,0.06672374429223744,0.8284734549417615,0.2807648401826484,,0,18260421.08036473,4,,0,0.0,4,timeout,power,4,0.0,-11.828525068601472,0.12675689555462913,0.026388398276937147,172.3799299275126,30.60751648175052,365.0,0.25869166666666665,0.0,0.0,5746.288313738509,0.0,0.5010021242495949,0.0,0.0,0.5014557489742563,0.24803082191780823,,0,18352241.106384777,4,,0,0.0,4,timeout,power,,,,-5.318889617919922,,,,,,,50000.0,50000.0,,4.328525543212891,-648.3218994140625,-0.06712611764669418,645.4715576171875,645.499267578125,645.1771850585938,0.21048341691493988,50000.0,0.0
58f91c56a680,my_pilot,sac,ion_nstar,leo_geo_transfer,reference,3,sac@ion_nstar,electric,50000,4,ok,True,3,best,return,50000,280320,50000,550.4491496360006,165.28912180699626,608.8095275260002,408.3206958060018,8.389647305128165,0.16777952374066404,0.0,231437,3,4,700030000,900030000,0,True,True,False,4,0.0,-11.903910280119003,0.10292596974714517,0.026406439840499646,171.632594852404,31.249049012517673,365.0,0.26280000000000003,0.0,0.0,5743.329897461508,0.0,0.5009810936530907,0.0,0.0,0.5014230214671729,0.24871575342465754,,0,18355641.165221505,4,,0,0.0,4,timeout,power,4,0.0,-16.044694409980913,1.2706878178352037,0.00022723761074749937,86.23644214580384,16.236887479739703,365.0,0.2554166666666667,385.5,61.40490774205949,5909.040747186124,0.0,0.34217649853562926,0.02896689497716895,0.11552511415525114,0.47460574449792703,0.3492579908675799,,0,18276078.196813837,4,,0,0.0,4,timeout,power,4,0.0,-11.903910280119003,0.10292596974714517,0.026406439840499646,171.632594852404,31.249049012517673,365.0,0.26280000000000003,0.0,0.0,5743.329897461508,0.0,0.5009810936530907,0.0,0.0,0.5014230214671729,0.24871575342465754,,0,18355641.165221505,4,,0,0.0,4,timeout,power,,,,-4.83613395690918,,,,,,,50000.0,50000.0,,0.15228816866874695,-75.09562683105469,0.00489225797355175,74.64983367919922,74.68944549560547,74.63378143310547,0.029856383800506592,50000.0,0.0
8d6f3c6bb087,my_pilot,sac,ion_nstar,leo_geo_transfer,reference,2,sac@ion_nstar,electric,50000,4,ok,True,3,best,return,50000,280320,50000,555.0832925449995,165.36537069300357,613.3947649089987,413.12877656399905,8.191986985359108,0.16382663357649604,0.0,231437,3,4,700020000,900020000,0,True,True,False,4,0.0,-11.904215183355037,0.0963494485821188,0.02624035520843282,172.33945058192154,31.214508553236563,365.0,0.2625,0.0,0.0,5746.269830688729,0.0,0.5009776014247782,0.0,0.0,0.5014124802496608,0.24840182648401826,,0,18355458.1042103,4,,0,0.0,4,timeout,power,4,0.0,-15.65803374641593,1.0274846696197488,0.0,84.30624505315033,15.077622256411722,365.0,0.25756666666666667,208.5,33.03714497189648,5918.874050811391,0.0,0.34859868247640324,0.02057648401826484,0.07382990867579908,0.4932150570454594,0.2790525114155251,,0,18269934.206014216,4,,0,0.0,4,timeout,power,4,0.0,-11.904215183355037,0.0963494485821188,0.02624035520843282,172.33945058192154,31.214508553236563,365.0,0.2625,0.0,0.0,5746.269830688729,0.0,0.5009776014247782,0.0,0.0,0.5014124802496608,0.24840182648401826,,0,18355458.1042103,4,,0,0.0,4,timeout,power,,,,-5.0876030921936035,,,,,,,50000.0,50000.0,,1.9057323932647705,-224.66641235351562,-0.01086914911866188,223.24940490722656,223.3132781982422,222.8292694091797,0.12407334893941879,50000.0,0.0
62a93890de0f,my_pilot,sac,ion_nstar,leo_geo_transfer,reference,4,sac@ion_nstar,electric,50000,4,ok,True,3,best,return,50000,280320,50000,550.7529075179991,167.55532756400135,607.9474136650006,405.8364800280033,8.11699380114078,0.16232688987162586,0.0,231437,3,4,700040000,900040000,0,True,True,False,4,0.0,-11.867789445883504,0.05564048860118833,0.025934305007545677,170.83287069076437,30.648920301216926,365.0,0.259075,0.0,0.0,5749.870667693191,0.0,0.5009850032168299,0.0,0.0,0.5014425175987421,0.248458904109589,,0,18352460.5425248,4,,0,0.0,4,timeout,power,4,0.0,-17.983957550459102,1.9607776111976143,0.0,169.73182847566093,32.88801278127826,365.0,0.23681666666666668,981.25,151.20375244214173,5925.7273225254785,0.0,0.6300058036515294,0.14189497716894978,0.013755707762557075,0.2736269913248071,0.6190639269406393,,0,18364327.510773443,4,,0,0.0,4,timeout,power,4,0.0,-11.867789445883504,0.05564048860118833,0.025934305007545677,170.83287069076437,30.648920301216926,365.0,0.259075,0.0,0.0,5749.870667693191,0.0,0.5009850032168299,0.0,0.0,0.5014425175987421,0.248458904109589,,0,18352460.5425248,4,,0,0.0,4,timeout,power,,,,-5.414847373962402,,,,,,,50000.0,50000.0,,4.9077301025390625,-612.6185302734375,-0.07271447777748108,608.1746826171875,608.5602416992188,607.8705444335938,0.1752982884645462,50000.0,0.0
8c639429fd0f,my_pilot,sac,ion_nstar,leo_geo_transfer,reference,5,sac@ion_nstar,electric,50000,4,ok,True,3,best,return,50000,280320,50000,549.4248145210004,166.25086984299924,607.9300622259998,407.97536249600125,8.130396712149377,0.16259492664885564,0.0,231437,3,4,700050000,900050000,0,True,True,False,4,0.0,-11.907355847808766,0.07675205990538624,0.026467004960339935,172.87882661061096,31.37711764042539,365.0,0.26436666666666664,0.0,0.0,5749.031112319566,0.0,0.5009616653881457,0.0,0.0,0.5014144747360656,0.25139840182648404,,0,18356319.916257724,4,,0,0.0,4,timeout,power,4,0.0,-15.167898448063433,0.37235846553022767,0.0,36.36274080585683,6.508379539662189,365.0,0.2631833333333333,144.75,22.628468824960102,5910.897443343015,0.0,0.2355871738134522,0.009246575342465754,0.2723458904109589,0.741602187179301,0.30345319634703194,,0,18224518.068833586,4,,0,0.0,4,timeout,power,4,0.0,-11.907355847808766,0.07675205990538624,0.026467004960339935,172.87882661061096,31.37711764042539,365.0,0.26436666666666664,0.0,0.0,5749.031112319566,0.0,0.5009616653881457,0.0,0.0,0.5014144747360656,0.25139840182648404,,0,18356319.916257724,4,,0,0.0,4,timeout,power,,,,-5.097076892852783,,,,,,,50000.0,50000.0,,5.736109733581543,-559.843994140625,-0.02499036118388176,556.5322875976562,556.4725341796875,556.6298828125,0.2574295401573181,50000.0,0.0
be3b5f496f0f,my_pilot,random,nep_kilopower,leo_geo_transfer,reference,0,random@nep_kilopower,nuclear,50000,4,ok,False,3,best,return,0,40752,0,2.5000008463393897e-07,27.119627147001665,27.123058368000784,0.0,0.8050858028964285,201.27145072410713,0.0,0,3,4,700000000,900000000,0,False,True,False,4,0.0,-63.13766407634544,0.03391713805937389,0.0,793.8920497527051,199.99999999999997,241.54166666666669,0.16668933614942283,0.0,0.0,5906.591896981939,0.0,0.5022636361574346,0.010050174202476725,0.00967192598077683,0.5018923099182887,0.7705946519330712,,0,155890466.41124773,4,,0,0.0,4,out_of_propellant,power,4,0.0,-63.13766407634544,0.03391713805937389,0.0,793.8920497527051,199.99999999999997,241.54166666666669,0.16668933614942283,0.0,0.0,5906.591896981939,0.0,0.5022636361574346,0.010050174202476725,0.00967192598077683,0.5018923099182887,0.7705946519330712,,0,155890466.41124773,4,,0,0.0,4,out_of_propellant,power,4,0.0,-63.13766407634544,0.03391713805937389,0.0,793.8920497527051,199.99999999999997,241.54166666666669,0.16668933614942283,0.0,0.0,5906.591896981939,0.0,0.5022636361574346,0.010050174202476725,0.00967192598077683,0.5018923099182887,0.7705946519330712,,0,155890466.41124773,4,,0,0.0,4,out_of_propellant,power,,,,,,,,,,,,,,,,,,,,,,
12a335ea8f8f,my_pilot,sac,ion_nstar,leo_geo_transfer,reference,7,sac@ion_nstar,electric,50000,4,ok,True,3,best,return,50000,280320,50000,552.2216650099999,165.8046811059994,610.1337337370005,409.9663032160024,8.179864919828105,0.16358421165962933,0.0,231437,3,4,700070000,900070000,0,True,True,False,4,0.0,-11.93853929298892,0.09121136730929913,0.02613718029882267,169.83076685692183,31.001019444872867,365.0,0.26095,0.0,0.0,5747.344660246271,0.0,0.5009882837670034,0.0,0.0,0.5014227427491178,0.24754566210045664,,0,18354326.633092895,4,,0,0.0,4,timeout,power,4,0.0,-17.67428639255977,1.0433739377698665,0.0,96.52883464533774,16.569691345948115,365.0,0.23750833333333332,923.5,152.72243056528072,5918.102156797027,0.0,0.4047393759729587,0.016038812785388126,0.08047945205479451,0.5862593710660662,0.31746575342465755,,0,18277842.024323635,4,,0,0.0,4,timeout,power,4,0.0,-11.93853929298892,0.09121136730929913,0.02613718029882267,169.83076685692183,31.001019444872867,365.0,0.26095,0.0,0.0,5747.344660246271,0.0,0.5009882837670034,0.0,0.0,0.5014227427491178,0.24754566210045664,,0,18354326.633092895,4,,0,0.0,4,timeout,power,,,,-5.035099506378174,,,,,,,50000.0,50000.0,,1761.16455078125,-15680.943359375,-0.2060554027557373,15608.60546875,15607.9453125,15611.998046875,5.87066650390625,50000.0,0.0
a8b59e5e1716,my_pilot,sac,ion_nstar,leo_geo_transfer,reference,6,sac@ion_nstar,electric,50000,4,ok,True,3,best,return,50000,280320,50000,561.938871798,166.13130558300145,619.3320030250015,418.6341173749988,8.285559516167268,0.16569793448858627,0.0,231437,3,4,700060000,900060000,0,True,True,False,4,0.0,-11.895438352233851,0.0640821069255644,0.02601567332603097,170.48156031373566,30.817583266278724,365.0,0.2603,0.0,0.0,5745.472074374206,0.0,0.5009836687447001,0.0,0.0,0.5014289446532318,0.24914383561643832,,0,18353354.43952501,4,,0,0.0,4,timeout,power,4,0.0,-16.733300537293722,1.010466078551855,0.0,98.47479494966068,16.98223005644051,365.0,0.24824166666666667,566.5,88.76688033964815,5923.378947020977,0.0,0.32093878497271777,0.030422374429223742,0.14703196347031963,0.5415698669485102,0.32728310502283103,,0,18280028.43860636,4,,0,0.0,4,timeout,power,4,0.0,-11.895438352233851,0.0640821069255644,0.02601567332603097,170.48156031373566,30.817583266278724,365.0,0.2603,0.0,0.0,5745.472074374206,0.0,0.5009836687447001,0.0,0.0,0.5014289446532318,0.24914383561643832,,0,18353354.43952501,4,,0,0.0,4,timeout,power,,,,-5.432353973388672,,,,,,,50000.0,50000.0,,24.094730377197266,-1262.81689453125,-0.14499466121196747,1255.710205078125,1255.40185546875,1256.052001953125,0.3353694975376129,50000.0,0.0
4b8b547f5aac,my_pilot,random,nep_kilopower,leo_geo_transfer,reference,1,random@nep_kilopower,nuclear,50000,4,ok,False,3,best,return,0,41146,0,2.950000634882599e-07,27.43606325499968,27.442241932998513,0.0,0.8393635131724295,209.84087829310738,0.0,0,3,4,700010000,900010000,0,False,True,False,4,0.0,-63.24083010550566,0.1830707173132873,0.00034739012316095663,788.3289262224505,200.00000000000017,245.625,0.16668375182280015,0.0,0.0,5904.581998414744,0.0,0.4981915992325977,0.009030219711429161,0.010985164469496565,0.501321532680122,0.7718128631010194,,0,156172255.41937518,4,,0,0.0,4,out_of_propellant,power,4,0.0,-63.24083010550566,0.1830707173132873,0.00034739012316095663,788.3289262224505,200.00000000000017,245.625,0.16668375182280015,0.0,0.0,5904.581998414744,0.0,0.4981915992325977,0.009030219711429161,0.010985164469496565,0.501321532680122,0.7718128631010194,,0,156172255.41937518,4,,0,0.0,4,out_of_propellant,power,4,0.0,-63.24083010550566,0.1830707173132873,0.00034739012316095663,788.3289262224505,200.00000000000017,245.625,0.16668375182280015,0.0,0.0,5904.581998414744,0.0,0.4981915992325977,0.009030219711429161,0.010985164469496565,0.501321532680122,0.7718128631010194,,0,156172255.41937518,4,,0,0.0,4,out_of_propellant,power,,,,,,,,,,,,,,,,,,,,,,
64735645e2f3,my_pilot,random,nep_kilopower,leo_geo_transfer,reference,2,random@nep_kilopower,nuclear,50000,4,ok,False,3,best,return,0,41072,0,2.430006134090945e-07,27.231041508001,27.23421200700068,0.0,0.8245007138284564,206.1251784571141,0.0,0,3,4,700020000,900020000,0,False,True,False,4,0.0,-63.36767496743147,0.0947513383214122,0.0,790.0378759509031,199.99999999999991,245.79166666666666,0.16669985646047064,0.0,0.0,5910.225546860691,0.0,0.49810227647384997,0.008487169750251303,0.010307749746548089,0.49748598489349655,0.7778321166707557,,0,156183779.87227017,4,,0,0.0,4,out_of_propellant,power,4,0.0,-63.36767496743147,0.0947513383214122,0.0,790.0378759509031,199.99999999999991,245.79166666666666,0.16669985646047064,0.0,0.0,5910.225546860691,0.0,0.49810227647384997,0.008487169750251303,0.010307749746548089,0.49748598489349655,0.7778321166707557,,0,156183779.87227017,4,,0,0.0,4,out_of_propellant,power,4,0.0,-63.36767496743147,0.0947513383214122,0.0,790.0378759509031,199.99999999999991,245.79166666666666,0.16669985646047064,0.0,0.0,5910.225546860691,0.0,0.49810227647384997,0.008487169750251303,0.010307749746548089,0.49748598489349655,0.7778321166707557,,0,156183779.87227017,4,,0,0.0,4,out_of_propellant,power,,,,,,,,,,,,,,,,,,,,,,
5c53beb11237,my_pilot,random,nep_kilopower,leo_geo_transfer,reference,3,random@nep_kilopower,nuclear,50000,4,ok,False,3,best,return,0,40990,0,5.109995981911197e-07,27.191587432000233,27.194949783000993,0.0,0.8320236539711914,208.00591349279784,0.0,0,3,4,700030000,900030000,0,False,True,False,4,0.0,-63.326396444596256,0.05235582535873653,0.00015480565319286876,783.9271841970016,200.00000000000014,245.10416666666666,0.16668448779210993,0.0,0.0,5906.4981492664965,0.0,0.4998912262602433,0.009702215477883311,0.009800680776171744,0.5006682043298593,0.7769233717141182,,0,156136352.55993643,4,,0,0.0,4,out_of_propellant,power,4,0.0,-63.326396444596256,0.05235582535873653,0.00015480565319286876,783.9271841970016,200.00000000000014,245.10416666666666,0.16668448779210993,0.0,0.0,5906.4981492664965,0.0,0.4998912262602433,0.009702215477883311,0.009800680776171744,0.5006682043298593,0.7769233717141182,,0,156136352.55993643,4,,0,0.0,4,out_of_propellant,power,4,0.0,-63.326396444596256,0.05235582535873653,0.00015480565319286876,783.9271841970016,200.00000000000014,245.10416666666666,0.16668448779210993,0.0,0.0,5906.4981492664965,0.0,0.4998912262602433,0.009702215477883311,0.009800680776171744,0.5006682043298593,0.7769233717141182,,0,156136352.55993643,4,,0,0.0,4,out_of_propellant,power,,,,,,,,,,,,,,,,,,,,,,
43c5a3a62861,my_pilot,random,nep_kilopower,leo_geo_transfer,reference,4,random@nep_kilopower,nuclear,50000,4,ok,False,3,best,return,0,41002,0,3.7400059227366e-07,27.166080986999077,27.16928758100039,0.0,0.7919530601484439,197.98826503711098,0.0,0,3,4,700040000,900040000,0,False,True,False,4,0.0,-63.21897256995316,0.08009609006160358,0.00010156061667299099,800.4893319870032,200.00000000000006,244.62500000000003,0.16669651182677447,0.0,0.0,5908.089440817677,0.0,0.49933562101519713,0.010561262038226465,0.00932766330933693,0.4987780826545627,0.7751190211463117,,0,156103258.02489787,4,,0,0.0,4,out_of_propellant,power,4,0.0,-63.21897256995316,0.08009609006160358,0.00010156061667299099,800.4893319870032,200.00000000000006,244.62500000000003,0.16669651182677447,0.0,0.0,5908.089440817677,0.0,0.49933562101519713,0.010561262038226465,0.00932766330933693,0.4987780826545627,0.7751190211463117,,0,156103258.02489787,4,,0,0.0,4,out_of_propellant,power,4,0.0,-63.21897256995316,0.08009609006160358,0.00010156061667299099,800.4893319870032,200.00000000000006,244.62500000000003,0.16669651182677447,0.0,0.0,5908.089440817677,0.0,0.49933562101519713,0.010561262038226465,0.00932766330933693,0.4987780826545627,0.7751190211463117,,0,156103258.02489787,4,,0,0.0,4,out_of_propellant,power,,,,,,,,,,,,,,,,,,,,,,
a0c6d9d6d035,my_pilot,max_thrust,nep_kilopower,leo_geo_transfer,reference,0,max_thrust@nep_kilopower,nuclear,50000,4,ok,False,3,best,return,0,7994,0,2.939996193163097e-07,4.92285299499963,4.925981328999114,0.0,0.14977210894357995,37.44302723589499,0.0,0,3,4,700000000,900000000,0,False,True,False,4,0.0,-46.15574810441797,0.18480609695320804,0.09716512752104009,626.1206708716361,200.0,47.583333333333336,0.1667359643284462,0.0,0.0,5328.689666810298,0.0,1.0,1.0,0.0,0.0,0.0,,0,142592545.14911875,4,,0,0.0,4,out_of_propellant,none,4,0.0,-46.15574810441797,0.18480609695320804,0.09716512752104009,626.1206708716361,200.0,47.583333333333336,0.1667359643284462,0.0,0.0,5328.689666810298,0.0,1.0,1.0,0.0,0.0,0.0,,0,142592545.14911875,4,,0,0.0,4,out_of_propellant,none,4,0.0,-46.15574810441797,0.18480609695320804,0.09716512752104009,626.1206708716361,200.0,47.583333333333336,0.1667359643284462,0.0,0.0,5328.689666810298,0.0,1.0,1.0,0.0,0.0,0.0,,0,142592545.14911875,4,,0,0.0,4,out_of_propellant,none,,,,,,,,,,,,,,,,,,,,,,
910e4ff8ac07,my_pilot,random,nep_kilopower,leo_geo_transfer,reference,5,random@nep_kilopower,nuclear,50000,4,ok,False,3,best,return,0,41471,0,3.289987944299355e-07,28.168566227001065,28.171984701999463,0.0,0.8551156689845811,213.77891724614528,0.0,0,3,4,700050000,900050000,0,False,True,False,4,0.0,-63.32702630577023,0.09058204722666804,7.38563667190828e-06,784.1469109589558,199.99999999999983,246.19791666666666,0.1667111360103538,0.0,0.0,5910.959529309929,0.0,0.49909601370609985,0.010329026713271527,0.00989771434100762,0.5030994807897149,0.7807350195351868,,0,156211808.12899494,4,,0,0.0,4,out_of_propellant,power,4,0.0,-63.32702630577023,0.09058204722666804,7.38563667190828e-06,784.1469109589558,199.99999999999983,246.19791666666666,0.1667111360103538,0.0,0.0,5910.959529309929,0.0,0.49909601370609985,0.010329026713271527,0.00989771434100762,0.5030994807897149,0.7807350195351868,,0,156211808.12899494,4,,0,0.0,4,out_of_propellant,power,4,0.0,-63.32702630577023,0.09058204722666804,7.38563667190828e-06,784.1469109589558,199.99999999999983,246.19791666666666,0.1667111360103538,0.0,0.0,5910.959529309929,0.0,0.49909601370609985,0.010329026713271527,0.00989771434100762,0.5030994807897149,0.7807350195351868,,0,156211808.12899494,4,,0,0.0,4,out_of_propellant,power,,,,,,,,,,,,,,,,,,,,,,
c4e7f1a7537d,my_pilot,random,nep_kilopower,leo_geo_transfer,reference,6,random@nep_kilopower,nuclear,50000,4,ok,False,3,best,return,0,41337,0,2.6099951355718076e-07,27.58162526400156,27.585349667000628,0.0,0.8543197059443628,213.5799264860907,0.0,0,3,4,700060000,900060000,0,False,True,False,4,0.0,-63.29478294771944,0.06427497392346306,0.0002802519430326611,777.49079444132,200.0,247.54166666666666,0.16667887196048117,0.0,0.0,5900.788975817966,0.0,0.4964365221713256,0.00992824867611158,0.010650095603822123,0.5007097874855645,0.7839084235391564,,0,156304576.5692523,4,,0,0.0,4,out_of_propellant,power,4,0.0,-63.29478294771944,0.06427497392346306,0.0002802519430326611,777.49079444132,200.0,247.54166666666666,0.16667887196048117,0.0,0.0,5900.788975817966,0.0,0.4964365221713256,0.00992824867611158,0.010650095603822123,0.5007097874855645,0.7839084235391564,,0,156304576.5692523,4,,0,0.0,4,out_of_propellant,power,4,0.0,-63.29478294771944,0.06427497392346306,0.0002802519430326611,777.49079444132,200.0,247.54166666666666,0.16667887196048117,0.0,0.0,5900.788975817966,0.0,0.4964365221713256,0.00992824867611158,0.010650095603822123,0.5007097874855645,0.7839084235391564,,0,156304576.5692523,4,,0,0.0,4,out_of_propellant,power,,,,,,,,,,,,,,,,,,,,,,
e851865c0902,my_pilot,max_thrust,nep_kilopower,leo_geo_transfer,reference,1,max_thrust@nep_kilopower,nuclear,50000,4,ok,False,3,best,return,0,7994,0,3.749992174562067e-07,4.999494384001082,5.003190755000105,0.0,0.15201846793752338,38.004616984380846,0.0,0,3,4,700010000,900010000,0,False,True,False,4,0.0,-46.24691651084025,0.2539834998843028,0.09644587876796573,621.2950554213579,200.0,47.583333333333336,0.1667359643284462,0.0,0.0,5332.802983528681,0.0,1.0,1.0,0.0,0.0,0.0,,0,142592545.14911875,4,,0,0.0,4,out_of_propellant,none,4,0.0,-46.24691651084025,0.2539834998843028,0.09644587876796573,621.2950554213579,200.0,47.583333333333336,0.1667359643284462,0.0,0.0,5332.802983528681,0.0,1.0,1.0,0.0,0.0,0.0,,0,142592545.14911875,4,,0,0.0,4,out_of_propellant,none,4,0.0,-46.24691651084025,0.2539834998843028,0.09644587876796573,621.2950554213579,200.0,47.583333333333336,0.1667359643284462,0.0,0.0,5332.802983528681,0.0,1.0,1.0,0.0,0.0,0.0,,0,142592545.14911875,4,,0,0.0,4,out_of_propellant,none,,,,,,,,,,,,,,,,,,,,,,
ff6584e31878,my_pilot,max_thrust,nep_kilopower,leo_geo_transfer,reference,2,max_thrust@nep_kilopower,nuclear,50000,4,ok,False,3,best,return,0,7994,0,2.8399881557561457e-07,4.992485256998407,5.001500661001046,0.0,0.1648347531154286,41.20868827885715,0.0,0,3,4,700020000,900020000,0,False,True,False,4,0.0,-46.19369457774004,0.3507301870076858,0.09685453585775625,624.0312163476306,200.0,47.583333333333336,0.1667359643284462,0.0,0.0,5329.563186650219,0.0,1.0,1.0,0.0,0.0,0.0,,0,142592545.14911875,4,,0,0.0,4,out_of_propellant,none,4,0.0,-46.19369457774004,0.3507301870076858,0.09685453585775625,624.0312163476306,200.0,47.583333333333336,0.1667359643284462,0.0,0.0,5329.563186650219,0.0,1.0,1.0,0.0,0.0,0.0,,0,142592545.14911875,4,,0,0.0,4,out_of_propellant,none,4,0.0,-46.19369457774004,0.3507301870076858,0.09685453585775625,624.0312163476306,200.0,47.583333333333336,0.1667359643284462,0.0,0.0,5329.563186650219,0.0,1.0,1.0,0.0,0.0,0.0,,0,142592545.14911875,4,,0,0.0,4,out_of_propellant,none,,,,,,,,,,,,,,,,,,,,,,
22f0a22ed2f7,my_pilot,max_thrust,nep_kilopower,leo_geo_transfer,reference,3,max_thrust@nep_kilopower,nuclear,50000,4,ok,False,3,best,return,0,7994,0,2.9700095183216035e-07,5.011893397999302,5.015244853000695,0.0,0.15871970901935128,39.67992725483782,0.0,0,3,4,700030000,900030000,0,False,True,False,4,0.0,-46.309602150869665,0.2810674114176395,0.0960475092209789,618.0144756375513,200.0,47.583333333333336,0.1667359643284462,0.0,0.0,5332.503017130683,0.0,1.0,1.0,0.0,0.0,0.0,,0,142592545.14911875,4,,0,0.0,4,out_of_propellant,none,4,0.0,-46.309602150869665,0.2810674114176395,0.0960475092209789,618.0144756375513,200.0,47.583333333333336,0.1667359643284462,0.0,0.0,5332.503017130683,0.0,1.0,1.0,0.0,0.0,0.0,,0,142592545.14911875,4,,0,0.0,4,out_of_propellant,none,4,0.0,-46.309602150869665,0.2810674114176395,0.0960475092209789,618.0144756375513,200.0,47.583333333333336,0.1667359643284462,0.0,0.0,5332.503017130683,0.0,1.0,1.0,0.0,0.0,0.0,,0,142592545.14911875,4,,0,0.0,4,out_of_propellant,none,,,,,,,,,,,,,,,,,,,,,,
482d1f7726d0,my_pilot,max_thrust,nep_kilopower,leo_geo_transfer,reference,4,max_thrust@nep_kilopower,nuclear,50000,4,ok,False,3,best,return,0,7994,0,3.6100027500651777e-07,5.015857410000535,5.019040963999942,0.0,0.15557542298483895,38.89385574620974,0.0,0,3,4,700040000,900040000,0,False,True,False,4,0.0,-46.03369913677106,0.25419084126947394,0.09793162250987061,632.2540736178055,200.0,47.583333333333336,0.1667359643284462,0.0,0.0,5324.8588559394,0.0,1.0,1.0,0.0,0.0,0.0,,0,142592545.14911875,4,,0,0.0,4,out_of_propellant,none,4,0.0,-46.03369913677106,0.25419084126947394,0.09793162250987061,632.2540736178055,200.0,47.583333333333336,0.1667359643284462,0.0,0.0,5324.8588559394,0.0,1.0,1.0,0.0,0.0,0.0,,0,142592545.14911875,4,,0,0.0,4,out_of_propellant,none,4,0.0,-46.03369913677106,0.25419084126947394,0.09793162250987061,632.2540736178055,200.0,47.583333333333336,0.1667359643284462,0.0,0.0,5324.8588559394,0.0,1.0,1.0,0.0,0.0,0.0,,0,142592545.14911875,4,,0,0.0,4,out_of_propellant,none,,,,,,,,,,,,,,,,,,,,,,
8a3110eb5f05,my_pilot,max_thrust,nep_kilopower,leo_geo_transfer,reference,5,max_thrust@nep_kilopower,nuclear,50000,4,ok,False,3,best,return,0,7994,0,3.249988367315382e-07,5.250822149000669,5.254254581999703,0.0,0.18366405096821836,45.91601274205459,0.0,0,3,4,700050000,900050000,0,False,True,False,4,0.0,-46.31268450560326,0.22291572900909085,0.09597262389706904,618.1937785332761,200.0,47.583333333333336,0.1667359643284462,0.0,0.0,5338.5699098600235,0.0,1.0,1.0,0.0,0.0,0.0,,0,142592545.14911875,4,,0,0.0,4,out_of_propellant,none,4,0.0,-46.31268450560326,0.22291572900909085,0.09597262389706904,618.1937785332761,200.0,47.583333333333336,0.1667359643284462,0.0,0.0,5338.5699098600235,0.0,1.0,1.0,0.0,0.0,0.0,,0,142592545.14911875,4,,0,0.0,4,out_of_propellant,none,4,0.0,-46.31268450560326,0.22291572900909085,0.09597262389706904,618.1937785332761,200.0,47.583333333333336,0.1667359643284462,0.0,0.0,5338.5699098600235,0.0,1.0,1.0,0.0,0.0,0.0,,0,142592545.14911875,4,,0,0.0,4,out_of_propellant,none,,,,,,,,,,,,,,,,,,,,,,
216dc47b6ab7,my_pilot,max_thrust,nep_kilopower,leo_geo_transfer,reference,6,max_thrust@nep_kilopower,nuclear,50000,4,ok,False,3,best,return,0,7994,0,4.410012479638681e-07,5.397060311999667,5.400293139000496,0.0,0.16016408798350312,40.04102199587578,0.0,0,3,4,700060000,900060000,0,False,True,False,4,0.0,-46.39280743831502,0.272925044841746,0.09524514298444067,613.4741362315318,200.0,47.583333333333336,0.1667359643284462,0.0,0.0,5337.103784390913,0.0,1.0,1.0,0.0,0.0,0.0,,0,142592545.14911875,4,,0,0.0,4,out_of_propellant,none,4,0.0,-46.39280743831502,0.272925044841746,0.09524514298444067,613.4741362315318,200.0,47.583333333333336,0.1667359643284462,0.0,0.0,5337.103784390913,0.0,1.0,1.0,0.0,0.0,0.0,,0,142592545.14911875,4,,0,0.0,4,out_of_propellant,none,4,0.0,-46.39280743831502,0.272925044841746,0.09524514298444067,613.4741362315318,200.0,47.583333333333336,0.1667359643284462,0.0,0.0,5337.103784390913,0.0,1.0,1.0,0.0,0.0,0.0,,0,142592545.14911875,4,,0,0.0,4,out_of_propellant,none,,,,,,,,,,,,,,,,,,,,,,
9493fff09c36,my_pilot,random,nep_kilopower,leo_geo_transfer,reference,7,random@nep_kilopower,nuclear,50000,4,ok,False,3,best,return,0,40849,0,3.469995135674253e-07,28.34064941699944,28.344293210000615,0.0,0.8708466470106941,217.71166175267354,0.0,0,3,4,700070000,900070000,0,False,True,False,4,0.0,-63.26020447622908,0.18821889057611105,0.0,789.9460391560165,199.9999999999999,242.52083333333334,0.16668245006405769,0.0,0.0,5909.020273527311,0.0,0.5020334611924572,0.010435752951329175,0.009574366259570127,0.4971665372740621,0.774206186345609,,0,155958027.50941634,4,,0,0.0,4,out_of_propellant,power,4,0.0,-63.26020447622908,0.18821889057611105,0.0,789.9460391560165,199.9999999999999,242.52083333333334,0.16668245006405769,0.0,0.0,5909.020273527311,0.0,0.5020334611924572,0.010435752951329175,0.009574366259570127,0.4971665372740621,0.774206186345609,,0,155958027.50941634,4,,0,0.0,4,out_of_propellant,power,4,0.0,-63.26020447622908,0.18821889057611105,0.0,789.9460391560165,199.9999999999999,242.52083333333334,0.16668245006405769,0.0,0.0,5909.020273527311,0.0,0.5020334611924572,0.010435752951329175,0.009574366259570127,0.4971665372740621,0.774206186345609,,0,155958027.50941634,4,,0,0.0,4,out_of_propellant,power,,,,,,,,,,,,,,,,,,,,,,
5af160a99562,my_pilot,max_thrust,nep_kilopower,leo_geo_transfer,reference,7,max_thrust@nep_kilopower,nuclear,50000,4,ok,False,3,best,return,0,7994,0,3.8299913285300136e-07,5.36077457600004,5.3637273000003916,0.0,0.16382830198017473,40.95707549504368,0.0,0,3,4,700070000,900070000,0,False,True,False,4,0.0,-46.20497828290291,0.22444617489205473,0.09706020196588153,623.9157731502312,200.0,47.583333333333336,0.1667359643284462,0.0,0.0,5328.788924159192,0.0,1.0,1.0,0.0,0.0,0.0,,0,142592545.14911875,4,,0,0.0,4,out_of_propellant,none,4,0.0,-46.20497828290291,0.22444617489205473,0.09706020196588153,623.9157731502312,200.0,47.583333333333336,0.1667359643284462,0.0,0.0,5328.788924159192,0.0,1.0,1.0,0.0,0.0,0.0,,0,142592545.14911875,4,,0,0.0,4,out_of_propellant,none,4,0.0,-46.20497828290291,0.22444617489205473,0.09706020196588153,623.9157731502312,200.0,47.583333333333336,0.1667359643284462,0.0,0.0,5328.788924159192,0.0,1.0,1.0,0.0,0.0,0.0,,0,142592545.14911875,4,,0,0.0,4,out_of_propellant,none,,,,,,,,,,,,,,,,,,,,,,
d319b2da4ba7,my_pilot,prograde,nep_kilopower,leo_geo_transfer,reference,0,prograde@nep_kilopower,nuclear,50000,4,ok,False,3,best,return,0,13699,0,2.9900002118665725e-07,8.77332835299967,8.776889828001003,0.0,0.2600423279145616,65.0105819786404,0.0,0,3,4,700000000,900000000,0,False,True,False,4,0.0,-43.30876076163838,0.2592738089139748,0.12756513633340213,822.9445550845766,199.99999999999997,81.54166666666667,0.16672995851367395,0.0,0.0,5149.264403577738,0.0,1.0,1.0,0.0,0.5,0.0,,0,144908496.36939463,4,,0,0.0,4,out_of_propellant,none,4,0.0,-43.30876076163838,0.2592738089139748,0.12756513633340213,822.9445550845766,199.99999999999997,81.54166666666667,0.16672995851367395,0.0,0.0,5149.264403577738,0.0,1.0,1.0,0.0,0.5,0.0,,0,144908496.36939463,4,,0,0.0,4,out_of_propellant,none,4,0.0,-43.30876076163838,0.2592738089139748,0.12756513633340213,822.9445550845766,199.99999999999997,81.54166666666667,0.16672995851367395,0.0,0.0,5149.264403577738,0.0,1.0,1.0,0.0,0.5,0.0,,0,144908496.36939463,4,,0,0.0,4,out_of_propellant,none,,,,,,,,,,,,,,,,,,,,,,
5d997c320567,my_pilot,prograde,nep_kilopower,leo_geo_transfer,reference,1,prograde@nep_kilopower,nuclear,50000,4,ok,False,3,best,return,0,13699,0,3.0500086722895503e-07,8.434325173000616,8.437255042001198,0.0,0.24148474103458284,60.37118525864571,0.0,0,3,4,700010000,900010000,0,False,True,False,4,0.0,-43.438668820607184,0.3518758799870623,0.1265994662335227,816.6019854418747,199.99999999999997,81.54166666666667,0.16672995851367395,0.0,0.0,5154.835639432036,0.0,1.0,1.0,0.0,0.5,0.0,,0,144908496.36939463,4,,0,0.0,4,out_of_propellant,none,4,0.0,-43.438668820607184,0.3518758799870623,0.1265994662335227,816.6019854418747,199.99999999999997,81.54166666666667,0.16672995851367395,0.0,0.0,5154.835639432036,0.0,1.0,1.0,0.0,0.5,0.0,,0,144908496.36939463,4,,0,0.0,4,out_of_propellant,none,4,0.0,-43.438668820607184,0.3518758799870623,0.1265994662335227,816.6019854418747,199.99999999999997,81.54166666666667,0.16672995851367395,0.0,0.0,5154.835639432036,0.0,1.0,1.0,0.0,0.5,0.0,,0,144908496.36939463,4,,0,0.0,4,out_of_propellant,none,,,,,,,,,,,,,,,,,,,,,,
cd72eda22a2a,my_pilot,prograde,nep_kilopower,leo_geo_transfer,reference,3,prograde@nep_kilopower,nuclear,50000,4,ok,False,3,best,return,0,13699,0,3.149998519802466e-07,8.47722483400139,8.480788429998938,0.0,0.2588686390536168,64.7171597634042,0.0,0,3,4,700030000,900030000,0,False,True,False,4,0.0,-43.5222380983584,0.39124889877941643,0.12608001176996544,812.2901404634197,199.99999999999997,81.54166666666667,0.16672995851367395,0.0,0.0,5155.335930773918,0.0,1.0,1.0,0.0,0.5,0.0,,0,144908496.36939463,4,,0,0.0,4,out_of_propellant,none,4,0.0,-43.5222380983584,0.39124889877941643,0.12608001176996544,812.2901404634197,199.99999999999997,81.54166666666667,0.16672995851367395,0.0,0.0,5155.335930773918,0.0,1.0,1.0,0.0,0.5,0.0,,0,144908496.36939463,4,,0,0.0,4,out_of_propellant,none,4,0.0,-43.5222380983584,0.39124889877941643,0.12608001176996544,812.2901404634197,199.99999999999997,81.54166666666667,0.16672995851367395,0.0,0.0,5155.335930773918,0.0,1.0,1.0,0.0,0.5,0.0,,0,144908496.36939463,4,,0,0.0,4,out_of_propellant,none,,,,,,,,,,,,,,,,,,,,,,
fc83db7152e8,my_pilot,prograde,nep_kilopower,leo_geo_transfer,reference,2,prograde@nep_kilopower,nuclear,50000,4,ok,False,3,best,return,0,13699,0,5.750007403548807e-07,8.76380686399898,8.766872457001227,0.0,0.24540048396556813,61.35012099139203,0.0,0,3,4,700020000,900020000,0,False,True,False,4,0.0,-43.36340689697781,0.49519134939353926,0.1271450334461477,820.1982710156709,199.99999999999997,81.54166666666667,0.16672995851367395,0.0,0.0,5150.81568839274,0.0,1.0,1.0,0.0,0.5,0.0,,0,144908496.36939463,4,,0,0.0,4,out_of_propellant,none,4,0.0,-43.36340689697781,0.49519134939353926,0.1271450334461477,820.1982710156709,199.99999999999997,81.54166666666667,0.16672995851367395,0.0,0.0,5150.81568839274,0.0,1.0,1.0,0.0,0.5,0.0,,0,144908496.36939463,4,,0,0.0,4,out_of_propellant,none,4,0.0,-43.36340689697781,0.49519134939353926,0.1271450334461477,820.1982710156709,199.99999999999997,81.54166666666667,0.16672995851367395,0.0,0.0,5150.81568839274,0.0,1.0,1.0,0.0,0.5,0.0,,0,144908496.36939463,4,,0,0.0,4,out_of_propellant,none,,,,,,,,,,,,,,,,,,,,,,
bec531d4ac34,my_pilot,prograde,nep_kilopower,leo_geo_transfer,reference,4,prograde@nep_kilopower,nuclear,50000,4,ok,False,3,best,return,0,13699,0,2.8399881557561457e-07,8.536249972998121,8.539573477000886,0.0,0.24211906906202785,60.52976726550696,0.0,0,3,4,700040000,900040000,0,False,True,False,4,0.0,-43.13718636537357,0.35345886551409017,0.12864154739669165,831.0060209152348,199.99999999999997,81.54166666666667,0.16672995851367395,0.0,0.0,5143.57648188976,0.0,1.0,1.0,0.0,0.5,0.0,,0,144908496.36939463,4,,0,0.0,4,out_of_propellant,none,4,0.0,-43.13718636537357,0.35345886551409017,0.12864154739669165,831.0060209152348,199.99999999999997,81.54166666666667,0.16672995851367395,0.0,0.0,5143.57648188976,0.0,1.0,1.0,0.0,0.5,0.0,,0,144908496.36939463,4,,0,0.0,4,out_of_propellant,none,4,0.0,-43.13718636537357,0.35345886551409017,0.12864154739669165,831.0060209152348,199.99999999999997,81.54166666666667,0.16672995851367395,0.0,0.0,5143.57648188976,0.0,1.0,1.0,0.0,0.5,0.0,,0,144908496.36939463,4,,0,0.0,4,out_of_propellant,none,,,,,,,,,,,,,,,,,,,,,,
34cfa461c70f,my_pilot,prograde,nep_kilopower,leo_geo_transfer,reference,5,prograde@nep_kilopower,nuclear,50000,4,ok,False,3,best,return,0,13699,0,3.0800038075540215e-07,8.462026702998628,8.46548956100014,0.0,0.2355049198904453,58.87622997261133,0.0,0,3,4,700050000,900050000,0,False,True,False,4,0.0,-43.52972827223396,0.3107208343416234,0.12596740064586723,812.5258080409533,199.99999999999997,81.54166666666667,0.16672995851367395,0.0,0.0,5161.438757584804,0.0,1.0,1.0,0.0,0.5,0.0,,0,144908496.36939463,4,,0,0.0,4,out_of_propellant,none,4,0.0,-43.52972827223396,0.3107208343416234,0.12596740064586723,812.5258080409533,199.99999999999997,81.54166666666667,0.16672995851367395,0.0,0.0,5161.438757584804,0.0,1.0,1.0,0.0,0.5,0.0,,0,144908496.36939463,4,,0,0.0,4,out_of_propellant,none,4,0.0,-43.52972827223396,0.3107208343416234,0.12596740064586723,812.5258080409533,199.99999999999997,81.54166666666667,0.16672995851367395,0.0,0.0,5161.438757584804,0.0,1.0,1.0,0.0,0.5,0.0,,0,144908496.36939463,4,,0,0.0,4,out_of_propellant,none,,,,,,,,,,,,,,,,,,,,,,
1b9ac2cc583b,my_pilot,prograde,nep_kilopower,leo_geo_transfer,reference,6,prograde@nep_kilopower,nuclear,50000,4,ok,False,3,best,return,0,13699,0,4.859994078287855e-07,8.500498450999658,8.503430331000345,0.0,0.25376793396753783,63.44198349188446,0.0,0,3,4,700060000,900060000,0,False,True,False,4,0.0,-43.638011819338615,0.37513230885599125,0.12507842230704794,806.322524688624,199.99999999999997,81.54166666666667,0.16672995851367395,0.0,0.0,5161.12306943689,0.0,1.0,1.0,0.0,0.5,0.0,,0,144908496.36939463,4,,0,0.0,4,out_of_propellant,none,4,0.0,-43.638011819338615,0.37513230885599125,0.12507842230704794,806.322524688624,199.99999999999997,81.54166666666667,0.16672995851367395,0.0,0.0,5161.12306943689,0.0,1.0,1.0,0.0,0.5,0.0,,0,144908496.36939463,4,,0,0.0,4,out_of_propellant,none,4,0.0,-43.638011819338615,0.37513230885599125,0.12507842230704794,806.322524688624,199.99999999999997,81.54166666666667,0.16672995851367395,0.0,0.0,5161.12306943689,0.0,1.0,1.0,0.0,0.5,0.0,,0,144908496.36939463,4,,0,0.0,4,out_of_propellant,none,,,,,,,,,,,,,,,,,,,,,,
cc10c792d9c8,my_pilot,prograde,nep_kilopower,leo_geo_transfer,reference,7,prograde@nep_kilopower,nuclear,50000,4,ok,False,3,best,return,0,13699,0,3.2600109989289194e-07,8.50640420399941,8.509534784998323,0.0,0.24530811600197922,61.327029000494804,0.0,0,3,4,700070000,900070000,0,False,True,False,4,0.0,-43.378415165816335,0.31288208315610916,0.1273267256825514,820.0465377234461,199.99999999999997,81.54166666666667,0.16672995851367395,0.0,0.0,5150.168500892739,0.0,1.0,1.0,0.0,0.5,0.0,,0,144908496.36939463,4,,0,0.0,4,out_of_propellant,none,4,0.0,-43.378415165816335,0.31288208315610916,0.1273267256825514,820.0465377234461,199.99999999999997,81.54166666666667,0.16672995851367395,0.0,0.0,5150.168500892739,0.0,1.0,1.0,0.0,0.5,0.0,,0,144908496.36939463,4,,0,0.0,4,out_of_propellant,none,4,0.0,-43.378415165816335,0.31288208315610916,0.1273267256825514,820.0465377234461,199.99999999999997,81.54166666666667,0.16672995851367395,0.0,0.0,5150.168500892739,0.0,1.0,1.0,0.0,0.5,0.0,,0,144908496.36939463,4,,0,0.0,4,out_of_propellant,none,,,,,,,,,,,,,,,,,,,,,,
b3dc084dc5cd,my_pilot,edelbaum,nep_kilopower,leo_geo_transfer,reference,0,edelbaum@nep_kilopower,nuclear,50000,4,ok,False,3,best,return,0,15386,0,2.750002749962732e-07,9.657236491000731,9.66050799200093,0.0,0.3519721098618902,87.99302746547255,0.0,0,3,4,700000000,900000000,0,False,True,False,4,0.0,-44.03942783339337,0.22919320957836556,0.12305526938353337,872.2927862100724,200.0,91.58333333333333,0.16667330866517693,0.0,0.0,5175.882109720787,0.0,1.0,1.0,0.0,0.6499999761581421,0.0,,0,145594323.21616378,4,,0,0.0,4,out_of_propellant,none,4,0.0,-44.03942783339337,0.22919320957836556,0.12305526938353337,872.2927862100724,200.0,91.58333333333333,0.16667330866517693,0.0,0.0,5175.882109720787,0.0,1.0,1.0,0.0,0.6499999761581421,0.0,,0,145594323.21616378,4,,0,0.0,4,out_of_propellant,none,4,0.0,-44.03942783339337,0.22919320957836556,0.12305526938353337,872.2927862100724,200.0,91.58333333333333,0.16667330866517693,0.0,0.0,5175.882109720787,0.0,1.0,1.0,0.0,0.6499999761581421,0.0,,0,145594323.21616378,4,,0,0.0,4,out_of_propellant,none,,,,,,,,,,,,,,,,,,,,,,
9066451a2227,my_pilot,edelbaum,nep_kilopower,leo_geo_transfer,reference,1,edelbaum@nep_kilopower,nuclear,50000,4,ok,False,3,best,return,0,15386,0,2.830001903930679e-07,9.441247836999537,9.44423881700095,0.0,0.3292390390579385,82.30975976448462,0.0,0,3,4,700010000,900010000,0,False,True,False,4,0.0,-44.180428579486815,0.33169876385029773,0.1220066997626669,865.5698815973842,200.0,91.58333333333333,0.16667330866517693,0.0,0.0,5181.942838683295,0.0,1.0,1.0,0.0,0.6499999761581421,0.0,,0,145594323.21616378,4,,0,0.0,4,out_of_propellant,none,4,0.0,-44.180428579486815,0.33169876385029773,0.1220066997626669,865.5698815973842,200.0,91.58333333333333,0.16667330866517693,0.0,0.0,5181.942838683295,0.0,1.0,1.0,0.0,0.6499999761581421,0.0,,0,145594323.21616378,4,,0,0.0,4,out_of_propellant,none,4,0.0,-44.180428579486815,0.33169876385029773,0.1220066997626669,865.5698815973842,200.0,91.58333333333333,0.16667330866517693,0.0,0.0,5181.942838683295,0.0,1.0,1.0,0.0,0.6499999761581421,0.0,,0,145594323.21616378,4,,0,0.0,4,out_of_propellant,none,,,,,,,,,,,,,,,,,,,,,,
e262b6529105,my_pilot,edelbaum,nep_kilopower,leo_geo_transfer,reference,2,edelbaum@nep_kilopower,nuclear,50000,4,ok,False,3,best,return,0,15386,0,3.0999945010989904e-07,9.718705302999297,9.726750964999155,0.0,0.36204044396436075,90.51011099109019,0.0,0,3,4,700020000,900020000,0,False,True,False,4,0.0,-44.191801616775074,0.4290939749150945,0.12181236068812534,869.3818200126652,200.0,91.58333333333333,0.16667330866517693,0.0,0.0,5182.286259517601,0.0,1.0,1.0,0.0,0.6499999761581421,0.0,,0,145594323.21616378,4,,0,0.0,4,out_of_propellant,none,4,0.0,-44.191801616775074,0.4290939749150945,0.12181236068812534,869.3818200126652,200.0,91.58333333333333,0.16667330866517693,0.0,0.0,5182.286259517601,0.0,1.0,1.0,0.0,0.6499999761581421,0.0,,0,145594323.21616378,4,,0,0.0,4,out_of_propellant,none,4,0.0,-44.191801616775074,0.4290939749150945,0.12181236068812534,869.3818200126652,200.0,91.58333333333333,0.16667330866517693,0.0,0.0,5182.286259517601,0.0,1.0,1.0,0.0,0.6499999761581421,0.0,,0,145594323.21616378,4,,0,0.0,4,out_of_propellant,none,,,,,,,,,,,,,,,,,,,,,,
7dd98c1e9399,my_pilot,edelbaum,nep_kilopower,leo_geo_transfer,reference,3,edelbaum@nep_kilopower,nuclear,50000,4,ok,False,3,best,return,0,15386,0,3.5999983083456755e-07,9.629240525999194,9.632470549999198,0.0,0.3351811519223702,83.79528798059255,0.0,0,3,4,700030000,900030000,0,False,True,False,4,0.0,-44.33059772910616,0.38209911328266205,0.12092859978901124,860.9994749439562,200.0,91.58333333333333,0.16667330866517693,0.0,0.0,5185.723697198198,0.0,1.0,1.0,0.0,0.6499999761581421,0.0,,0,145594323.21616378,4,,0,0.0,4,out_of_propellant,none,4,0.0,-44.33059772910616,0.38209911328266205,0.12092859978901124,860.9994749439562,200.0,91.58333333333333,0.16667330866517693,0.0,0.0,5185.723697198198,0.0,1.0,1.0,0.0,0.6499999761581421,0.0,,0,145594323.21616378,4,,0,0.0,4,out_of_propellant,none,4,0.0,-44.33059772910616,0.38209911328266205,0.12092859978901124,860.9994749439562,200.0,91.58333333333333,0.16667330866517693,0.0,0.0,5185.723697198198,0.0,1.0,1.0,0.0,0.6499999761581421,0.0,,0,145594323.21616378,4,,0,0.0,4,out_of_propellant,none,,,,,,,,,,,,,,,,,,,,,,
b21f1c29a7e5,my_pilot,edelbaum,nep_kilopower,leo_geo_transfer,reference,4,edelbaum@nep_kilopower,nuclear,50000,4,ok,False,3,best,return,0,15386,0,2.749984560068697e-07,9.646823494998898,9.649939613000242,0.0,0.34037306424397684,85.09326606099421,0.0,0,3,4,700040000,900040000,0,False,True,False,4,0.0,-43.855934540302925,0.3493283180769367,0.12421674191291121,880.8376613744013,200.0,91.58333333333333,0.16667330866517693,0.0,0.0,5169.69662780486,0.0,1.0,1.0,0.0,0.6499999761581421,0.0,,0,145594323.21616378,4,,0,0.0,4,out_of_propellant,none,4,0.0,-43.855934540302925,0.3493283180769367,0.12421674191291121,880.8376613744013,200.0,91.58333333333333,0.16667330866517693,0.0,0.0,5169.69662780486,0.0,1.0,1.0,0.0,0.6499999761581421,0.0,,0,145594323.21616378,4,,0,0.0,4,out_of_propellant,none,4,0.0,-43.855934540302925,0.3493283180769367,0.12421674191291121,880.8376613744013,200.0,91.58333333333333,0.16667330866517693,0.0,0.0,5169.69662780486,0.0,1.0,1.0,0.0,0.6499999761581421,0.0,,0,145594323.21616378,4,,0,0.0,4,out_of_propellant,none,,,,,,,,,,,,,,,,,,,,,,
daf0a170f6fc,my_pilot,edelbaum,nep_kilopower,leo_geo_transfer,reference,5,edelbaum@nep_kilopower,nuclear,50000,4,ok,False,3,best,return,0,15386,0,2.830001903930679e-07,9.642196075999891,9.645190709999952,0.0,0.3293159730583284,82.3289932645821,0.0,0,3,4,700050000,900050000,0,False,True,False,4,0.0,-44.26945060112182,0.31597550954407383,0.12139946587059561,861.2492744311216,200.0,91.58333333333333,0.16667330866517693,0.0,0.0,5188.414725281362,0.0,1.0,1.0,0.0,0.6499999761581421,0.0,,0,145594323.21616378,4,,0,0.0,4,out_of_propellant,none,4,0.0,-44.26945060112182,0.31597550954407383,0.12139946587059561,861.2492744311216,200.0,91.58333333333333,0.16667330866517693,0.0,0.0,5188.414725281362,0.0,1.0,1.0,0.0,0.6499999761581421,0.0,,0,145594323.21616378,4,,0,0.0,4,out_of_propellant,none,4,0.0,-44.26945060112182,0.31597550954407383,0.12139946587059561,861.2492744311216,200.0,91.58333333333333,0.16667330866517693,0.0,0.0,5188.414725281362,0.0,1.0,1.0,0.0,0.6499999761581421,0.0,,0,145594323.21616378,4,,0,0.0,4,out_of_propellant,none,,,,,,,,,,,,,,,,,,,,,,
606d7c5506d3,my_pilot,edelbaum,nep_kilopower,leo_geo_transfer,reference,7,edelbaum@nep_kilopower,nuclear,50000,4,ok,False,3,best,return,0,15386,0,6.749996828148142e-07,9.733800694997626,9.736738345000049,0.0,0.3343898319944856,83.5974579986214,0.0,0,3,4,700070000,900070000,0,False,True,False,4,0.0,-44.140009838283,0.3230262368015173,0.12255992889050057,869.2209879670343,200.0,91.58333333333333,0.16667330866517693,0.0,0.0,5178.301033330226,0.0,1.0,1.0,0.0,0.6499999761581421,0.0,,0,145594323.21616378,4,,0,0.0,4,out_of_propellant,none,4,0.0,-44.140009838283,0.3230262368015173,0.12255992889050057,869.2209879670343,200.0,91.58333333333333,0.16667330866517693,0.0,0.0,5178.301033330226,0.0,1.0,1.0,0.0,0.6499999761581421,0.0,,0,145594323.21616378,4,,0,0.0,4,out_of_propellant,none,4,0.0,-44.140009838283,0.3230262368015173,0.12255992889050057,869.2209879670343,200.0,91.58333333333333,0.16667330866517693,0.0,0.0,5178.301033330226,0.0,1.0,1.0,0.0,0.6499999761581421,0.0,,0,145594323.21616378,4,,0,0.0,4,out_of_propellant,none,,,,,,,,,,,,,,,,,,,,,,
e64be9ebd5b1,my_pilot,edelbaum,nep_kilopower,leo_geo_transfer,reference,6,edelbaum@nep_kilopower,nuclear,50000,4,ok,False,3,best,return,0,15386,0,2.710003172978759e-07,9.898716668998532,9.901884150000114,0.0,0.3432205149456422,85.80512873641055,0.0,0,3,4,700060000,900060000,0,False,True,False,4,0.0,-44.422146229613816,0.38570587316371446,0.12014225908109455,854.6740084722896,200.0,91.58333333333333,0.16667330866517693,0.0,0.0,5190.240114864588,0.0,1.0,1.0,0.0,0.6499999761581421,0.0,,0,145594323.21616378,4,,0,0.0,4,out_of_propellant,none,4,0.0,-44.422146229613816,0.38570587316371446,0.12014225908109455,854.6740084722896,200.0,91.58333333333333,0.16667330866517693,0.0,0.0,5190.240114864588,0.0,1.0,1.0,0.0,0.6499999761581421,0.0,,0,145594323.21616378,4,,0,0.0,4,out_of_propellant,none,4,0.0,-44.422146229613816,0.38570587316371446,0.12014225908109455,854.6740084722896,200.0,91.58333333333333,0.16667330866517693,0.0,0.0,5190.240114864588,0.0,1.0,1.0,0.0,0.6499999761581421,0.0,,0,145594323.21616378,4,,0,0.0,4,out_of_propellant,none,,,,,,,,,,,,,,,,,,,,,,
f0e6ec905be1,my_pilot,ppo,nep_kilopower,leo_geo_transfer,reference,3,ppo@nep_kilopower,nuclear,50000,4,ok,True,3,best,return,50000,332880,50000,259.3002235109998,272.46129914200174,338.68262609500016,0.024492623004334746,16.56497864616358,0.3312730710775854,0.0,152075,3,4,700030000,900030000,0,True,True,False,4,0.0,-3.447474555070449,0.3745415895106306,0.12002991995433876,773.7799094440293,190.77308261887413,365.0,0.1752,26.0,0.0,5191.026420504259,0.0,0.49861144995801665,0.0,0.0,0.5012918165659523,0.9997716894977169,,0,164395883.29802942,4,,0,0.0,4,timeout,power,4,0.0,-13.656447952591714,0.03677104685749494,0.0012184004949894467,25.840346003562868,6.811656297774081,365.0,0.1752,0.0,0.0,5891.915728515183,0.0,0.07810481619685207,0.0,0.0,0.41679955738252156,0.9984018264840182,,0,163420905.9692378,4,,0,0.0,4,timeout,power,4,0.0,-3.447474555070449,0.3745415895106306,0.12002991995433876,773.7799094440293,190.77308261887413,365.0,0.1752,26.0,0.0,5191.026420504259,0.0,0.49861144995801665,0.0,0.0,0.5012918165659523,0.9997716894977169,,0,164395883.29802942,4,,0,0.0,4,timeout,power,,-0.02773521361668827,0.003991270449478179,6.746567295491696,0.018892305227927862,0.26796875,-0.036089301109313965,10.0,0.0,0.0,24.0,49152.0,-0.07077760994434357,,,,,,,,,
f05014d98ce8,my_pilot,ppo,nep_kilopower,leo_geo_transfer,reference,0,ppo@nep_kilopower,nuclear,50000,4,ok,True,3,best,return,50000,385440,50000,286.4069698550011,292.94247469699803,358.8362034359998,0.024210068997490453,16.880616422940875,0.33758532163308685,0.0,152075,3,4,700000000,900000000,0,True,True,False,4,0.0,-3.2358729872348335,0.23978493523469016,0.1215178564988243,784.0529230084924,190.80486253618142,365.0,0.1752,34.5,0.0,5184.956579087358,0.0,0.49864320898488096,0.0,0.0,0.5012622210635169,0.9997716894977169,,0,164396051.72844175,4,,0,0.0,4,timeout,power,4,0.0,-12.264533421674958,0.1319378281892027,0.0,2.0365561574536075,0.4307480650312251,365.0,0.02957,0.0,0.0,5905.435934767782,0.0,0.009778844367831808,0.0,0.8594463470319635,0.9433680309076288,0.12077625570776256,,0,163387087.7879569,4,,0,0.0,4,timeout,power,4,0.0,-3.2358729872348335,0.23978493523469016,0.1215178564988243,784.0529230084924,190.80486253618142,365.0,0.1752,34.5,0.0,5184.956579087358,0.0,0.49864320898488096,0.0,0.0,0.5012622210635169,0.9997716894977169,,0,164396051.72844175,4,,0,0.0,4,timeout,power,,-0.017187636527523864,0.011207861926231999,7.074472001194954,0.014935800404055044,0.218798828125,0.9049789905548096,10.0,0.0,0.0,24.0,49152.0,-0.008242780342698097,,,,,,,,,
b9c3eccfd0a9,my_pilot,ppo,nep_kilopower,leo_geo_transfer,reference,2,ppo@nep_kilopower,nuclear,50000,4,ok,True,3,best,return,50000,371200,50000,288.7285549240005,299.9978456860026,367.1149178230007,0.02402657800121233,15.720638272277938,0.31438761443640384,0.0,152075,3,4,700020000,900020000,0,True,True,False,4,0.0,-3.284760029778853,0.4583011675761601,0.12119261211103063,781.3853955908279,190.79052730282507,365.0,0.1752,44.5,0.0,5185.941783360596,0.0,0.49863074633917986,0.0,0.0,0.5012862261758955,0.9997716894977169,,0,164395975.75312558,4,,0,0.0,4,timeout,power,4,0.0,-31.961871104876032,25.230276791651733,0.0721648488937209,620.2055535818104,149.63272662559274,329.4375,0.1709431394386286,0.0,0.0,5475.448041771024,0.0,0.3998154357375764,0.0,0.0,0.46013695951229155,0.8767667155684302,,0,161709724.1783709,4,,0,0.0,4,out_of_propellant,power,4,0.0,-3.284760029778853,0.4583011675761601,0.12119261211103063,781.3853955908279,190.79052730282507,365.0,0.1752,44.5,0.0,5185.941783360596,0.0,0.49863074633917986,0.0,0.0,0.5012862261758955,0.9997716894977169,,0,164395975.75312558,4,,0,0.0,4,timeout,power,,-0.023187959246570244,0.0026899063585005935,6.851412528753281,0.015627819474320858,0.225927734375,0.466020405292511,10.0,0.0,0.0,24.0,49152.0,-0.053293872624635696,,,,,,,,,
76c4ee3df349,my_pilot,ppo,nep_kilopower,leo_geo_transfer,reference,1,ppo@nep_kilopower,nuclear,50000,4,ok,True,3,best,return,50000,379310,50000,294.16206227600014,303.84016670500205,370.4605776039989,0.02697097900272638,15.895059994067196,0.31787576981975835,0.0,152075,3,4,700010000,900010000,0,True,True,False,4,0.0,-3.3510133047466564,0.3348083270572365,0.1206601370471227,778.047845098379,190.81273718758507,365.0,0.1752,32.75,0.0,5189.889719670286,0.0,0.4986538829188369,0.0,0.0,0.5012616714709289,0.9997716894977169,,0,164396093.46331382,4,,0,0.0,4,timeout,power,4,0.0,-7.709863802371043,1.499714176688453,0.07672490144916058,630.5897340645417,153.05859382881346,365.0,0.1752,51.5,0.0,5449.203222674799,0.0,0.44011423068214633,0.0,0.0,0.6710860389050896,0.9579337899543379,,0,164196000.24497515,4,,0,0.0,4,timeout,power,4,0.0,-3.3510133047466564,0.3348083270572365,0.1206601370471227,778.047845098379,190.81273718758507,365.0,0.1752,32.75,0.0,5189.889719670286,0.0,0.4986538829188369,0.0,0.0,0.5012616714709289,0.9997716894977169,,0,164396093.46331382,4,,0,0.0,4,timeout,power,,-0.017589618639613037,0.14842737121798563,6.794427432119846,0.021139394494821318,0.281103515625,0.21201640367507935,10.0,0.0,0.0,24.0,49152.0,-0.06318847835063934,,,,,,,,,
b650f0ab6a46,my_pilot,ppo,nep_kilopower,leo_geo_transfer,reference,6,ppo@nep_kilopower,nuclear,50000,4,ok,True,3,best,return,50000,359160,50000,266.78865032200156,271.0247183069969,336.20441087400104,0.02361535600357456,15.732512346952717,0.3146250769328997,0.0,152075,3,4,700060000,900060000,0,True,True,False,4,0.0,-3.547606615917721,0.36006833333514665,0.11914448620205781,768.2247359574637,190.80648807512162,365.0,0.1752,18.5,0.0,5196.126656543482,0.0,0.4986507217599649,0.0,0.0,0.5012661320263665,0.9997716894977169,,0,164396060.34363702,4,,0,0.0,4,timeout,power,4,0.0,-12.673096840231658,0.465778131700598,0.00030511108674288745,4.623824042462189,1.1006435819432472,365.0,0.07108,0.0,0.0,5901.459429214649,0.0,0.02161029914317474,0.0,0.6409531963470321,0.5409767520507653,0.31201484018264836,,0,163390638.16780937,4,,0,0.0,4,timeout,power,4,0.0,-3.547606615917721,0.36006833333514665,0.11914448620205781,768.2247359574637,190.80648807512162,365.0,0.1752,18.5,0.0,5196.126656543482,0.0,0.4986507217599649,0.0,0.0,0.5012661320263665,0.9997716894977169,,0,164396060.34363702,4,,0,0.0,4,timeout,power,,-0.019057949422858655,0.0007217545753519516,6.845800372958183,0.01363654789456632,0.196142578125,0.7344221472740173,10.0,0.0,0.0,24.0,49152.0,-0.050990987569093704,,,,,,,,,
9db21553e5f6,my_pilot,ppo,nep_kilopower,leo_geo_transfer,reference,4,ppo@nep_kilopower,nuclear,50000,4,ok,True,3,best,return,50000,375590,50000,292.4650176019986,300.4096691100003,366.70778361299926,0.023824049998438568,16.002169111336116,0.32001778080425797,0.0,152075,3,4,700040000,900040000,0,True,True,False,4,0.0,-3.0704871872323705,0.33086329473731646,0.12256027769888997,791.796028827714,190.82080536880883,365.0,0.1752,51.25,0.0,5179.475099258912,0.0,0.4986586868507813,0.0,0.0,0.5012440933612043,0.9997716894977169,,0,164396136.2238747,4,,0,0.0,4,timeout,power,4,0.0,-27.257493507198518,24.93245161576781,0.01150026825486311,520.6403258963337,131.37256800672426,362.6770833333333,0.17059,0.0,0.0,5835.143700485908,0.0,0.3776930603148846,0.0003710045662100457,0.02394406392694064,0.4248023564880714,0.9673230593607305,,0,163919493.02790248,4,,0,0.0,4,timeout,power,4,0.0,-3.0704871872323705,0.33086329473731646,0.12256027769888997,791.796028827714,190.82080536880883,365.0,0.1752,51.25,0.0,5179.475099258912,0.0,0.4986586868507813,0.0,0.0,0.5012440933612043,0.9997716894977169,,0,164396136.2238747,4,,0,0.0,4,timeout,power,,-0.017536257438769097,0.001580251262839738,6.814398197829723,0.014011511264834553,0.206494140625,0.9264692068099976,10.0,0.0,0.0,24.0,49152.0,-0.05761543661355972,,,,,,,,,
9e21ecd89588,my_pilot,ppo,nep_kilopower,leo_geo_transfer,reference,7,ppo@nep_kilopower,nuclear,50000,4,ok,True,3,best,return,50000,349542,50000,264.6669057729996,274.16423354900144,339.32826185999875,0.02378842900361633,15.299819903964817,0.3059719203256703,0.0,152075,3,4,700070000,900070000,0,True,True,False,4,0.0,-3.2986061333601446,0.2914955067422372,0.12132863267899013,781.2689769919301,190.79807591394143,365.0,0.1752,42.25,0.0,5185.566641359353,0.0,0.49863821514648254,0.0,0.0,0.5012740746888941,0.9997716894977169,,0,164396015.76001644,4,,0,0.0,4,timeout,power,4,0.0,-12.418534613066898,0.7985489868472838,0.01655605190531137,172.71157724313366,39.48971293907251,365.0,0.16719499999999998,0.0,0.0,5803.886822912118,0.0,0.2251559196023024,0.0,0.051312785388127856,0.7598298979701993,0.9427511415525114,,0,163594096.4310177,4,,0,0.0,4,timeout,power,4,0.0,-3.2986061333601446,0.2914955067422372,0.12132863267899013,781.2689769919301,190.79807591394143,365.0,0.1752,42.25,0.0,5185.566641359353,0.0,0.49863821514648254,0.0,0.0,0.5012740746888941,0.9997716894977169,,0,164396015.76001644,4,,0,0.0,4,timeout,power,,-0.023154619098932017,0.003931399822977255,6.866482722759247,0.014073455808102153,0.207080078125,0.8681955337524414,10.0,0.0,0.0,24.0,49152.0,-0.04718650132417679,,,,,,,,,
c6cb2ef2bb9c,my_pilot,ppo,nep_kilopower,leo_geo_transfer,reference,5,ppo@nep_kilopower,nuclear,50000,4,ok,True,3,best,return,50000,388894,50000,307.1840114990009,308.49981058800404,375.54915621500004,0.02376734399877023,15.463681291177636,0.3092488859126797,0.0,152075,3,4,700050000,900050000,0,True,True,False,4,0.0,-3.445809088077845,0.2914700512065553,0.11995936448046093,773.9545415314327,190.75961404303936,365.0,0.1752,0.75,0.0,5196.918662124941,0.0,0.4985967128065555,0.0,0.0,0.5013032960369503,0.9997716894977169,,0,164395811.91591224,4,,0,0.0,4,timeout,power,4,0.0,-54.05406861251281,1.404823192342537,0.10099635895516135,864.1169104658768,200.0,316.6145833333333,0.16668067121971872,0.0,0.0,5308.876103381973,0.0,0.5319886497253512,0.0,0.0,0.6834436566507714,0.7848773336592763,,0,161083995.31604332,4,,0,0.0,4,out_of_propellant,power,4,0.0,-3.445809088077845,0.2914700512065553,0.11995936448046093,773.9545415314327,190.75961404303936,365.0,0.1752,0.75,0.0,5196.918662124941,0.0,0.4985967128065555,0.0,0.0,0.5013032960369503,0.9997716894977169,,0,164395811.91591224,4,,0,0.0,4,timeout,power,,-0.01725491250253981,0.0040697689324588286,6.794898609817028,0.012471269912202843,0.187060546875,0.9034330248832703,10.0,0.0,0.0,24.0,49152.0,-0.06208796426653862,,,,,,,,,
0d25eb3200d0,my_pilot,sac,nep_kilopower,leo_geo_transfer,reference,2,sac@nep_kilopower,nuclear,50000,4,ok,True,3,best,return,50000,232543,50000,572.3310170919995,166.87521707100314,618.8134506129991,410.997599170998,7.581089710960441,0.15160966544597315,0.0,231437,3,4,700020000,900020000,0,True,True,False,4,0.0,-3.148581456728188,0.45737764844808787,0.12285594035013814,792.2603536416648,193.41681677817473,365.0,0.1752,70.0,0.0,5176.126192363731,0.0,0.502098213986719,0.0,0.0,0.5014853223818078,0.9997716894977169,,0,164409894.82707775,4,,0,0.0,4,timeout,power,4,0.0,-57.06618540704836,28.983285207615726,0.0,794.7679699392031,191.30035487740042,212.08333333333334,0.16615355198003323,0.25,0.0,5974.021804926824,0.0,0.6337603430511914,0.15982319862583047,0.008276255707762557,0.6730118310021298,0.4372686721873167,,0,153841154.4869138,4,,0,0.0,4,out_of_propellant,power,4,0.0,-3.148581456728188,0.45737764844808787,0.12285594035013814,792.2603536416648,193.41681677817473,365.0,0.1752,70.0,0.0,5176.126192363731,0.0,0.502098213986719,0.0,0.0,0.5014853223818078,0.9997716894977169,,0,164409894.82707775,4,,0,0.0,4,timeout,power,,,,-4.804256439208984,,,,,,,50000.0,50000.0,,0.008361412212252617,-7.017844200134277,0.0012242569355294108,6.909600734710693,6.894515514373779,6.880397796630859,0.006253603845834732,50000.0,0.0
a3e95a8b1789,my_pilot,sac,nep_kilopower,leo_geo_transfer,reference,1,sac@nep_kilopower,nuclear,50000,4,ok,True,3,best,return,50000,269720,50000,578.0635793130004,196.99848819100043,643.8356117250005,405.44759916300063,8.87106704366488,0.17740714830143348,0.0,231437,3,4,700010000,900010000,0,True,True,False,4,0.0,-3.2116495417969197,0.33504170045788784,0.12233768835420414,788.8099884645098,193.42241283462354,365.0,0.1752,57.75,0.0,5179.988663465045,0.0,0.5021035074677369,0.0,0.0,0.5014803630950516,0.9997716894977169,,0,164409924.48562235,4,,0,0.0,4,timeout,power,4,0.0,-26.71713146089683,23.48480231475557,0.0025343784504813227,451.1941987853587,112.97183893802699,320.1979166666667,0.17308804359964572,0.0,0.0,5902.75814496887,0.0,0.3564784059752889,0.00014168282095315923,0.026170091324200916,0.5811665464989971,0.8171777155842015,,0,160885025.2004764,4,,0,0.0,4,timeout,power,4,0.0,-3.2116495417969197,0.33504170045788784,0.12233768835420414,788.8099884645098,193.42241283462354,365.0,0.1752,57.75,0.0,5179.988663465045,0.0,0.5021035074677369,0.0,0.0,0.5014803630950516,0.9997716894977169,,0,164409924.48562235,4,,0,0.0,4,timeout,power,,,,-5.30820894241333,,,,,,,50000.0,50000.0,,0.0027264514937996864,-1.1298305988311768,-0.0002072042116196826,1.1168361902236938,1.105117678642273,1.116671085357666,0.0006723805563524365,50000.0,0.0
5aeb6f41c3cf,my_pilot,sac,nep_kilopower,leo_geo_transfer,reference,0,sac@nep_kilopower,nuclear,50000,4,ok,True,3,best,return,50000,297702,50000,599.2280949790002,220.7337976910021,665.9975688100003,403.36595399900034,8.87178884891182,0.17742158325157625,0.0,231437,3,4,700000000,900000000,0,True,True,False,4,0.0,-3.0921901955002458,0.2422735355492705,0.1232296229736693,794.8917512330827,193.41184913679626,365.0,0.1752,59.25,0.0,5174.853582947988,0.0,0.5020903092694201,0.0,0.0,0.5014771651697758,0.9997716894977169,,0,164409868.49907073,4,,0,0.0,4,timeout,power,4,0.0,-53.5168325556157,24.263984418926217,0.000266310241722717,749.1597127596443,186.12075548344598,324.3333333333333,0.16896491044713816,0.0,0.0,5921.756236513545,0.0,0.4088767019344062,0.0037331193956566824,0.0,0.6766564942463096,0.7889409516868663,,0,161550762.94939342,4,,0,0.0,4,out_of_propellant,power,4,0.0,-3.0921901955002458,0.2422735355492705,0.1232296229736693,794.8917512330827,193.41184913679626,365.0,0.1752,59.25,0.0,5174.853582947988,0.0,0.5020903092694201,0.0,0.0,0.5014771651697758,0.9997716894977169,,0,164409868.49907073,4,,0,0.0,4,timeout,power,,,,-4.311717987060547,,,,,,,50000.0,50000.0,,0.001326774014160037,-3.0819005966186523,0.0017580839339643717,3.0444388389587402,3.049072027206421,3.0504939556121826,0.0025541651993989944,50000.0,0.0
80ff4378f9a8,my_pilot,sac,nep_kilopower,leo_geo_transfer,reference,3,sac@nep_kilopower,nuclear,50000,4,ok,True,3,best,return,50000,280320,50000,582.2914465949998,208.09443652899972,655.0109502779997,405.2288365739987,9.313111122937698,0.18624732267294014,0.0,231437,3,4,700030000,900030000,0,True,True,False,4,0.0,-3.3034845187079216,0.37289567569607657,0.12174216438056706,784.5467383235016,193.39772503649004,365.0,0.1752,46.25,0.0,5180.925457969078,0.0,0.5020763477710284,0.0,0.0,0.5014936437532647,0.9997716894977169,,0,164409793.64273885,4,,0,0.0,4,timeout,power,4,0.0,-14.521285597955043,0.35591550502648484,0.002392094122227517,260.1276179513129,60.85454687305583,365.0,0.1752,0.0,0.0,5886.749550149254,0.0,0.17801726945425006,0.0,0.2582762557077626,0.5382259852418753,0.602568493150685,,0,163707327.93359733,4,,0,0.0,4,timeout,power,4,0.0,-3.3034845187079216,0.37289567569607657,0.12174216438056706,784.5467383235016,193.39772503649004,365.0,0.1752,46.25,0.0,5180.925457969078,0.0,0.5020763477710284,0.0,0.0,0.5014936437532647,0.9997716894977169,,0,164409793.64273885,4,,0,0.0,4,timeout,power,,,,-5.123243808746338,,,,,,,50000.0,50000.0,,0.0005853123730048537,-1.352624535560608,-3.802227001870051e-05,1.3255236148834229,1.328825831413269,1.3228096961975098,0.0003084719937760383,50000.0,0.0
b6036dd13536,my_pilot,sac,nep_kilopower,leo_geo_transfer,reference,4,sac@nep_kilopower,nuclear,50000,4,ok,True,3,best,return,50000,227680,50000,570.4070994199992,161.91897148700446,614.8881394830005,411.4122967330004,7.176180316073442,0.14351212535144073,0.0,231437,3,4,700040000,900040000,0,True,True,False,4,0.0,-2.929764746051202,0.33383528167486026,0.1242625208588832,802.7043890662167,193.41914170416024,365.0,0.1752,85.0,0.0,5169.426238178496,0.0,0.5020971169295512,0.0,0.0,0.5014681870475003,0.9997716894977169,,0,164409907.14895508,4,,0,0.0,4,timeout,power,4,0.0,-68.28066912222164,11.854559578399789,0.0,671.4603192597418,190.01540312516903,161.95833333333331,0.15836697630195296,42.75,0.5042899285012852,5997.4340391401665,0.0,0.5601429165474745,0.033886303061092984,0.0014253221708106845,0.2777184226051685,0.7194209699264231,,0,150363572.83840036,4,,0,0.0,4,out_of_propellant,power,4,0.0,-2.929764746051202,0.33383528167486026,0.1242625208588832,802.7043890662167,193.41914170416024,365.0,0.1752,85.0,0.0,5169.426238178496,0.0,0.5020971169295512,0.0,0.0,0.5014681870475003,0.9997716894977169,,0,164409907.14895508,4,,0,0.0,4,timeout,power,,,,-5.297484397888184,,,,,,,50000.0,50000.0,,0.09358803927898407,-31.64950942993164,-0.005613126792013645,31.234603881835938,31.281776428222656,31.276626586914062,0.01886834390461445,50000.0,0.0
cc7771cf38cd,my_pilot,sac,nep_kilopower,leo_geo_transfer,reference,5,sac@nep_kilopower,nuclear,50000,4,ok,True,3,best,return,50000,224144,50000,559.1217131669982,157.52909988599822,608.662783623,409.26403864799795,7.612082986232053,0.15222948136613176,0.0,231437,3,4,700050000,900050000,0,True,True,False,4,0.0,-3.3033453748381882,0.29919550740706047,0.12163694273021411,784.7992011357843,193.40362456804218,365.0,0.1752,14.75,0.0,5187.0117745671205,0.0,0.5020834218710661,0.0,0.0,0.5014947264161829,0.9997716894977169,,0,164409824.90967143,4,,0,0.0,4,timeout,power,4,0.0,-69.1373987546824,9.719905499801293,0.0,727.7705798950435,184.45818477809934,209.29166666666666,0.153745018918045,0.25,0.0,5970.205662457066,0.0,0.5440896177745912,0.020934367996047268,0.0179303070808369,0.47011902388971066,0.5915863821213347,,0,153602369.5876054,4,,0,0.0,4,out_of_propellant,power,4,0.0,-3.3033453748381882,0.29919550740706047,0.12163694273021411,784.7992011357843,193.40362456804218,365.0,0.1752,14.75,0.0,5187.0117745671205,0.0,0.5020834218710661,0.0,0.0,0.5014947264161829,0.9997716894977169,,0,164409824.90967143,4,,0,0.0,4,timeout,power,,,,-5.145985126495361,,,,,,,50000.0,50000.0,,0.04031394422054291,-30.79279136657715,-0.0025099357590079308,30.436717987060547,30.45423126220703,30.44590950012207,0.01719222217798233,50000.0,0.0
03e70975d4b4,my_pilot,sac,nep_kilopower,leo_geo_transfer,reference,7,sac@nep_kilopower,nuclear,50000,4,ok,True,3,best,return,50000,206113,50000,560.9652966739995,148.49210424200464,598.2243649129996,407.36556775299687,6.852344324970545,0.13703592362552086,0.0,231437,3,4,700070000,900070000,0,True,True,False,4,0.0,-3.1606249693651236,0.28971618847242103,0.12300691670394703,792.1147726875053,193.4171813181752,365.0,0.1752,76.25,0.0,5175.662176004751,0.0,0.5020976460194342,0.0,0.0,0.501479154284278,0.9997716894977169,,0,164409896.75910363,4,,0,0.0,4,timeout,power,4,0.0,-66.58124000579963,12.602394619246082,0.0008198015407696047,779.172216373784,195.0026844213367,122.92708333333334,0.16253868871402238,0.25,0.0,5967.398074764686,0.0,0.7273189025168274,0.09805193654627242,0.007056145675265554,0.5485606604447855,0.33035847426002873,,0,147712923.1299167,4,,0,0.0,4,out_of_propellant,power,4,0.0,-3.1606249693651236,0.28971618847242103,0.12300691670394703,792.1147726875053,193.4171813181752,365.0,0.1752,76.25,0.0,5175.662176004751,0.0,0.5020976460194342,0.0,0.0,0.501479154284278,0.9997716894977169,,0,164409896.75910363,4,,0,0.0,4,timeout,power,,,,-5.045340538024902,,,,,,,50000.0,50000.0,,0.05412488430738449,-30.047086715698242,-0.00045742036309093237,29.8135929107666,29.807300567626953,29.80636215209961,0.010088070295751095,50000.0,0.0
b90f36e45b45,my_pilot,sac,nep_kilopower,leo_geo_transfer,reference,6,sac@nep_kilopower,nuclear,50000,4,ok,True,3,best,return,50000,284092,50000,591.8238379089998,203.96807438000178,658.8578024899998,412.9754697439985,8.799730000311683,0.1759805215645085,0.0,231437,3,4,700060000,900060000,0,True,True,False,4,0.0,-3.4086780745534693,0.3635667289253891,0.12079962341126385,778.78192327228,193.39748243750816,365.0,0.1752,34.75,0.0,5186.363151474553,0.0,0.502076328294054,0.0,0.0,0.5014894971930206,0.9997716894977169,,0,164409792.35698825,4,,0,0.0,4,timeout,power,4,0.0,-15.541478165880026,0.9025415983908628,0.0038377706109715415,471.3804193827568,114.9495645824868,365.0,0.1752,0.0,0.0,5889.0231906277895,0.0,0.28817173368106147,0.0029394977168949767,0.16175799086757991,0.5385612772998813,0.7679794520547946,,0,163994026.166602,4,,0,0.0,4,timeout,power,4,0.0,-3.4086780745534693,0.3635667289253891,0.12079962341126385,778.78192327228,193.39748243750816,365.0,0.1752,34.75,0.0,5186.363151474553,0.0,0.502076328294054,0.0,0.0,0.5014894971930206,0.9997716894977169,,0,164409792.35698825,4,,0,0.0,4,timeout,power,,,,-5.242269992828369,,,,,,,50000.0,50000.0,,0.00336081231944263,-5.64536190032959,-0.00037787394830957055,5.579392910003662,5.573139667510986,5.60789680480957,0.001559732249006629,50000.0,0.0
